no,pair_id,turn_count,history,response,label
1,P001,3,"친구: 요즘 계속 내가 먼저 연락하는 것 같아서 조금 지쳐.
나: 어떤 점이 가장 서운했어?
친구: 약속을 잡을 때도 늘 내가 먼저 물어보는 게 힘들어.",그럼 당분간 네가 먼저 연락하지 말고 상대가 어떻게 하는지 지켜봐.,적절
2,P001,3,"친구: 요즘 계속 내가 먼저 연락하는 것 같아서 조금 지쳐.
나: 어떤 점이 가장 서운했어?
친구: 약속을 잡을 때도 늘 내가 먼저 물어보는 게 힘들어.",오늘 저녁에 치킨 시킬 건데 양념이 나을까 후라이드가 나을까?,부적절
3,P002,3,"동료: 방금 공유한 파일에서 숫자가 하나 다르게 보여요.
나: 어느 부분인지 알려주세요.
동료: 매출 합계가 원본보다 20만 원 크게 잡혔어요.",확인해볼게요. 합계 수식과 원본 범위를 먼저 비교하겠습니다.,적절
4,P002,3,"동료: 방금 공유한 파일에서 숫자가 하나 다르게 보여요.
나: 어느 부분인지 알려주세요.
동료: 매출 합계가 원본보다 20만 원 크게 잡혔어요.",저는 고양이보다 강아지가 더 귀엽다고 생각해요.,부적절
5,P003,3,"형: 내가 놓친 게 있는지 봐줬으면 해.
나: 그래, 내가 할 수 있는 건지 말해줘.
형: 이 얘기를 어디서부터 풀어야 할지 모르겠어. 조금만 들어줘.",지금은 좀 바빠. 나중에 이야기하자. 지금은 길게 듣기 어려워.,적절
6,P003,3,"형: 내가 놓친 게 있는지 봐줬으면 해.
나: 그래, 내가 할 수 있는 건지 말해줘.
형: 이 얘기를 어디서부터 풀어야 할지 모르겠어. 조금만 들어줘.",그러고 보니 이번 주말 비 온대? 우산 챙겨야겠다.,부적절
7,P004,3,"친구: 내 입장도 한번 설명하고 싶어.
나: 응, 네 입장부터 말해봐.
친구: 늦어질 때 한마디라도 남겨줄 수 있어?",기본적인 것도 왜 매번 설명해줘야 해? 그래도 다음부터는 늦으면 연락할게.,적절
8,P004,3,"친구: 내 입장도 한번 설명하고 싶어.
나: 응, 네 입장부터 말해봐.
친구: 늦어질 때 한마디라도 남겨줄 수 있어?",요즘 휴대폰 배터리가 너무 빨리 닳더라.,부적절
9,P005,3,"팀원: 오늘 안에 화면 수정까지 끝낼 수 있을까요?
나: 남은 작업이 얼마나 돼요?
팀원: 버튼 위치와 문구만 바꾸면 됩니다.",그 정도면 오늘 안에 가능할 것 같아요. 수정 후 바로 공유할게요.,적절
10,P005,3,"팀원: 오늘 안에 화면 수정까지 끝낼 수 있을까요?
나: 남은 작업이 얼마나 돼요?
팀원: 버튼 위치와 문구만 바꾸면 됩니다.",저는 매운 음식을 잘 못 먹어서 떡볶이는 순한 맛으로 먹어요.,부적절
11,P006,3,"엄마: 병원 예약 날짜가 언제였지?
나: 문자 확인해볼게.
엄마: 다음 주였던 것 같은데 정확히 기억이 안 나.",문자 보니까 다음 주 수요일 오전 10시야.,적절
12,P006,3,"엄마: 병원 예약 날짜가 언제였지?
나: 문자 확인해볼게.
엄마: 다음 주였던 것 같은데 정확히 기억이 안 나.",냉장고에 우유가 거의 다 떨어졌어.,부적절
13,P007,3,"친구: 면접 결과가 아직 안 와서 계속 신경 쓰여.
나: 안내받은 발표일은 지났어?
친구: 어제까지 준다고 했는데 연락이 없어.",하루 정도 더 기다려보고 내일 담당자에게 정중히 문의해보는 게 좋겠다.,적절
14,P007,3,"친구: 면접 결과가 아직 안 와서 계속 신경 쓰여.
나: 안내받은 발표일은 지났어?
친구: 어제까지 준다고 했는데 연락이 없어.",지난번에 본 영화 결말이 좀 아쉽더라.,부적절
15,P008,3,"선배: 발표 자료에서 핵심 기능 설명이 너무 길어 보여.
나: 어느 부분을 줄이면 좋을까요?
선배: 구현 과정은 줄이고 결과를 앞에 두는 게 좋겠어.",알겠습니다. 결과를 먼저 보여주고 구현 과정은 핵심만 남길게요.,적절
16,P008,3,"선배: 발표 자료에서 핵심 기능 설명이 너무 길어 보여.
나: 어느 부분을 줄이면 좋을까요?
선배: 구현 과정은 줄이고 결과를 앞에 두는 게 좋겠어.",저는 아침마다 알람을 세 개씩 맞춰놔요.,부적절
17,P009,3,"연인: 오늘 연락이 늦어서 걱정했어.
나: 미안해, 회의가 길어졌어.
연인: 늦어질 것 같으면 미리 말해주면 좋겠어.",알겠어. 다음부터는 회의 들어가기 전에 늦을 수 있다고 남길게.,적절
18,P009,3,"연인: 오늘 연락이 늦어서 걱정했어.
나: 미안해, 회의가 길어졌어.
연인: 늦어질 것 같으면 미리 말해주면 좋겠어.",근처에 새로 생긴 카페가 사진이 잘 나온대.,부적절
19,P010,3,"고객: 주문한 상품이 아직 도착하지 않았어요.
나: 주문번호를 확인해주시겠어요?
고객: 20260730-1582입니다.",배송 상태를 조회해보고 지연 사유와 예상 도착일을 안내드리겠습니다.,적절
20,P010,3,"고객: 주문한 상품이 아직 도착하지 않았어요.
나: 주문번호를 확인해주시겠어요?
고객: 20260730-1582입니다.",여름에는 역시 냉면이 제일 맛있는 것 같아요.,부적절
21,P011,3,"친구: 내가 어제 말이 너무 심했던 것 같아.
나: 어떤 말을 했는데?
친구: 화가 나서 다시는 보지 말자고 했어.",그 말이 진심이 아니었다면 감정이 가라앉은 뒤 솔직하게 사과해봐.,적절
22,P011,3,"친구: 내가 어제 말이 너무 심했던 것 같아.
나: 어떤 말을 했는데?
친구: 화가 나서 다시는 보지 말자고 했어.",내 운동화 끈이 자꾸 풀려서 불편해.,부적절
23,P012,3,"팀장: 현재 모델 정확도가 어느 정도인가요?
나: 검증 결과를 정리하고 있습니다.
팀장: 오늘 회의 전에 대략적인 수치라도 알려주세요.","현재 검증셋 기준 약 82%이고, 세부 지표는 회의 전에 정리해 공유하겠습니다.",적절
24,P012,3,"팀장: 현재 모델 정확도가 어느 정도인가요?
나: 검증 결과를 정리하고 있습니다.
팀장: 오늘 회의 전에 대략적인 수치라도 알려주세요.",회의실 에어컨이 너무 세서 추운 것 같아요.,부적절
25,P013,3,"동생: 노트북이 갑자기 너무 느려졌어.
나: 최근에 설치한 프로그램 있어?
동생: 어제 영상 편집 프로그램을 하나 설치했어.","작업 관리자에서 점유율을 확인하고, 그 프로그램이 계속 실행 중인지 먼저 봐봐.",적절
26,P013,3,"동생: 노트북이 갑자기 너무 느려졌어.
나: 최근에 설치한 프로그램 있어?
동생: 어제 영상 편집 프로그램을 하나 설치했어.",나는 딸기우유보다 초코우유가 좋아.,부적절
27,P014,3,"친구: 여행 날짜를 바꿔야 할 것 같아.
나: 무슨 일이 생겼어?
친구: 그날 회사 일정이 잡혔어.",회사 일정이 확정이면 가능한 다른 날짜를 같이 찾아보자.,적절
28,P014,3,"친구: 여행 날짜를 바꿔야 할 것 같아.
나: 무슨 일이 생겼어?
친구: 그날 회사 일정이 잡혔어.",내 방 커튼 색을 베이지로 바꿀까 고민 중이야.,부적절
29,P015,3,"담당자: 제출하신 서류에 서명이 빠져 있습니다.
나: 다시 제출해야 하나요?
담당자: 서명한 파일만 오늘까지 보내주시면 됩니다.",확인했습니다. 서명한 파일을 오늘 안으로 다시 보내겠습니다.,적절
30,P015,3,"담당자: 제출하신 서류에 서명이 빠져 있습니다.
나: 다시 제출해야 하나요?
담당자: 서명한 파일만 오늘까지 보내주시면 됩니다.",요즘 지하철에 사람이 정말 많네요.,부적절
31,P016,3,"친구: 자꾸 같은 실수를 해서 자신감이 떨어져.
나: 어떤 실수를 반복했어?
친구: 발표할 때 중요한 내용을 빼먹어.",발표 직전에 확인할 짧은 체크리스트를 만들어두면 도움이 될 거야.,적절
32,P016,3,"친구: 자꾸 같은 실수를 해서 자신감이 떨어져.
나: 어떤 실수를 반복했어?
친구: 발표할 때 중요한 내용을 빼먹어.",나는 여름보다 겨울이 더 좋아.,부적절
33,P017,3,"동료: 회의 시간이 3시에서 4시로 바뀌었습니다.
나: 장소는 그대로인가요?
동료: 네, 2층 회의실입니다.",확인했습니다. 4시에 2층 회의실로 가겠습니다.,적절
34,P017,3,"동료: 회의 시간이 3시에서 4시로 바뀌었습니다.
나: 장소는 그대로인가요?
동료: 네, 2층 회의실입니다.",점심 메뉴는 아직 정하지 못했어요.,부적절
35,P018,3,"친구: 오늘 약속에 조금 늦을 것 같아.
나: 얼마나 늦을 것 같아?
친구: 20분 정도 늦을 것 같아.",알겠어. 나는 근처에서 기다리고 있을게.,적절
36,P018,3,"친구: 오늘 약속에 조금 늦을 것 같아.
나: 얼마나 늦을 것 같아?
친구: 20분 정도 늦을 것 같아.",내일 아침에 택배가 온다고 문자 왔어.,부적절
37,P019,3,"교수: 보고서에서 참고문헌 형식을 통일하세요.
나: 어떤 형식으로 맞추면 될까요?
교수: 학과 안내문에 나온 APA 형식을 사용하세요.",안내문을 확인해서 참고문헌을 APA 형식으로 수정하겠습니다.,적절
38,P019,3,"교수: 보고서에서 참고문헌 형식을 통일하세요.
나: 어떤 형식으로 맞추면 될까요?
교수: 학과 안내문에 나온 APA 형식을 사용하세요.",학교 앞 붕어빵집이 아직 영업하나 모르겠네요.,부적절
39,P020,3,"친구: 집주인이 보증금 반환 날짜를 계속 미뤄.
나: 계약서에는 언제 돌려준다고 되어 있어?
친구: 퇴거일에 반환한다고 적혀 있어.",계약서 내용과 지금까지의 연락 기록을 정리해서 반환 일정을 다시 요구해봐.,적절
40,P020,3,"친구: 집주인이 보증금 반환 날짜를 계속 미뤄.
나: 계약서에는 언제 돌려준다고 되어 있어?
친구: 퇴거일에 반환한다고 적혀 있어.",요즘 넷플릭스에 볼 게 별로 없는 것 같아.,부적절
41,P021,3,"팀원: 데이터에 같은 문장이 여러 번 들어가 있어요.
나: 중복이 얼마나 되나요?
팀원: 전체 500개 중 18개 정도입니다.","중복 기준을 정한 뒤 제거하고, 제거 후 라벨 비율도 다시 확인하죠.",적절
42,P021,3,"팀원: 데이터에 같은 문장이 여러 번 들어가 있어요.
나: 중복이 얼마나 되나요?
팀원: 전체 500개 중 18개 정도입니다.",키보드 소리가 생각보다 크게 들리네요.,부적절
43,P022,3,"친구: 부모님과 진로 이야기만 하면 싸우게 돼.
나: 부모님은 어떤 걸 걱정하셔?
친구: 안정적인 직장을 포기할까 봐 걱정하셔.",부모님 걱정을 인정하면서 네 계획과 준비 과정을 구체적으로 설명해보는 게 좋겠다.,적절
44,P022,3,"친구: 부모님과 진로 이야기만 하면 싸우게 돼.
나: 부모님은 어떤 걸 걱정하셔?
친구: 안정적인 직장을 포기할까 봐 걱정하셔.",내가 오늘 새 양말을 신었는데 생각보다 편해.,부적절
45,P023,3,"관리자: 회원 탈퇴 기능에서 오류가 발생합니다.
나: 어떤 상황에서 발생하나요?
관리자: 탈퇴 버튼을 누르면 500 오류가 납니다.",서버 로그와 탈퇴 API 응답을 확인해서 예외가 발생한 위치를 찾겠습니다.,적절
46,P023,3,"관리자: 회원 탈퇴 기능에서 오류가 발생합니다.
나: 어떤 상황에서 발생하나요?
관리자: 탈퇴 버튼을 누르면 500 오류가 납니다.",창밖에 구름 모양이 신기하게 생겼어요.,부적절
47,P024,3,"친구: 내일 시험인데 아직 절반도 못 봤어.
나: 남은 시간이 얼마나 돼?
친구: 오늘 밤이랑 내일 아침 정도야.",전부 보려고 하기보다 빈출 범위와 틀린 문제부터 우선 정리해.,적절
48,P024,3,"친구: 내일 시험인데 아직 절반도 못 봤어.
나: 남은 시간이 얼마나 돼?
친구: 오늘 밤이랑 내일 아침 정도야.",나는 밤에 라면 먹으면 꼭 얼굴이 붓더라.,부적절
49,P025,3,"동료: 고객이 기능 사용법을 이해하기 어렵다고 합니다.
나: 어느 화면에서 막힌대요?
동료: 회원가입 후 인증 단계에서 많이 이탈한대요.",인증 화면 안내 문구와 오류 메시지를 먼저 점검해보죠.,적절
50,P025,3,"동료: 고객이 기능 사용법을 이해하기 어렵다고 합니다.
나: 어느 화면에서 막힌대요?
동료: 회원가입 후 인증 단계에서 많이 이탈한대요.",사무실 화분에 물을 준 지 오래된 것 같아요.,부적절
51,P026,3,"친구: 헤어진 뒤에도 자꾸 연락하고 싶어져.
나: 연락하면 어떤 답을 기대하는데?
친구: 다시 시작할 수 있다는 말을 듣고 싶어.","지금 연락이 실제로 관계를 바꿀 수 있는지, 아니면 불안을 잠깐 줄이려는 건지 먼저 생각해봐.",적절
52,P026,3,"친구: 헤어진 뒤에도 자꾸 연락하고 싶어져.
나: 연락하면 어떤 답을 기대하는데?
친구: 다시 시작할 수 있다는 말을 듣고 싶어.",나는 요즘 매일 아침 사과를 먹고 있어.,부적절
53,P027,3,"팀장: 이번 주까지 데이터셋 초안을 완성해야 합니다.
나: 현재 300개까지 작성했습니다.
팀장: 남은 분량과 검수 일정도 알려주세요.",남은 200개는 목요일까지 작성하고 금요일에 중복과 라벨을 검수하겠습니다.,적절
54,P027,3,"팀장: 이번 주까지 데이터셋 초안을 완성해야 합니다.
나: 현재 300개까지 작성했습니다.
팀장: 남은 분량과 검수 일정도 알려주세요.",주말에 공원에 사람이 많을 것 같아요.,부적절
55,P028,3,"친구: 새 회사에 적응이 잘 안 돼.
나: 업무가 어려운 거야, 사람들과 어색한 거야?
친구: 질문할 타이밍을 못 잡겠어.",질문을 모아두었다가 상대가 덜 바쁜 시간을 물어보고 한 번에 확인해봐.,적절
56,P028,3,"친구: 새 회사에 적응이 잘 안 돼.
나: 업무가 어려운 거야, 사람들과 어색한 거야?
친구: 질문할 타이밍을 못 잡겠어.",내 휴대폰 케이스가 벌써 누렇게 변했어.,부적절
57,P029,3,"고객: 환불 신청을 했는데 입금이 안 됐습니다.
나: 신청하신 날짜가 언제인가요?
고객: 지난주 금요일입니다.",환불 처리 상태와 카드사 반영 기간을 확인해서 안내드리겠습니다.,적절
58,P029,3,"고객: 환불 신청을 했는데 입금이 안 됐습니다.
나: 신청하신 날짜가 언제인가요?
고객: 지난주 금요일입니다.",이번 여름은 작년보다 더 더운 것 같네요.,부적절
59,P030,3,"친구: 내가 먼저 사과해야 할지 모르겠어.
나: 네가 잘못했다고 생각하는 부분이 있어?
친구: 화난다고 상대 말을 끊어버렸어.","그 부분은 먼저 사과하되, 네가 서운했던 이유도 차분히 설명해봐.",적절
60,P030,3,"친구: 내가 먼저 사과해야 할지 모르겠어.
나: 네가 잘못했다고 생각하는 부분이 있어?
친구: 화난다고 상대 말을 끊어버렸어.",새로 산 충전기가 생각보다 선이 짧아.,부적절
61,P031,3,"개발자: 로그인 요청이 계속 403으로 막힙니다.
나: Security 설정은 확인했나요?
개발자: 로그인 경로를 permitAll에 넣지 않았습니다.",그 경로를 허용 목록에 추가한 뒤 다시 요청해보세요.,적절
62,P031,3,"개발자: 로그인 요청이 계속 403으로 막힙니다.
나: Security 설정은 확인했나요?
개발자: 로그인 경로를 permitAll에 넣지 않았습니다.",오늘 점심은 김치찌개를 먹었습니다.,부적절
63,P032,3,"친구: 요즘 잠을 너무 늦게 자.
나: 보통 몇 시에 자는데?
친구: 새벽 네 시쯤 자고 정오에 일어나.",기상 시간을 먼저 조금씩 당기고 낮잠과 늦은 카페인을 줄여보는 게 좋겠어.,적절
64,P032,3,"친구: 요즘 잠을 너무 늦게 자.
나: 보통 몇 시에 자는데?
친구: 새벽 네 시쯤 자고 정오에 일어나.",우리 동네 편의점이 최근에 리모델링했어.,부적절
65,P033,3,"팀원: 학습 데이터와 테스트 데이터가 섞인 것 같아요.
나: 같은 문장이 양쪽에 있나요?
팀원: 문장 일부만 바뀐 유사 데이터가 있습니다.",유사도 기준으로 그룹화한 뒤 같은 그룹은 한쪽 분할에만 들어가도록 다시 나누죠.,적절
66,P033,3,"팀원: 학습 데이터와 테스트 데이터가 섞인 것 같아요.
나: 같은 문장이 양쪽에 있나요?
팀원: 문장 일부만 바뀐 유사 데이터가 있습니다.",저는 볼펜보다 샤프를 더 자주 사용해요.,부적절
67,P034,3,"친구: 생일 모임에 못 갈 것 같아.
나: 무슨 일정이 겹쳤어?
친구: 가족 행사가 같은 날 잡혔어.",가족 행사가 있으면 어쩔 수 있지. 미리 이야기하고 따로 축하해주면 될 것 같아.,적절
68,P034,3,"친구: 생일 모임에 못 갈 것 같아.
나: 무슨 일정이 겹쳤어?
친구: 가족 행사가 같은 날 잡혔어.",내 책상 의자가 요즘 자꾸 삐걱거려.,부적절
69,P035,3,"담당자: 인터뷰 시간을 변경할 수 있을까요?
나: 가능한 시간대를 알려주세요.
담당자: 금요일 오후 2시 이후는 모두 가능합니다.",금요일 오후 3시로 변경 가능한지 확인 부탁드립니다.,적절
70,P035,3,"담당자: 인터뷰 시간을 변경할 수 있을까요?
나: 가능한 시간대를 알려주세요.
담당자: 금요일 오후 2시 이후는 모두 가능합니다.",오늘 아침에는 유난히 길이 막혔어요.,부적절
71,P036,3,"친구: 운동을 시작했는데 삼일 만에 포기했어.
나: 처음부터 얼마나 하려고 했어?
친구: 매일 한 시간씩 하려고 했어.",처음부터 한 시간보다 15분씩 주 3회로 시작하는 게 더 지속하기 쉬워.,적절
72,P036,3,"친구: 운동을 시작했는데 삼일 만에 포기했어.
나: 처음부터 얼마나 하려고 했어?
친구: 매일 한 시간씩 하려고 했어.",나는 검은색 옷이 제일 무난해서 좋아.,부적절
73,P037,3,"동료: API 응답 필드명이 문서와 다릅니다.
나: 실제 응답은 어떻게 오나요?
동료: userId 대신 user_num으로 내려옵니다.",문서와 구현 중 기준을 정한 뒤 필드명을 통일해야겠습니다.,적절
74,P037,3,"동료: API 응답 필드명이 문서와 다릅니다.
나: 실제 응답은 어떻게 오나요?
동료: userId 대신 user_num으로 내려옵니다.",회의실 창문이 잘 안 닫히는 것 같아요.,부적절
75,P038,3,"친구: 내가 보낸 메시지를 읽고도 답이 없어.
나: 보낸 지 얼마나 됐어?
친구: 이틀 됐어.",급한 내용이 아니라면 한 번 더 보내기보다 상대가 답할 시간을 조금 더 줘봐.,적절
76,P038,3,"친구: 내가 보낸 메시지를 읽고도 답이 없어.
나: 보낸 지 얼마나 됐어?
친구: 이틀 됐어.",나는 요즘 탄산수를 자주 마셔.,부적절
77,P039,3,"팀장: 발표 시간이 10분밖에 없습니다.
나: 현재 대본은 15분 정도입니다.
팀장: 핵심 기능 중심으로 줄여주세요.",배경 설명을 줄이고 핵심 기능 세 가지와 결과 위주로 10분에 맞추겠습니다.,적절
78,P039,3,"팀장: 발표 시간이 10분밖에 없습니다.
나: 현재 대본은 15분 정도입니다.
팀장: 핵심 기능 중심으로 줄여주세요.",발표장 근처에 주차장이 있는지 궁금하네요.,부적절
79,P040,3,"친구: 자취방 계약을 연장할지 고민이야.
나: 지금 집에서 불편한 점이 있어?
친구: 월세가 올랐지만 위치는 정말 좋아.","오른 월세와 이사 비용, 위치의 장점을 같이 비교해보고 결정해.",적절
80,P040,3,"친구: 자취방 계약을 연장할지 고민이야.
나: 지금 집에서 불편한 점이 있어?
친구: 월세가 올랐지만 위치는 정말 좋아.",새로 나온 아이스크림 포장이 예쁘더라.,부적절
81,P041,3,"사용자: 비밀번호 재설정 메일이 오지 않습니다.
나: 스팸함도 확인하셨나요?
사용자: 네, 스팸함에도 없습니다.",가입 이메일과 발송 로그를 확인하고 재전송을 진행하겠습니다.,적절
82,P041,3,"사용자: 비밀번호 재설정 메일이 오지 않습니다.
나: 스팸함도 확인하셨나요?
사용자: 네, 스팸함에도 없습니다.",요즘 해가 정말 늦게 지는 것 같아요.,부적절
83,P042,3,"친구: 팀 프로젝트에서 내 의견이 계속 무시되는 기분이야.
나: 구체적으로 어떤 일이 있었어?
친구: 내가 제안한 기능은 듣지도 않고 바로 제외했어.",다음 회의에서는 제안 이유와 기대 효과를 짧게 정리해서 발언 시간을 요청해봐.,적절
84,P042,3,"친구: 팀 프로젝트에서 내 의견이 계속 무시되는 기분이야.
나: 구체적으로 어떤 일이 있었어?
친구: 내가 제안한 기능은 듣지도 않고 바로 제외했어.",내 방 조명이 조금 어두운 것 같아.,부적절
85,P043,3,"팀원: CSV 파일을 읽을 때 한글이 깨집니다.
나: 어떤 인코딩으로 저장됐나요?
팀원: 엑셀에서 저장한 파일이라 잘 모르겠습니다.",utf-8-sig와 cp949로 각각 읽어보고 실제 인코딩을 확인해봅시다.,적절
86,P043,3,"팀원: CSV 파일을 읽을 때 한글이 깨집니다.
나: 어떤 인코딩으로 저장됐나요?
팀원: 엑셀에서 저장한 파일이라 잘 모르겠습니다.",나는 오늘 검정색 운동화를 신었어요.,부적절
87,P044,3,"친구: 부모님 생신 선물을 뭘 해야 할지 모르겠어.
나: 평소 필요하다고 하신 게 있어?
친구: 오래된 지갑을 바꾸고 싶다고 하셨어.",예산에 맞는 지갑을 고르고 교환 가능한 곳에서 사는 게 좋겠다.,적절
88,P044,3,"친구: 부모님 생신 선물을 뭘 해야 할지 모르겠어.
나: 평소 필요하다고 하신 게 있어?
친구: 오래된 지갑을 바꾸고 싶다고 하셨어.",내일 미세먼지가 나쁠 수도 있대.,부적절
89,P045,3,"동료: 내일 회의 자료를 누가 준비하나요?
나: 역할 분담표를 확인해볼게요.
동료: 저는 데이터 정리를 맡았습니다.",그럼 저는 발표 자료 취합과 최종 검수를 맡겠습니다.,적절
90,P045,3,"동료: 내일 회의 자료를 누가 준비하나요?
나: 역할 분담표를 확인해볼게요.
동료: 저는 데이터 정리를 맡았습니다.",회사 앞 카페가 원두를 바꾼 것 같아요.,부적절
91,P046,3,"친구: 중요한 말을 꺼내면 자꾸 울게 돼.
나: 울면 말하기가 어려워져?
친구: 하고 싶은 말을 다 못하고 끝나.","미리 핵심 문장을 적어두고, 울더라도 그 메모를 보면서 천천히 말해봐.",적절
92,P046,3,"친구: 중요한 말을 꺼내면 자꾸 울게 돼.
나: 울면 말하기가 어려워져?
친구: 하고 싶은 말을 다 못하고 끝나.",나는 비 오는 날에는 부침개가 먹고 싶어.,부적절
93,P047,3,"개발자: 이미지 업로드는 되는데 화면에 표시되지 않습니다.
나: 저장된 경로와 응답 URL이 같은가요?
개발자: 서버에는 로컬 경로만 저장돼 있습니다.",클라이언트가 접근 가능한 URL로 변환해서 응답하도록 수정해야 합니다.,적절
94,P047,3,"개발자: 이미지 업로드는 되는데 화면에 표시되지 않습니다.
나: 저장된 경로와 응답 URL이 같은가요?
개발자: 서버에는 로컬 경로만 저장돼 있습니다.",제 모니터는 화면이 조금 푸르게 보여요.,부적절
95,P048,3,"친구: 약속을 취소해야 하는데 미안해서 말을 못 하겠어.
나: 언제 약속인데?
친구: 내일 저녁이야.",더 늦기 전에 사정을 솔직히 말하고 가능한 대체 날짜를 제안해.,적절
96,P048,3,"친구: 약속을 취소해야 하는데 미안해서 말을 못 하겠어.
나: 언제 약속인데?
친구: 내일 저녁이야.",나는 오늘 점심에 계란말이를 먹었어.,부적절
97,P049,3,"팀장: 모델이 특정 상황만 보고 라벨을 맞히는 것 같습니다.
나: 어떤 패턴이 발견됐나요?
팀장: 갈등 상황은 거의 모두 부적절로 분류합니다.",상황별 라벨 균형을 맞추고 같은 맥락에 서로 다른 라벨 응답을 넣어야겠습니다.,적절
98,P049,3,"팀장: 모델이 특정 상황만 보고 라벨을 맞히는 것 같습니다.
나: 어떤 패턴이 발견됐나요?
팀장: 갈등 상황은 거의 모두 부적절로 분류합니다.",사무실 프린터 용지가 거의 다 떨어졌습니다.,부적절
99,P050,3,"친구: 새로운 사람을 만나는 게 겁나.
나: 어떤 점이 가장 걱정돼?
친구: 또 상처받을까 봐 마음을 못 열겠어.","당장 깊은 관계를 만들려고 하지 말고, 부담 없는 만남부터 천천히 시작해봐.",적절
100,P050,3,"친구: 새로운 사람을 만나는 게 겁나.
나: 어떤 점이 가장 걱정돼?
친구: 또 상처받을까 봐 마음을 못 열겠어.",요즘 새로 나온 이어폰이 인기가 많더라.,부적절
101,P051,4,"팀장: 내일 오전까지 기획서 초안 볼 수 있을까요?
나: 네, 오늘 밤까지 마무리해보겠습니다.
팀장: 분량은 다섯 장 내외면 충분합니다.
팀장: 참고할 지난 분기 자료는 메일로 보내뒀어요.","넵, 보내주신 자료 참고해서 다섯 장 내로 정리하겠습니다. 완성되면 바로 공유드릴게요.",적절
102,P051,4,"팀장: 내일 오전까지 기획서 초안 볼 수 있을까요?
나: 네, 오늘 밤까지 마무리해보겠습니다.
팀장: 분량은 다섯 장 내외면 충분합니다.
팀장: 참고할 지난 분기 자료는 메일로 보내뒀어요.",ㅇㅋ 2시에 3층으로 갈게 ㅋㅋ 프린트는 내가 해감,부적절
103,P052,4,"친구: 야 낼 과제 같이 할래?
나: ㅇㅋ 어디서 할까
친구: 도서관 어때, 3층 스터디존
친구: 낼 2시쯤 어떰",ㅇㅋ 2시에 3층으로 갈게 ㅋㅋ 프린트는 내가 해감,적절
104,P052,4,"친구: 야 낼 과제 같이 할래?
나: ㅇㅋ 어디서 할까
친구: 도서관 어때, 3층 스터디존
친구: 낼 2시쯤 어떰","넵, 보내주신 자료 참고해서 다섯 장 내로 정리하겠습니다. 완성되면 바로 공유드릴게요.",부적절
105,P053,3,"교수: 최종 보고서 마감이 금요일 6시인 것 알고 있죠?
나: 네, 지금 결론 부분 작성 중입니다.
교수: 표절 검사 결과도 함께 첨부하세요.","네 교수님, 검사 결과 첨부해서 금요일 오후까지 제출하겠습니다.",적절
106,P053,3,"교수: 최종 보고서 마감이 금요일 6시인 것 알고 있죠?
나: 네, 지금 결론 부분 작성 중입니다.
교수: 표절 검사 결과도 함께 첨부하세요.",나도 알바 끝나고 7시 반쯤 도착할 듯 ㅋㅋ 늦는 김에 음료수 사감,부적절
107,P054,3,"회장: 오늘 정기모임 7시로 당겨졌어~
부원: 헐 나 수업 6시 반에 끝나는데 ㅠ
회장: 좀 늦어도 괜찮아, 안건만 들으면 됨",나도 알바 끝나고 7시 반쯤 도착할 듯 ㅋㅋ 늦는 김에 음료수 사감,적절
108,P054,3,"회장: 오늘 정기모임 7시로 당겨졌어~
부원: 헐 나 수업 6시 반에 끝나는데 ㅠ
회장: 좀 늦어도 괜찮아, 안건만 들으면 됨","네 교수님, 검사 결과 첨부해서 금요일 오후까지 제출하겠습니다.",부적절
109,P055,3,"거래처: 견적서 검토해보셨을까요?
나: 네, 내부 검토는 끝났습니다.
거래처: 수량 조정이 가능한지도 궁금합니다.",수량은 500개 단위로 조정 가능합니다. 조정안을 반영한 견적서를 다시 보내드리겠습니다.,적절
110,P055,3,"거래처: 견적서 검토해보셨을까요?
나: 네, 내부 검토는 끝났습니다.
거래처: 수량 조정이 가능한지도 궁금합니다.",축하 기념으로 이번 주말에 내가 쏠게 ㅋㅋ 뭐 먹고 싶은지 생각해놔,부적절
111,P056,3,"친구: 나 드디어 이직 최종 붙었다!!
나: 미쳤다 축하해!!!
친구: 담주부터 출근이야, 실감 안 나 ㅋㅋ",축하 기념으로 이번 주말에 내가 쏠게 ㅋㅋ 뭐 먹고 싶은지 생각해놔,적절
112,P056,3,"친구: 나 드디어 이직 최종 붙었다!!
나: 미쳤다 축하해!!!
친구: 담주부터 출근이야, 실감 안 나 ㅋㅋ",수량은 500개 단위로 조정 가능합니다. 조정안을 반영한 견적서를 다시 보내드리겠습니다.,부적절
113,P057,3,"친구: 어제 그 드라마 마지막화 봤어?
나: ㅇㅇ 봤지, 결말 실화냐
친구: 작가가 시즌2 하려고 저렇게 끝낸 듯 ㅋㅋ",아 맞다 나 낼 머리 자르러 감 ㅋㅋ 단발 어떨 거 같아?,적절
114,P057,3,"친구: 어제 그 드라마 마지막화 봤어?
나: ㅇㅇ 봤지, 결말 실화냐
친구: 작가가 시즌2 하려고 저렇게 끝낸 듯 ㅋㅋ",쿠폰 검증 API 응답 시간부터 확인해보죠. 재현 로그는 제가 정리해서 올리겠습니다.,부적절
115,P058,3,"동료: 결제 페이지에서 간헐적으로 타임아웃이 발생합니다.
나: 재현 조건이 확인되나요?
동료: 쿠폰 적용 시에만 발생하는 것 같습니다.",쿠폰 검증 API 응답 시간부터 확인해보죠. 재현 로그는 제가 정리해서 올리겠습니다.,적절
116,P058,3,"동료: 결제 페이지에서 간헐적으로 타임아웃이 발생합니다.
나: 재현 조건이 확인되나요?
동료: 쿠폰 적용 시에만 발생하는 것 같습니다.",아 맞다 나 낼 머리 자르러 감 ㅋㅋ 단발 어떨 거 같아?,부적절
117,P059,3,"엄마: 오늘 저녁 뭐 먹을까
나: 음 아무거나 좋아요
엄마: 그럼 김치찜 해줄까","좋아요 ㅋㅋ 아 맞다 엄마, 다음 주에 이모 생신이던데 선물 같이 준비할까요?",적절
118,P059,3,"엄마: 오늘 저녁 뭐 먹을까
나: 음 아무거나 좋아요
엄마: 그럼 김치찜 해줄까",나도 둘째 주 토요일 ㅇㅋ! 그럼 그날 저녁 7시로 하고 장소는 내가 찾아볼게,부적절
119,P060,3,"정우: 다음 모임 날짜 정하자~
수빈: 나는 둘째 주 토요일 가능
정우: 나도 그날 됨. 다들 어때",나도 둘째 주 토요일 ㅇㅋ! 그럼 그날 저녁 7시로 하고 장소는 내가 찾아볼게,적절
120,P060,3,"정우: 다음 모임 날짜 정하자~
수빈: 나는 둘째 주 토요일 가능
정우: 나도 그날 됨. 다들 어때","좋아요 ㅋㅋ 아 맞다 엄마, 다음 주에 이모 생신이던데 선물 같이 준비할까요?",부적절
121,P061,3,"연인: 오늘 회사에서 칭찬받았어 ㅎㅎ
나: 오 뭐로??
연인: 지난번 제안서가 채택됐대!",역시 우리 자기 ㅋㅋ 축하해!! 아 맞다 이번 주말에 그 팝업스토어 갈래? 곧 끝난대.,적절
122,P061,3,"연인: 오늘 회사에서 칭찬받았어 ㅎㅎ
나: 오 뭐로??
연인: 지난번 제안서가 채택됐대!",토요일 오후 2시에 두 곳 연달아 보는 걸로 부탁드립니다.,부적절
123,P062,3,"중개인: 문의하신 매물 두 곳 모두 주말 방문 가능합니다.
나: 두 곳 다 보고 싶습니다.
중개인: 그럼 시간대만 정해주시면 됩니다.",토요일 오후 2시에 두 곳 연달아 보는 걸로 부탁드립니다.,적절
124,P062,3,"중개인: 문의하신 매물 두 곳 모두 주말 방문 가능합니다.
나: 두 곳 다 보고 싶습니다.
중개인: 그럼 시간대만 정해주시면 됩니다.",역시 우리 자기 ㅋㅋ 축하해!! 아 맞다 이번 주말에 그 팝업스토어 갈래? 곧 끝난대.,부적절
125,P063,4,"친구: 낼 몇시에 볼까
나: 3시 ㄱ?
친구: ㅇㅋ 강남? 홍대?
친구: 난 강남이 더 가까움","강남 ㄱㄱ 11번 출구서 보자, 늦으면 톡 남길게",적절
126,P063,4,"친구: 낼 몇시에 볼까
나: 3시 ㄱ?
친구: ㅇㅋ 강남? 홍대?
친구: 난 강남이 더 가까움","야 한 과목 망했다고 학점 안 망해 ㅋㅋ 담주에 맛있는 거 먹으러 가자, 내가 쏨",부적절
127,P064,3,"친구: 하 오늘 시험 개망했다 진짜
나: 헐 어떤 과목
친구: 통계학... 공부한 데서 하나도 안 나옴 ㅋㅋㅋ 웃프다","야 한 과목 망했다고 학점 안 망해 ㅋㅋ 담주에 맛있는 거 먹으러 가자, 내가 쏨",적절
128,P064,3,"친구: 하 오늘 시험 개망했다 진짜
나: 헐 어떤 과목
친구: 통계학... 공부한 데서 하나도 안 나옴 ㅋㅋㅋ 웃프다","강남 ㄱㄱ 11번 출구서 보자, 늦으면 톡 남길게",부적절
129,P065,3,"룸메: 야 저녁 배달 시키자
나: ㅇㅋ 뭐 먹지
룸메: 치킨 ㄱ? 어제 피자 먹었잖아",반반 무많이 ㄱㄱ 니가 주문하면 배달비는 내가 낼게 ㅋㅋ,적절
130,P065,3,"룸메: 야 저녁 배달 시키자
나: ㅇㅋ 뭐 먹지
룸메: 치킨 ㄱ? 어제 피자 먹었잖아",좋네요! 그럼 오늘 7시에 역 앞 편의점에서 직거래 가능할까요? 현금으로 준비해가겠습니다.,부적절
131,P066,3,"판매자: 안녕하세요, 키보드 문의주셨죠?
나: 네! 상태가 궁금해서요.
판매자: 사용감 거의 없고 박스도 있습니다.",좋네요! 그럼 오늘 7시에 역 앞 편의점에서 직거래 가능할까요? 현금으로 준비해가겠습니다.,적절
132,P066,3,"판매자: 안녕하세요, 키보드 문의주셨죠?
나: 네! 상태가 궁금해서요.
판매자: 사용감 거의 없고 박스도 있습니다.",반반 무많이 ㄱㄱ 니가 주문하면 배달비는 내가 낼게 ㅋㅋ,부적절
133,P067,3,"언니: 이 원피스 어때?? 💕
나: 오 색 이쁘다
언니: 근데 사이즈가 애매해서 고민 ㅠㅠ","그 브랜드 좀 크게 나와 ㅋㅋ 한 사이즈 작은 걸로 시켜, 안 맞으면 내가 입지 뭐",적절
134,P067,3,"언니: 이 원피스 어때?? 💕
나: 오 색 이쁘다
언니: 근데 사이즈가 애매해서 고민 ㅠㅠ",알겠습니다. 증명서 발급받아서 내일 오전 중으로 제출하겠습니다.,부적절
135,P068,3,"조교: 장학금 신청 서류 마감이 내일 5시까지입니다.
나: 성적증명서도 필요한가요?
조교: 네, 최근 학기 증명서만 있으면 됩니다.",알겠습니다. 증명서 발급받아서 내일 오전 중으로 제출하겠습니다.,적절
136,P068,3,"조교: 장학금 신청 서류 마감이 내일 5시까지입니다.
나: 성적증명서도 필요한가요?
조교: 네, 최근 학기 증명서만 있으면 됩니다.","그 브랜드 좀 크게 나와 ㅋㅋ 한 사이즈 작은 걸로 시켜, 안 맞으면 내가 입지 뭐",부적절
137,P069,12,"지원: 신규 알림 기능 배포 일정 공유드립니다. 수요일 오후 예정입니다.
동혁: QA는 언제까지 마무리되나요?
지원: 화요일 오전까지 완료 목표입니다.
나: 알림 수신 동의 팝업 문구는 확정됐나요?
지원: 네, 법무 검토까지 끝났습니다.
동혁: 배포 후 모니터링은 누가 맡나요?
지원: 제가 대시보드 보고 있을게요. 이상 지표 나오면 바로 공유하겠습니다.
나: 푸시 발송량이 급증할 수 있으니 서버 쪽도 봐야 할 것 같아요.
동혁: 발송 서버는 제가 지켜보겠습니다.
지원: 그리고 실패 시 롤백은 기능 플래그 끄는 걸로 통일합니다.
동혁: 넵 확인했습니다.
지원: 그럼 수요일 2시에 배포 시작하겠습니다.",수요일 배포 전에 알림 수신 거부 시나리오도 QA 항목에 넣어주세요. 지난번에 빠졌던 부분이라서요.,적절
138,P069,12,"지원: 신규 알림 기능 배포 일정 공유드립니다. 수요일 오후 예정입니다.
동혁: QA는 언제까지 마무리되나요?
지원: 화요일 오전까지 완료 목표입니다.
나: 알림 수신 동의 팝업 문구는 확정됐나요?
지원: 네, 법무 검토까지 끝났습니다.
동혁: 배포 후 모니터링은 누가 맡나요?
지원: 제가 대시보드 보고 있을게요. 이상 지표 나오면 바로 공유하겠습니다.
나: 푸시 발송량이 급증할 수 있으니 서버 쪽도 봐야 할 것 같아요.
동혁: 발송 서버는 제가 지켜보겠습니다.
지원: 그리고 실패 시 롤백은 기능 플래그 끄는 걸로 통일합니다.
동혁: 넵 확인했습니다.
지원: 그럼 수요일 2시에 배포 시작하겠습니다.",그래프 두 개 추가해서 방금 드라이브에 올렸어요. 월요일 1시 반 스터디룸도 확인했습니다.,부적절
139,P070,11,"현서: 발표 자료 초안 드라이브에 올렸어요.
민재: 확인했습니다! 디자인 톤만 좀 맞추면 될 것 같아요.
현서: 설문 파트는 그래프가 더 필요하지 않을까요?
나: 제가 그래프 두 개 추가해볼게요.
민재: 발표 연습은 언제 하죠?
현서: 월요일 공강 시간 어때요? 다들 1시에 끝나잖아요.
민재: 좋아요, 그럼 1시 반에 스터디룸에서 봐요.
현서: 아 그리고 교수님이 참고문헌 누락됐다고 하셨어요.
민재: 그거 제가 채워둘게요.
현서: 대본은 각자 파트 정리해서 일요일까지 올려주세요.
민재: 넵넵",그래프 두 개 추가해서 방금 드라이브에 올렸어요. 월요일 1시 반 스터디룸도 확인했습니다.,적절
140,P070,11,"현서: 발표 자료 초안 드라이브에 올렸어요.
민재: 확인했습니다! 디자인 톤만 좀 맞추면 될 것 같아요.
현서: 설문 파트는 그래프가 더 필요하지 않을까요?
나: 제가 그래프 두 개 추가해볼게요.
민재: 발표 연습은 언제 하죠?
현서: 월요일 공강 시간 어때요? 다들 1시에 끝나잖아요.
민재: 좋아요, 그럼 1시 반에 스터디룸에서 봐요.
현서: 아 그리고 교수님이 참고문헌 누락됐다고 하셨어요.
민재: 그거 제가 채워둘게요.
현서: 대본은 각자 파트 정리해서 일요일까지 올려주세요.
민재: 넵넵",수요일 배포 전에 알림 수신 거부 시나리오도 QA 항목에 넣어주세요. 지난번에 빠졌던 부분이라서요.,부적절
141,P071,10,"아빠: 이번 연휴에 강릉 가는 거 확정이다.
동생: 오예!! 바다다
엄마: 숙소는 아빠가 예약했어. 금요일 체크인이야.
나: 몇 시에 출발해요?
아빠: 아침 8시에는 출발해야 안 막힌다.
동생: 나 전날 본가로 갈게~
엄마: 그래, 저녁 같이 먹자.
동생: 강릉 가면 그 유명한 순두부 먹으러 가요!
아빠: 그래, 첫날 점심으로 가자.
엄마: 각자 짐은 알아서 챙기고, 선크림은 내가 챙길게.",저도 목요일 저녁까지 본가로 갈게요~ 가는 길에 간식거리 사갈게요.,적절
142,P071,10,"아빠: 이번 연휴에 강릉 가는 거 확정이다.
동생: 오예!! 바다다
엄마: 숙소는 아빠가 예약했어. 금요일 체크인이야.
나: 몇 시에 출발해요?
아빠: 아침 8시에는 출발해야 안 막힌다.
동생: 나 전날 본가로 갈게~
엄마: 그래, 저녁 같이 먹자.
동생: 강릉 가면 그 유명한 순두부 먹으러 가요!
아빠: 그래, 첫날 점심으로 가자.
엄마: 각자 짐은 알아서 챙기고, 선크림은 내가 챙길게.",참석!! 재훈이도 온다고 하면 8명 딱 맞네 ㅋㅋ 나 물 얼려서 갖고 감,부적절
143,P072,10,"승민: 이번 주 일요일 풋살 인원 체크합니다~
태오: 참석!!
승민: 지금까지 6명, 두 명만 더 오면 딱 좋은데
태오: 재훈이한테 물어볼게 ㅋㅋ
승민: 시간은 저번처럼 아침 9시, 장소는 구민운동장
태오: 조끼는 누가 챙김?
승민: 조끼는 내가 챙겨감. 공은 태오 네가 갖고 와라
태오: ㅇㅋㅇㅋ
승민: 끝나고 국밥 ㄱ?
태오: 무조건 ㅋㅋㅋ",참석!! 재훈이도 온다고 하면 8명 딱 맞네 ㅋㅋ 나 물 얼려서 갖고 감,적절
144,P072,10,"승민: 이번 주 일요일 풋살 인원 체크합니다~
태오: 참석!!
승민: 지금까지 6명, 두 명만 더 오면 딱 좋은데
태오: 재훈이한테 물어볼게 ㅋㅋ
승민: 시간은 저번처럼 아침 9시, 장소는 구민운동장
태오: 조끼는 누가 챙김?
승민: 조끼는 내가 챙겨감. 공은 태오 네가 갖고 와라
태오: ㅇㅋㅇㅋ
승민: 끝나고 국밥 ㄱ?
태오: 무조건 ㅋㅋㅋ",저도 목요일 저녁까지 본가로 갈게요~ 가는 길에 간식거리 사갈게요.,부적절
145,P073,4,"김과장: 다음 주 금요일 납품 물량 확인차 연락드립니다.
나: 네, 준비 상황 공유드리겠습니다.
김과장: 지난번처럼 오전 중 입고면 좋겠습니다.
김과장: 검수 인원은 저희 쪽에서 두 명 배정했습니다.",금요일 오전 10시 입고로 준비하겠습니다. 송장은 전날 미리 보내드릴게요.,적절
146,P073,4,"김과장: 다음 주 금요일 납품 물량 확인차 연락드립니다.
나: 네, 준비 상황 공유드리겠습니다.
김과장: 지난번처럼 오전 중 입고면 좋겠습니다.
김과장: 검수 인원은 저희 쪽에서 두 명 배정했습니다.","네, 3번 항목은 수량을 늘리시면 단가 조정 여지가 있습니다. 논의 결과 기다리겠습니다.",부적절
147,P074,4,"박대리: 보내주신 견적서 잘 받았습니다.
나: 검토 후 의견 주시면 반영하겠습니다.
박대리: 3번 항목 단가가 예상보다 높아서 내부 논의 중입니다.
박대리: 다음 주 초에 조정 요청을 드릴 수도 있을 것 같습니다.","네, 3번 항목은 수량을 늘리시면 단가 조정 여지가 있습니다. 논의 결과 기다리겠습니다.",적절
148,P074,4,"박대리: 보내주신 견적서 잘 받았습니다.
나: 검토 후 의견 주시면 반영하겠습니다.
박대리: 3번 항목 단가가 예상보다 높아서 내부 논의 중입니다.
박대리: 다음 주 초에 조정 요청을 드릴 수도 있을 것 같습니다.",금요일 오전 10시 입고로 준비하겠습니다. 송장은 전날 미리 보내드릴게요.,부적절
149,P075,4,"리더: 이번 주 회화 주제는 여행 경험 공유입니다~
멤버: 오 재밌겠네요
리더: 각자 3분 스피치 준비해오시면 됩니다.
리더: 토요일 10시 스터디카페 그대로예요.",스피치 주제는 제주도 여행으로 준비할게요 ㅎㅎ 표현 몇 개 미리 찾아봐야겠어요.,적절
150,P075,4,"리더: 이번 주 회화 주제는 여행 경험 공유입니다~
멤버: 오 재밌겠네요
리더: 각자 3분 스피치 준비해오시면 됩니다.
리더: 토요일 10시 스터디카페 그대로예요.",접수 완료했어요! 기출은 최근 3개년부터 푸는 게 좋을 것 같아요.,부적절
151,P076,4,"스터디장: 정보처리기사 실기 접수 시작했어요.
멤버: 헉 벌써요?
스터디장: 네, 이번 주까지 접수하고 다음 모임부터 기출 풀이 시작해요.
스터디장: 일요일 2시 도서관 세미나실입니다.",접수 완료했어요! 기출은 최근 3개년부터 푸는 게 좋을 것 같아요.,적절
152,P076,4,"스터디장: 정보처리기사 실기 접수 시작했어요.
멤버: 헉 벌써요?
스터디장: 네, 이번 주까지 접수하고 다음 모임부터 기출 풀이 시작해요.
스터디장: 일요일 2시 도서관 세미나실입니다.",스피치 주제는 제주도 여행으로 준비할게요 ㅎㅎ 표현 몇 개 미리 찾아봐야겠어요.,부적절
153,P077,4,"정민: 민석이 결혼식 축가 우리가 하기로 한 거 기억하지 ㅋㅋ
호영: 기억하지 ㅋㅋ 곡은 정했어?
정민: 후보 두 개야. 이번 주에 모여서 정하자.
정민: 식이 다음 달 12일이니까 연습할 시간 많지 않다.",곡은 빠른 게 낫지 않냐 ㅋㅋ 토요일에 코노 가서 둘 다 불러보고 정하자,적절
154,P077,4,"정민: 민석이 결혼식 축가 우리가 하기로 한 거 기억하지 ㅋㅋ
호영: 기억하지 ㅋㅋ 곡은 정했어?
정민: 후보 두 개야. 이번 주에 모여서 정하자.
정민: 식이 다음 달 12일이니까 연습할 시간 많지 않다.",셋째 주 금요일 콜 ㅋㅋ 고깃집은 내가 미리 전화해서 단체석 되는지 물어볼게,부적절
155,P078,4,"지호: 올해도 송년회 해야지 ㅋㅋ
유진: 무조건이지~ 12월 언제로 할까
지호: 셋째 주 금요일 어때? 다들 그때가 제일 될걸
유진: 장소는 작년 그 고깃집 어때, 괜찮았잖아",셋째 주 금요일 콜 ㅋㅋ 고깃집은 내가 미리 전화해서 단체석 되는지 물어볼게,적절
156,P078,4,"지호: 올해도 송년회 해야지 ㅋㅋ
유진: 무조건이지~ 12월 언제로 할까
지호: 셋째 주 금요일 어때? 다들 그때가 제일 될걸
유진: 장소는 작년 그 고깃집 어때, 괜찮았잖아",곡은 빠른 게 낫지 않냐 ㅋㅋ 토요일에 코노 가서 둘 다 불러보고 정하자,부적절
157,P079,3,"친구: 야 오늘 저녁에 우리 집에서 축구 볼 사람
나: 콜 ㅋㅋ 몇 시야
친구: 8시! 먹을 건 시켜 먹자",오늘 저녁에 치킨 시킬 건데 양념이 나을까 후라이드가 나을까?,적절
158,P079,3,"친구: 야 오늘 저녁에 우리 집에서 축구 볼 사람
나: 콜 ㅋㅋ 몇 시야
친구: 8시! 먹을 건 시켜 먹자",문자 보니까 다음 주 수요일 오전 10시야.,부적절
159,P080,3,"친구: 주말에 집에서 뭐 볼까 고민 중
나: 오 나도 볼 거 없나 찾는 중 ㅋㅋ
친구: 요즘 뭐가 재밌으려나",요즘 넷플릭스에 볼 게 별로 없는 것 같아.,적절
160,P080,3,"친구: 주말에 집에서 뭐 볼까 고민 중
나: 오 나도 볼 거 없나 찾는 중 ㅋㅋ
친구: 요즘 뭐가 재밌으려나",그럼 당분간 네가 먼저 연락하지 말고 상대가 어떻게 하는지 지켜봐.,부적절
161,P081,3,"엄마: 마트 갈 건데 필요한 거 있니
나: 음 잠깐만 생각해볼게
엄마: 세제는 사야 하고",냉장고에 우유가 거의 다 떨어졌어.,적절
162,P081,3,"엄마: 마트 갈 건데 필요한 거 있니
나: 음 잠깐만 생각해볼게
엄마: 세제는 사야 하고","작업 관리자에서 점유율을 확인하고, 그 프로그램이 계속 실행 중인지 먼저 봐봐.",부적절
163,P082,3,"친구: 너 폰 바꾼다더니 바꿨어?
나: 아직 ㅋㅋ 고민 중이야
친구: 그거 산 지 3년 넘지 않았나",요즘 휴대폰 배터리가 너무 빨리 닳더라.,적절
164,P082,3,"친구: 너 폰 바꾼다더니 바꿨어?
나: 아직 ㅋㅋ 고민 중이야
친구: 그거 산 지 3년 넘지 않았나",계약서 내용과 지금까지의 연락 기록을 정리해서 반환 일정을 다시 요구해봐.,부적절
165,P083,3,"친구: 요즘 극장에 볼만한 거 있나
나: 최근에 하나 봤는데
친구: 오 뭐 봤어, 괜찮았어?",지난번에 본 영화 결말이 좀 아쉽더라.,적절
166,P083,3,"친구: 요즘 극장에 볼만한 거 있나
나: 최근에 하나 봤는데
친구: 오 뭐 봤어, 괜찮았어?",전부 보려고 하기보다 빈출 범위와 틀린 문제부터 우선 정리해.,부적절
167,P084,3,"동생: 언니 나 운동화 새로 살까 해
나: 지금 신는 거 얼마 안 되지 않았어?
동생: 1년 넘었어 ㅋㅋ 많이 낡았어",내 운동화 끈이 자꾸 풀려서 불편해.,적절
168,P084,3,"동생: 언니 나 운동화 새로 살까 해
나: 지금 신는 거 얼마 안 되지 않았어?
동생: 1년 넘었어 ㅋㅋ 많이 낡았어",기상 시간을 먼저 조금씩 당기고 낮잠과 늦은 카페인을 줄여보는 게 좋겠어.,부적절
169,P085,3,"동생: 방 분위기 좀 바꾸고 싶어
나: 오 뭐부터 바꾸게?
동생: 아직 고민 중이야, 크게 돈 안 들이고",내 방 커튼 색을 베이지로 바꿀까 고민 중이야.,적절
170,P085,3,"동생: 방 분위기 좀 바꾸고 싶어
나: 오 뭐부터 바꾸게?
동생: 아직 고민 중이야, 크게 돈 안 들이고",처음부터 한 시간보다 15분씩 주 3회로 시작하는 게 더 지속하기 쉬워.,부적절
171,P086,3,"친구: 이번 주말에 한강 피크닉 갈래?
나: 오 좋다 ㅋㅋ 언제?
친구: 토요일 낮이 좋을 것 같은데",그러고 보니 이번 주말 비 온대? 우산 챙겨야겠다.,적절
172,P086,3,"친구: 이번 주말에 한강 피크닉 갈래?
나: 오 좋다 ㅋㅋ 언제?
친구: 토요일 낮이 좋을 것 같은데",예산에 맞는 지갑을 고르고 교환 가능한 곳에서 사는 게 좋겠다.,부적절
173,P087,3,"동생: 편의점 갈 건데 뭐 사다 줄까
나: 음 골라줘 ㅋㅋ
동생: 우유 종류 많던데 뭐 마실래",나는 딸기우유보다 초코우유가 좋아.,적절
174,P087,3,"동생: 편의점 갈 건데 뭐 사다 줄까
나: 음 골라줘 ㅋㅋ
동생: 우유 종류 많던데 뭐 마실래","미리 핵심 문장을 적어두고, 울더라도 그 메모를 보면서 천천히 말해봐.",부적절
175,P088,3,"친구: 나 어제 인터넷으로 옷 샀는데 벌써 발송됐대
나: 오 빠르네, 뭐 샀어?
친구: 바람막이 하나! 내일 온대",내일 아침에 택배가 온다고 문자 왔어.,적절
176,P088,3,"친구: 나 어제 인터넷으로 옷 샀는데 벌써 발송됐대
나: 오 빠르네, 뭐 샀어?
친구: 바람막이 하나! 내일 온대","오른 월세와 이사 비용, 위치의 장점을 같이 비교해보고 결정해.",부적절
177,P089,3,"동료: 오늘 점심에 그 매운 떡볶이집 어때요?
나: 오 거기 유명하죠.
동료: 맵기 단계도 고를 수 있대요.",저는 매운 음식을 잘 못 먹어서 떡볶이는 순한 맛으로 먹어요.,적절
178,P089,3,"동료: 오늘 점심에 그 매운 떡볶이집 어때요?
나: 오 거기 유명하죠.
동료: 맵기 단계도 고를 수 있대요.",확인했습니다. 4시에 2층 회의실로 가겠습니다.,부적절
179,P090,3,"동료: 날도 더운데 점심은 시원한 거 먹을까요?
나: 좋아요, 뭐가 있을까요?
동료: 근처에 잘하는 국수집이 있긴 해요.",여름에는 역시 냉면이 제일 맛있는 것 같아요.,적절
180,P090,3,"동료: 날도 더운데 점심은 시원한 거 먹을까요?
나: 좋아요, 뭐가 있을까요?
동료: 근처에 잘하는 국수집이 있긴 해요.",그 경로를 허용 목록에 추가한 뒤 다시 요청해보세요.,부적절
181,P091,3,"동료: 사무실이 오늘 좀 춥지 않아요?
나: 그러게요, 저도 방금 느꼈어요.
동료: 온도를 좀 올려달라고 할까요.",회의실 에어컨이 너무 세서 추운 것 같아요.,적절
182,P091,3,"동료: 사무실이 오늘 좀 춥지 않아요?
나: 그러게요, 저도 방금 느꼈어요.
동료: 온도를 좀 올려달라고 할까요.",배송 상태를 조회해보고 지연 사유와 예상 도착일을 안내드리겠습니다.,부적절
183,P092,3,"동료: 오늘 출근하는데 시간이 평소보다 오래 걸렸어요.
나: 무슨 일 있었대요?
동료: 사고가 났었나 봐요.",요즘 지하철에 사람이 정말 많네요.,적절
184,P092,3,"동료: 오늘 출근하는데 시간이 평소보다 오래 걸렸어요.
나: 무슨 일 있었대요?
동료: 사고가 났었나 봐요.",확인했습니다. 서명한 파일을 오늘 안으로 다시 보내겠습니다.,부적절
185,P093,3,"동료: 아침부터 너무 졸리네요.
나: 어제 늦게 주무셨어요?
동료: 네, 새벽까지 잠이 안 왔어요.",저는 아침마다 알람을 세 개씩 맞춰놔요.,적절
186,P093,3,"동료: 아침부터 너무 졸리네요.
나: 어제 늦게 주무셨어요?
동료: 네, 새벽까지 잠이 안 왔어요.",utf-8-sig와 cp949로 각각 읽어보고 실제 인코딩을 확인해봅시다.,부적절
187,P094,3,"동료: 벌써 11시 반이네요. 점심 생각해둔 거 있어요?
나: 아직요, 고민 중이에요.
동료: 저도 매번 고르는 게 일이에요.",점심 메뉴는 아직 정하지 못했어요.,적절
188,P094,3,"동료: 벌써 11시 반이네요. 점심 생각해둔 거 있어요?
나: 아직요, 고민 중이에요.
동료: 저도 매번 고르는 게 일이에요.",서버 로그와 탈퇴 API 응답을 확인해서 예외가 발생한 위치를 찾겠습니다.,부적절
189,P095,3,"후배: 선배, 수업 끝나고 뭐 드실래요?
나: 출출하긴 하네.
후배: 학교 앞에 간식거리 많잖아요.",학교 앞 붕어빵집이 아직 영업하나 모르겠네요.,적절
190,P095,3,"후배: 선배, 수업 끝나고 뭐 드실래요?
나: 출출하긴 하네.
후배: 학교 앞에 간식거리 많잖아요.",안내문을 확인해서 참고문헌을 APA 형식으로 수정하겠습니다.,부적절
191,P096,3,"동료: 오늘도 33도까지 올라간대요.
나: 밖에 잠깐만 나가도 땀나겠네요.
동료: 장마 끝나니까 바로 폭염이네요.",이번 여름은 작년보다 더 더운 것 같네요.,적절
192,P096,3,"동료: 오늘도 33도까지 올라간대요.
나: 밖에 잠깐만 나가도 땀나겠네요.
동료: 장마 끝나니까 바로 폭염이네요.",그 정도면 오늘 안에 가능할 것 같아요. 수정 후 바로 공유할게요.,부적절
193,P097,3,"동료: 와, 창밖에 하늘 보셨어요?
나: 오 색이 예쁘네요.
동료: 사진으로는 다 안 담기네요.",창밖에 구름 모양이 신기하게 생겼어요.,적절
194,P097,3,"동료: 와, 창밖에 하늘 보셨어요?
나: 오 색이 예쁘네요.
동료: 사진으로는 다 안 담기네요.",남은 200개는 목요일까지 작성하고 금요일에 중복과 라벨을 검수하겠습니다.,부적절
195,P098,3,"동료: 이번 주말에 뭐 하세요?
나: 아직 계획은 없어요.
동료: 날씨 좋으면 어디든 나가고 싶네요.",주말에 공원에 사람이 많을 것 같아요.,적절
196,P098,3,"동료: 이번 주말에 뭐 하세요?
나: 아직 계획은 없어요.
동료: 날씨 좋으면 어디든 나가고 싶네요.","현재 검증셋 기준 약 82%이고, 세부 지표는 회의 전에 정리해 공유하겠습니다.",부적절
197,P099,3,"동료: 저 주말에 유기견 봉사 다녀왔어요.
나: 와 멋있네요.
동료: 강아지들이 정말 순하더라고요.",저는 고양이보다 강아지가 더 귀엽다고 생각해요.,적절
198,P099,3,"동료: 저 주말에 유기견 봉사 다녀왔어요.
나: 와 멋있네요.
동료: 강아지들이 정말 순하더라고요.",확인해볼게요. 합계 수식과 원본 범위를 먼저 비교하겠습니다.,부적절
199,P100,3,"연인: 주말에 어디 갈까?
나: 음 카페 투어 어때
연인: 오 좋아, 어디 봐둔 데 있어?",근처에 새로 생긴 카페가 사진이 잘 나온대.,적절
200,P100,3,"연인: 주말에 어디 갈까?
나: 음 카페 투어 어때
연인: 오 좋아, 어디 봐둔 데 있어?",급한 내용이 아니라면 한 번 더 보내기보다 상대가 답할 시간을 조금 더 줘봐.,부적절
201,P101,3,"친구: 아 더워 죽겠다 진짜
나: ㅋㅋ 오늘 최고기온 34도래
친구: 겨울이 벌써 그립다",나는 여름보다 겨울이 더 좋아.,적절
202,P101,3,"친구: 아 더워 죽겠다 진짜
나: ㅋㅋ 오늘 최고기온 34도래
친구: 겨울이 벌써 그립다",그 말이 진심이 아니었다면 감정이 가라앉은 뒤 솔직하게 사과해봐.,부적절
203,P102,3,"동료: 새 키보드 사셨네요?
나: 네, 어제 도착했어요.
동료: 타건감은 어때요?",키보드 소리가 생각보다 크게 들리네요.,적절
204,P102,3,"동료: 새 키보드 사셨네요?
나: 네, 어제 도착했어요.
동료: 타건감은 어때요?",금요일 오후 3시로 변경 가능한지 확인 부탁드립니다.,부적절
205,P103,3,"친구: 오늘 뭔가 기분 좋아 보인다?
나: ㅋㅋ 별거 아닌데
친구: 뭔데 뭔데",내가 오늘 새 양말을 신었는데 생각보다 편해.,적절
206,P103,3,"친구: 오늘 뭔가 기분 좋아 보인다?
나: ㅋㅋ 별거 아닌데
친구: 뭔데 뭔데","그 부분은 먼저 사과하되, 네가 서운했던 이유도 차분히 설명해봐.",부적절
207,P104,3,"친구: 야식 먹을까 말까 고민된다 ㅋㅋ
나: 이 시간에? ㅋㅋ
친구: 라면이 자꾸 생각나서",나는 밤에 라면 먹으면 꼭 얼굴이 붓더라.,적절
208,P104,3,"친구: 야식 먹을까 말까 고민된다 ㅋㅋ
나: 이 시간에? ㅋㅋ
친구: 라면이 자꾸 생각나서",가족 행사가 있으면 어쩔 수 있지. 미리 이야기하고 따로 축하해주면 될 것 같아.,부적절
209,P105,3,"동료: 사무실 화분 잎이 좀 처졌네요.
나: 그러게요, 상태가 안 좋아 보여요.
동료: 누가 관리하고 있었죠?",사무실 화분에 물을 준 지 오래된 것 같아요.,적절
210,P105,3,"동료: 사무실 화분 잎이 좀 처졌네요.
나: 그러게요, 상태가 안 좋아 보여요.
동료: 누가 관리하고 있었죠?",배경 설명을 줄이고 핵심 기능 세 가지와 결과 위주로 10분에 맞추겠습니다.,부적절
211,P106,3,"친구: 요즘 아침 챙겨 먹어?
나: 먹으려고 노력 중 ㅋㅋ
친구: 오 뭐 먹는데?",나는 요즘 매일 아침 사과를 먹고 있어.,적절
212,P106,3,"친구: 요즘 아침 챙겨 먹어?
나: 먹으려고 노력 중 ㅋㅋ
친구: 오 뭐 먹는데?",하루 정도 더 기다려보고 내일 담당자에게 정중히 문의해보는 게 좋겠다.,부적절
213,P107,3,"동생: 언니 폰 케이스 언제 산 거야?
나: 꽤 됐지, 왜 ㅋㅋ
동생: 좀 낡아 보여서 ㅋㅋ",내 휴대폰 케이스가 벌써 누렇게 변했어.,적절
214,P107,3,"동생: 언니 폰 케이스 언제 산 거야?
나: 꽤 됐지, 왜 ㅋㅋ
동생: 좀 낡아 보여서 ㅋㅋ",더 늦기 전에 사정을 솔직히 말하고 가능한 대체 날짜를 제안해.,부적절
215,P108,3,"친구: 너 충전기 새로 샀다며
나: ㅇㅇ 어제 도착했어
친구: 쓸만해?",새로 산 충전기가 생각보다 선이 짧아.,적절
216,P108,3,"친구: 너 충전기 새로 샀다며
나: ㅇㅇ 어제 도착했어
친구: 쓸만해?","당장 깊은 관계를 만들려고 하지 말고, 부담 없는 만남부터 천천히 시작해봐.",부적절
217,P109,3,"동료: 점심 뭐 드셨어요?
나: 근처에서 먹고 왔어요.
동료: 오, 뭐 드셨는지 궁금하네요.",오늘 점심은 김치찌개를 먹었습니다.,적절
218,P109,3,"동료: 점심 뭐 드셨어요?
나: 근처에서 먹고 왔어요.
동료: 오, 뭐 드셨는지 궁금하네요.",그럼 저는 발표 자료 취합과 최종 검수를 맡겠습니다.,부적절
219,P110,3,"친구: 우리 동네 뭐 새로 생긴 거 없나
나: 요즘 못 둘러봤네 ㅋㅋ
친구: 산책 겸 둘러볼까",우리 동네 편의점이 최근에 리모델링했어.,적절
220,P110,3,"친구: 우리 동네 뭐 새로 생긴 거 없나
나: 요즘 못 둘러봤네 ㅋㅋ
친구: 산책 겸 둘러볼까",발표 직전에 확인할 짧은 체크리스트를 만들어두면 도움이 될 거야.,부적절
221,P111,3,"동료: 필기구 뭐 쓰세요? 손에 맞는 게 없네요.
나: 저도 이것저것 써봤어요.
동료: 추천할 만한 거 있어요?",저는 볼펜보다 샤프를 더 자주 사용해요.,적절
222,P111,3,"동료: 필기구 뭐 쓰세요? 손에 맞는 게 없네요.
나: 저도 이것저것 써봤어요.
동료: 추천할 만한 거 있어요?",알겠습니다. 결과를 먼저 보여주고 구현 과정은 핵심만 남길게요.,부적절
223,P112,3,"동생: 언니 책상 의자 바꾼다더니 바꿨어?
나: 아직 고민 중이야.
동생: 오래 쓰긴 했잖아.",내 책상 의자가 요즘 자꾸 삐걱거려.,적절
224,P112,3,"동생: 언니 책상 의자 바꾼다더니 바꿨어?
나: 아직 고민 중이야.
동생: 오래 쓰긴 했잖아.",회사 일정이 확정이면 가능한 다른 날짜를 같이 찾아보자.,부적절
225,P113,3,"동료: 오늘 다들 지각이네요.
나: 저도 아슬아슬하게 왔어요.
동료: 무슨 일 있나 봐요.",오늘 아침에는 유난히 길이 막혔어요.,적절
226,P113,3,"동료: 오늘 다들 지각이네요.
나: 저도 아슬아슬하게 왔어요.
동료: 무슨 일 있나 봐요.",인증 화면 안내 문구와 오류 메시지를 먼저 점검해보죠.,부적절
227,P114,3,"친구: 나 옷 정리하는데 죄다 비슷한 색이야 ㅋㅋ
나: ㅋㅋ 무슨 색인데
친구: 어두운 계열만 잔뜩이야",나는 검은색 옷이 제일 무난해서 좋아.,적절
228,P114,3,"친구: 나 옷 정리하는데 죄다 비슷한 색이야 ㅋㅋ
나: ㅋㅋ 무슨 색인데
친구: 어두운 계열만 잔뜩이야",부모님 걱정을 인정하면서 네 계획과 준비 과정을 구체적으로 설명해보는 게 좋겠다.,부적절
229,P115,3,"동료: 아까 회의실이 좀 덥지 않았어요?
나: 네, 공기도 좀 답답했어요.
동료: 환기가 잘 안 되나 봐요.",회의실 창문이 잘 안 닫히는 것 같아요.,적절
230,P115,3,"동료: 아까 회의실이 좀 덥지 않았어요?
나: 네, 공기도 좀 답답했어요.
동료: 환기가 잘 안 되나 봐요.",환불 처리 상태와 카드사 반영 기간을 확인해서 안내드리겠습니다.,부적절
231,P116,3,"친구: 나 요즘 콜라 끊는 중 ㅋㅋ
나: 오 대단한데?
친구: 대신 마실 게 마땅치 않네",나는 요즘 탄산수를 자주 마셔.,적절
232,P116,3,"친구: 나 요즘 콜라 끊는 중 ㅋㅋ
나: 오 대단한데?
친구: 대신 마실 게 마땅치 않네","지금 연락이 실제로 관계를 바꿀 수 있는지, 아니면 불안을 잠깐 줄이려는 건지 먼저 생각해봐.",부적절
233,P117,3,"동료: 다음 주 세미나 장소 확인하셨어요?
나: 네, 시내 컨벤션홀이더라고요.
동료: 차를 가져가려는데 걱정이네요.",발표장 근처에 주차장이 있는지 궁금하네요.,적절
234,P117,3,"동료: 다음 주 세미나 장소 확인하셨어요?
나: 네, 시내 컨벤션홀이더라고요.
동료: 차를 가져가려는데 걱정이네요.","중복 기준을 정한 뒤 제거하고, 제거 후 라벨 비율도 다시 확인하죠.",부적절
235,P118,3,"동생: 더워서 아이스크림 사 왔어 ㅋㅋ
나: 오 잘했다, 뭐 샀어?
동생: 편의점에 신상 나왔더라",새로 나온 아이스크림 포장이 예쁘더라.,적절
236,P118,3,"동생: 더워서 아이스크림 사 왔어 ㅋㅋ
나: 오 잘했다, 뭐 샀어?
동생: 편의점에 신상 나왔더라",질문을 모아두었다가 상대가 덜 바쁜 시간을 물어보고 한 번에 확인해봐.,부적절
237,P119,3,"동료: 퇴근하는데 아직도 밖이 환하네요.
나: 그러네요, 여름이라 그런가 봐요.
동료: 하지 지난 지 얼마 안 됐죠.",요즘 해가 정말 늦게 지는 것 같아요.,적절
238,P119,3,"동료: 퇴근하는데 아직도 밖이 환하네요.
나: 그러네요, 여름이라 그런가 봐요.
동료: 하지 지난 지 얼마 안 됐죠.",가입 이메일과 발송 로그를 확인하고 재전송을 진행하겠습니다.,부적절
239,P120,3,"친구: 방 사진 보내준 거 봤는데 분위기 좋더라
나: ㅋㅋ 고마워, 좀 꾸며봤어
친구: 근데 사진이 좀 어둡게 나왔더라",내 방 조명이 조금 어두운 것 같아.,적절
240,P120,3,"친구: 방 사진 보내준 거 봤는데 분위기 좋더라
나: ㅋㅋ 고마워, 좀 꾸며봤어
친구: 근데 사진이 좀 어둡게 나왔더라",기본적인 것도 왜 매번 설명해줘야 해? 그래도 다음부터는 늦으면 연락할게.,부적절
241,P121,3,"동료: 요즘 출퇴근 때 신발 뭐 신으세요?
나: 저는 거의 운동화죠.
동료: 저도 편한 게 최고더라고요.",나는 오늘 검정색 운동화를 신었어요.,적절
242,P121,3,"동료: 요즘 출퇴근 때 신발 뭐 신으세요?
나: 저는 거의 운동화죠.
동료: 저도 편한 게 최고더라고요.",문서와 구현 중 기준을 정한 뒤 필드명을 통일해야겠습니다.,부적절
243,P122,3,"친구: 내일 등산 가기로 한 거 그대로지?
나: ㅇㅇ 가야지
친구: 날씨 괜찮으려나",내일 미세먼지가 나쁠 수도 있대.,적절
244,P122,3,"친구: 내일 등산 가기로 한 거 그대로지?
나: ㅇㅇ 가야지
친구: 날씨 괜찮으려나",알겠어. 다음부터는 회의 들어가기 전에 늦을 수 있다고 남길게.,부적절
245,P123,3,"동료: 아침에 커피 사 오셨네요.
나: 네, 1층 카페에서요.
동료: 오늘따라 향이 좋네요.",회사 앞 카페가 원두를 바꾼 것 같아요.,적절
246,P123,3,"동료: 아침에 커피 사 오셨네요.
나: 네, 1층 카페에서요.
동료: 오늘따라 향이 좋네요.",지금은 좀 바빠. 나중에 이야기하자. 지금은 길게 듣기 어려워.,부적절
247,P124,3,"친구: 밖에 비 많이 온다
나: ㅇㅇ 소리 들려 ㅋㅋ
친구: 이런 날은 집이 최고야",나는 비 오는 날에는 부침개가 먹고 싶어.,적절
248,P124,3,"친구: 밖에 비 많이 온다
나: ㅇㅇ 소리 들려 ㅋㅋ
친구: 이런 날은 집이 최고야",다음 회의에서는 제안 이유와 기대 효과를 짧게 정리해서 발언 시간을 요청해봐.,부적절
249,P125,3,"동료: 모니터 새로 받으셨죠? 어때요?
나: 네, 어제부터 쓰고 있어요.
동료: 저도 신청할까 고민 중이라서요.",제 모니터는 화면이 조금 푸르게 보여요.,적절
250,P125,3,"동료: 모니터 새로 받으셨죠? 어때요?
나: 네, 어제부터 쓰고 있어요.
동료: 저도 신청할까 고민 중이라서요.",상황별 라벨 균형을 맞추고 같은 맥락에 서로 다른 라벨 응답을 넣어야겠습니다.,부적절
251,P126,3,"동생: 오늘 학식 뭐 나왔어?
나: 나 오늘 학식 안 먹었어.
동생: 그럼 뭐 먹었어?",나는 오늘 점심에 계란말이를 먹었어.,적절
252,P126,3,"동생: 오늘 학식 뭐 나왔어?
나: 나 오늘 학식 안 먹었어.
동생: 그럼 뭐 먹었어?",유사도 기준으로 그룹화한 뒤 같은 그룹은 한쪽 분할에만 들어가도록 다시 나누죠.,부적절
253,P127,3,"동료: 방금 인쇄하려는데 프린터가 말을 안 듣네요.
나: 오류 표시가 떠 있어요?
동료: 빨간불이 깜빡이고 있어요.",사무실 프린터 용지가 거의 다 떨어졌습니다.,적절
254,P127,3,"동료: 방금 인쇄하려는데 프린터가 말을 안 듣네요.
나: 오류 표시가 떠 있어요?
동료: 빨간불이 깜빡이고 있어요.",클라이언트가 접근 가능한 URL로 변환해서 응답하도록 수정해야 합니다.,부적절
255,P128,3,"친구: 내 이어폰 한쪽이 갑자기 안 들려 ㅠㅠ
나: 헐 산 지 얼마 안 되지 않았어?
친구: 1년쯤 됐나, 수리 보내야 하나",요즘 새로 나온 이어폰이 인기가 많더라.,적절
256,P128,3,"친구: 내 이어폰 한쪽이 갑자기 안 들려 ㅠㅠ
나: 헐 산 지 얼마 안 되지 않았어?
친구: 1년쯤 됐나, 수리 보내야 하나",알겠어. 나는 근처에서 기다리고 있을게.,부적절
