no,pair_id,source_type,label,persona,scenario,turn_count,history,response,orig_no_history,orig_no_response,orig_reason
1,p0,matched,적절,직장 관계(상사·동료),업무 대화,3,"선임: 진행하면서 새로 확인한 내용이 있어요.
나: 문제는 해결됐나요?
선임: 어제 배포한 버전은 현재까지 특이사항이 없습니다","오, 결과가 나왔군요. 어떤 과정으로 해결됐는지도 궁금합니다. 시간이나 준비해야 할 내용도 같이 바뀐 건 없나요?",3,3,P4
2,p1,matched,적절,친구,고민·감정 상담,1,친구: 팀에서 내 역할이 자꾸 바뀌니까 내가 필요한 사람인지 모르겠어,계속 마음에 걸렸겠네. 지금 느끼는 걸 더 말해도 괜찮아. 요즘 특히 더 힘들게 느껴지는 순간이 언제야?,4,4,P4
3,p2,matched,적절,부모님,질문·요청,1,아빠: 내일 병원에서 검사 결과를 듣는데 같이 가줄 수 있니?,"응, 몇 시까지 가면 되는지 알려줘. 시간 맞춰서 같이 갈게.",8,8,P2
4,p3,matched,적절,연인,고민·감정 상담,2,"나: 아까부터 표정이 안 좋아 보이던데 무슨 일 있어?
연인: 지금은 혼자 해결하려 하지 말고 주변에 도움을 구해보려고 해","그래. 당장은 그 계획대로 해보고, 필요하면 다시 조정하자.",9,9,P5
5,p4,matched,적절,부모님,질문·요청,3,"아빠: 이번 주 가족 모임 참석자 명단에 이모도 추가해줄래?
나: 응, 성함만 다시 알려줘.
아빠: 박정희로 추가하면 돼.","응, 명단에 추가하고 빠진 사람이 없는지도 다시 확인할게.",12,12,P2
6,p5,matched,적절,직장 관계(상사·동료),갈등 상황,1,동료: 역할 분담은 다음 회의에서 다시 정하는 것으로 하겠습니다,그럼 다음부터는 지금 합의한 방식으로 진행하죠. 지금은 추가로 바꿀 건 없어 보여.,13,13,P5
7,p6,matched,적절,부모님,갈등 상황,2,"나: 서로 불편했던 부분은 한번 정리했으면 해.
아빠: 다음부터 약속을 바꾸기 전에 먼저 말해줄래?",알겠어. 다음부터는 먼저 이야기하고 네 의견을 확인할게. 다음부터는 당사자와 먼저 상의할게.,16,16,P2
8,p7,matched,적절,부모님,일상 대화,3,"엄마: 그러고 보니 얘기해줄 게 있어.
나: 그래서 어떻게 됐어?
엄마: 퇴근길에 노을이 예뻐서 사진을 한참 찍었어",직접 해보니 느낌이 달랐겠다. 그 뒤에 이어진 일도 있었는지 궁금하다. 사진도 찍었어? 실제로 본 색감이 더 예뻤겠다.,17,17,P4
9,p8,matched,적절,직장 관계(상사·동료),고민·감정 상담,4,"나: 어디서부터 시작해야 할지 막히셨나요?
동료: 어디서부터 시작해야 할지 감이 오지 않습니다.
나: 네, 조금 더 구체적으로 말씀해주세요.
동료: 일이 한꺼번에 겹쳤을 때 우선순위를 어떻게 정해야 할까요?","우선 마감이 임박한 일과 다른 사람 작업을 막고 있는 일을 먼저 나누고, 나머지 범위와 기한은 담당자와 다시 합의해요. 그다음 결과를 보고 다음 단계를 정하면 됩니다.",19,19,P3
10,p9,matched,적절,직장 관계(상사·동료),정보 공유,2,"나: 현재 기준으로 결정된 내용이 있나요?
팀장: 공사 때문에 주차장은 토요일 오전에 이용할 수 없대","응, 전달한 내용대로 알고 있을게. 일정이 가까워지면 한 번 더 확인하죠.",20,20,P5
11,p10,matched,적절,선후배,업무 대화,4,"나: 진행하다가 막힌 부분이 있으신가요?
선배: 급한 건 아니지만 부탁 하나 드려도 될까요?
나: 네, 어떤 부분을 도와드리면 될까요?
선배: 회의 시간을 네 시로 변경해서 참석자들에게 알려주시겠어요?","네, 제가 대신 참석하고 주요 내용은 정리해서 공유드리겠습니다. 완료되면 결과를 같이 확인하죠.",22,22,P2
12,p11,matched,적절,형제·자매,정보 공유,1,형: 병원 예약이 다음 주 화요일 오전 열 시로 잡혔어. 캘린더에 적어줄래?,"응, 인원과 시간 확인해서 예약해둘게. 혹시 문제가 생기면 먼저 말할게.",28,28,P2
13,p12,matched,적절,부모님,일상 대화,2,"나: 그 뒤에 어떻게 됐는지 궁금했어.
아빠: 처음으로 자전거 타고 출근했는데 생각보다 할 만했어",생각보다 기억에 남는 일이었나 보네. 그 경험이 왜 기억에 남았는지 알고 싶어. 직접 해보니 힘든 점보다 좋았던 점이 더 컸어?,32,32,P4
14,p13,matched,적절,부모님,갈등 상황,2,"나: 아까 분위기가 안 좋았는데 무슨 일이었어?
엄마: 문제가 있으면 공개적으로 말하기 전에 나한테 먼저 알려주세요",알겠어. 다음부터는 먼저 이야기하고 네 의견을 확인할게. 요청한 부분만 정확히 반영할게.,35,35,P2
15,p14,matched,적절,친구,질문·요청,4,"나: 지난번에 물어본 건 답 왔어?
친구: 일정이 정해져서 미리 알려주려고 했어.
나: 그래, 현재 상황이 어떻게 돼?
친구: 그 내용은 다른 사람들에게도 공유해도 돼?","응, 그 내용은 공유해도 돼. 추가로 확인되는 게 있으면 이어서 알려줘.",36,36,P5
16,p15,matched,적절,형제·자매,업무 대화,4,"나: 오늘 배포할 내용 남았어?
동생: 응, 수정한 화면을 QA 환경에 올려줄 수 있어?
나: 몇 시까지 필요해?
동생: 세 시 전까지면 돼.","응, 두 시 반까지 올리고 동작 확인도 한 번 해볼게.",37,37,P2
17,p16,matched,적절,직장 관계(상사·동료),업무 대화,2,"나: 확인해드릴 내용이 있나요?
팀장: 오류가 발생한 계정 목록을 정리해서 공유해주실 수 있나요?","네, 확인된 계정을 정리해서 오늘 안에 공유드리겠습니다. 필요한 시간에 맞춰둘게.",41,41,P2
18,p17,matched,적절,형제·자매,질문·요청,2,"나: 아까 고민되는 게 있다고 했지?
오빠: 김치냉장고에서 소리가 나는데 바로 서비스센터에 연락해야 할까?",내 생각에는 평소와 다른 큰 소리가 계속 나면 모델명과 소리가 나는 상황을 적어두고 서비스센터에 문의하는 게 안전해. 해결되지 않으면 조건을 하나씩 빼면서 원인을 좁혀봐.,43,43,P3
19,p18,matched,적절,직장 관계(상사·동료),업무 대화,1,선임: 회의 자료의 수치와 원본 데이터를 대조해주실 수 있을까요?,"네, 제가 대신 참석하고 주요 내용은 정리해서 공유드리겠습니다. 빠뜨리지 않도록 메모해두겠습니다.",45,45,P2
20,p19,matched,적절,연인,일상 대화,1,연인: 요즘 야근이 계속돼서 생활 리듬이 완전히 깨졌어.,계속 제대로 못 쉬었구나. 오늘은 일 생각 잠깐 내려놓고 일찍 쉬자.,47,47,P1
21,p20,matched,적절,선후배,고민·감정 상담,2,"나: 선택지 때문에 망설이는 부분이 있나요?
후배: 실수한 일이 계속 마음에 남는데 어떻게 털어내면 좋을까요?","이 경우에는 지금 확인할 수 있는 사실과 원하는 결과를 먼저 나눈 뒤, 바로 실행할 수 있는 한 가지부터 시작해봐. 해본 뒤 마음이 더 복잡해지면 믿을 만한 사람에게 다시 이야기해봐.",53,53,P3
22,p21,matched,적절,부모님,갈등 상황,2,"나: 내가 놓친 게 있으면 말해줘.
아빠: 내 물건을 쓰기 전에 한마디만 해줄래?",알겠어. 다음부터는 먼저 이야기하고 네 의견을 확인할게. 오늘 일정 안에서 처리해둘게.,54,54,P2
23,p22,matched,적절,직장 관계(상사·동료),고민·감정 상담,1,동료: 실수한 일이 계속 마음에 남는데 어떻게 털어내면 좋을까요?,"가장 먼저 지금 확인할 수 있는 사실과 원하는 결과를 먼저 나눈 뒤, 바로 실행할 수 있는 한 가지부터 시작해봐. 대화가 격해지면 잠깐 멈추고 다시 이야기할 시간을 정해봐.",58,58,P3
24,p23,matched,적절,친구,고민·감정 상담,3,"친구: 사실 요즘 마음에 걸리는 게 있어.
나: 혼자 계속 생각하고 있었던 거야?
친구: 부모님과 진로 얘기만 하면 자꾸 다투게 돼서 답답해",그 상황이면 누구라도 힘들었을 거야. 조금 가라앉으면 다음 일을 같이 생각해보자.,60,60,P1
25,p24,matched,적절,선후배,고민·감정 상담,1,후배: 일을 쉬고 있는데 앞으로 뭘 해야 할지 막막해요,기대했던 만큼 더 속상했겠다. 네 마음부터 챙기는 게 먼저인 것 같아요.,61,61,P1
26,p25,matched,적절,선후배,일상 대화,2,"나: 신경 쓰이는 일이 있으신 것 같아요.
선배: 혼자 밥 먹는 날이 계속되니까 생각보다 외롭더라",혼자 버티느라 많이 지쳤겠네요. 필요하면 제가 옆에서 같이 정리해보겠습니다.,62,62,P1
27,p26,matched,적절,부모님,갈등 상황,4,"나: 감정 더 상하기 전에 차분히 얘기하자.
엄마: 내가 불편했던 부분을 말하고 싶어.
나: 응, 차분히 들어볼게.
엄마: 다음부터 약속을 바꾸기 전에 먼저 말해줄래?",알겠어. 다음부터는 먼저 이야기하고 네 의견을 확인할게. 앞으로는 결정 전에 한 번 더 이야기하자.,63,63,P2
28,p27,matched,적절,연인,질문·요청,3,"연인: 방법을 몇 가지 찾아봤는데 뭐가 맞는지 모르겠어.
나: 선택지가 어떻게 되는데?
연인: React에서 useEffect가 계속 반복 실행되는데 어디부터 확인해야 할까?","복잡하게 보기보다 의존성 배열에 매 렌더링마다 새로 만들어지는 함수나 객체가 들어가는지 먼저 확인하고, 필요하면 useCallback이나 useMemo로 참조를 고정해봐. 문제가 생긴 직전 변경 사항부터 역순으로 확인해봐.",65,65,P3
29,p28,matched,적절,연인,질문·요청,3,"연인: 현재 상황만 간단히 알려줄게.
나: 시간은 그대로야?
연인: 배송지를 회사로 바꿔도 괜찮아?",회사로 변경해도 문제없어. 필요하면 그때 다시 조정하자.,66,66,P5
30,p29,matched,적절,부모님,정보 공유,2,"나: 지금 기준으로 정해진 게 있어?
아빠: 오늘 회의는 세 시에서 네 시로 변경됐어요","좋아, 그 내용은 기억해둘게. 변경된 부분은 메모해둘게. 시간이나 준비해야 할 내용도 같이 바뀐 건 없어?",68,68,P4
31,p30,matched,적절,선후배,업무 대화,4,"나: 현재 기준으로 결정된 내용이 있나요?
선배: 관련된 분들과 이야기해서 정리했습니다.
나: 네, 어떻게 정해졌나요?
선배: 오늘 회의는 세 시에서 네 시로 변경됐어요",확인했습니다. 공유된 일정과 기준에 맞춰 진행하겠습니다. 관련된 사람에게도 같은 내용으로 전달하겠습니다.,70,70,P5
32,p31,matched,적절,선후배,업무 대화,3,"선배: 확인된 내용이 있어서 말씀드리려고 합니다.
나: 그 기준으로 진행하면 되는 건가요?
선배: 보고서 검토는 팀장님 확인 후 마무리하겠습니다","네, 전달해주신 내용대로 업무를 진행하겠습니다. 그 내용은 제가 메모해두겠습니다.",72,72,P5
33,p32,matched,적절,선후배,고민·감정 상담,4,"나: 아까부터 표정이 좋지 않던데 무슨 일 있으세요?
후배: 어디서부터 말씀드려야 할지 모르겠는데 조금 힘듭니다.
나: 지금 가장 힘든 부분이 무엇인가요?
후배: 부모님과 진로 얘기만 하면 자꾸 다투게 돼서 답답해요",그 말을 꺼내는 것도 쉽지 않았겠다. 한 번의 결과로 네 노력이 사라지는 건 아니야.,73,73,P1
34,p33,matched,적절,부모님,고민·감정 상담,2,"나: 마음에 걸리는 일 있으면 편하게 말해.
아빠: 요즘 친구들을 만나도 혼자인 느낌이 들어",계속 신경 쓰였을 텐데 잘 말해줬어. 혼자 감당하지 말고 힘들면 나한테 말해.,76,76,P1
35,p34,matched,적절,형제·자매,정보 공유,3,"오빠: 하나만 도와줄 수 있어?
나: 응, 구체적으로 얘기해봐.
오빠: 숙소 체크인은 세 시부터 가능하대. 이동 시간 다시 계산해줄래?","응, 내가 맡아서 확인해볼게. 요청한 부분만 정확히 반영할게.",79,79,P2
36,p35,matched,적절,직장 관계(상사·동료),업무 대화,4,"나: 방법을 같이 생각해봤으면 하는 부분이 있나요?
팀장: 어떻게 하는 게 좋을지 고민되는 부분이 있어요.
나: 어떤 기준으로 결정하고 싶으신가요?
팀장: 업무가 한꺼번에 몰렸을 때 우선순위를 어떻게 정하는 게 좋을까요?","우선 마감이 임박한 일과 다른 사람 작업을 막고 있는 일을 먼저 나누고, 나머지 범위와 기한은 담당자와 다시 합의해요. 우선순위가 애매하면 마감과 영향 범위부터 비교해봐.",80,80,P3
37,p36,matched,적절,선후배,업무 대화,3,"후배: 배포 이후 상황을 확인해봤어요.
나: 예상했던 결과와 비슷한가요?
후배: 이번 주 보고서는 예상보다 빨리 마무리됐습니다","오, 결과가 나왔군요. 후속 작업에 영향이 있는지도 궁금합니다. 진행하면서 예상과 달랐던 부분은 없었어?",81,81,P4
38,p37,matched,적절,직장 관계(상사·동료),고민·감정 상담,2,"나: 확인해드릴 내용이 있나요?
동료: 이 얘기를 어디서부터 풀어야 할지 모르겠어요. 조금만 들어줘","응, 제가 맡아서 확인해보겠습니다. 진행 상태도 중간에 알려드릴게요.",85,85,P2
39,p38,matched,적절,형제·자매,일상 대화,2,"나: 전에 말한 일 결과 나왔어?
언니: 방 정리하다가 예전 여행 사진을 잔뜩 찾았어",그 얘기 들으니 궁금해진다. 의외였던 부분도 있었을 것 같네. 사진 보면서 가장 먼저 떠오른 기억은 뭐였어?,86,86,P4
40,p39,matched,적절,선후배,일상 대화,4,"나: 요즘 기운이 없어 보이는데 괜찮아?
후배: 집에만 있으면 괜히 기분이 가라앉는 날이 많아졌어요.
나: 최근에 특별히 힘든 일이 있었어?
후배: 뚜렷한 이유는 없는데 자꾸 의욕이 없어져요.",그럴 때는 이유를 당장 찾아내려고 애쓰지 않아도 돼. 며칠 더 계속되면 혼자 견디지 말고 주변에 도움도 요청해봐.,89,89,P1
41,p40,matched,적절,선후배,고민·감정 상담,3,"선배: 비슷한 경험이 있으시면 조언을 듣고 싶습니다.
나: 어떤 점이 가장 고민되세요?
선배: 실수한 일이 계속 마음에 남는데 어떻게 털어내면 좋을까요?","내 생각에는 지금 확인할 수 있는 사실과 원하는 결과를 먼저 나눈 뒤, 바로 실행할 수 있는 한 가지부터 시작해봐. 지금 당장 해결하려 하기보다 대화할 수 있는 시간을 먼저 잡아봐.",90,90,P3
42,p41,matched,적절,친구,고민·감정 상담,4,"나: 마음에 걸리는 일 있으면 편하게 말해.
친구: 사실 요즘 마음에 걸리는 게 있어.
나: 혼자 계속 생각하고 있었던 거야?
친구: 요즘은 퇴근하고 집에 오면 아무것도 하고 싶지 않아",그 얘기를 꺼내기까지 생각이 많았겠다. 혼자 계속 생각하고 있었던 것 같네. 요즘 특히 더 힘들게 느껴지는 순간이 언제야?,92,92,P4
43,p42,matched,적절,직장 관계(상사·동료),업무 대화,3,"선임: 혼자 생각해봤지만 결정을 내리지 못했습니다.
나: 지금까지 시도해본 방법이 있나요?
선임: 업무가 한꺼번에 몰렸을 때 우선순위를 어떻게 정하는 게 좋을까요?","이 경우에는 마감이 임박한 일과 다른 사람 작업을 막고 있는 일을 먼저 나누고, 나머지 범위와 기한은 담당자와 다시 합의해요. 현재 할 수 있는 범위와 나중에 할 일을 따로 나눠봐.",93,93,P3
44,p43,matched,적절,친구,고민·감정 상담,2,"나: 요즘 생각이 많아 보이더라. 괜찮아?
친구: 요즘 작은 실수에도 스스로를 너무 몰아붙이는 것 같아",그런 기분이 들면 혼자 견디기 힘들지. 서두르지 말고 편하게 얘기해. 요즘 특히 더 힘들게 느껴지는 순간이 언제야?,95,95,P4
45,p44,matched,적절,선후배,정보 공유,2,"나: 일정은 어떻게 정해졌나요?
후배: 휴가 신청은 이번 주 안에 제출하면 된대","응, 전달한 내용대로 알고 있을게. 다른 내용은 그대로 두면 됩니다.",99,99,P5
46,p45,matched,적절,형제·자매,정보 공유,4,"나: 변경된 내용 있으면 말해줘.
언니: 계획을 조금 조정해서 말해두려고.
나: 그 기준으로 진행하면 되는 거야?
언니: 예약 인원은 네 명으로 최종 확인됐어",확인했어. 필요한 준비는 그 일정에 맞출게. 변경 사항이 생기면 다시 알려줘.,102,102,P5
47,p46,matched,적절,부모님,고민·감정 상담,2,"나: 요즘 집에 혼자 계시면 적적하지 않아?
아빠: 네 엄마가 여행 가고 나니까 집이 너무 조용해서 영 적응이 안 된다.",평소보다 더 허전하겠네. 저녁에 내가 들를 테니까 같이 밥 먹자.,104,104,P1
48,p47,matched,적절,직장 관계(상사·동료),업무 대화,3,"선임: 변경된 부분이 하나 있습니다.
나: 네, 확인된 내용을 말씀해주세요.
선임: 고객사 회신은 내일 오전에 받을 예정입니다","네, 해당 기준으로 반영해두겠습니다. 현재 기준에서는 더 정할 건 없어요.",105,105,P5
49,p48,matched,적절,친구,갈등 상황,3,"친구: 그냥 넘어가면 계속 마음에 남을 것 같아.
나: 어떻게 했으면 좋겠어?
친구: 늦어질 때는 짧게라도 연락해줄 수 있어?",알겠어. 다음부터는 먼저 이야기하고 네 의견을 확인할게. 필요한 시간에 맞춰둘게.,106,106,P2
50,p49,matched,적절,부모님,갈등 상황,1,아빠: 다음부터 약속을 바꾸기 전에 먼저 말해줄래?,알겠어. 다음부터는 먼저 이야기하고 네 의견을 확인할게. 다른 사람에게 말하기 전에 꼭 확인할게.,108,108,P2
51,p50,matched,적절,연인,고민·감정 상담,2,"나: 요즘 좀 지쳐 보이는데 괜찮아?
연인: 지금은 혼자 해결하려 하지 말고 주변에 도움을 구해보려고 해","그래. 당장은 그 계획대로 해보고, 필요하면 다시 조정하자. 필요하면 그때 다시 조정하자.",110,110,P5
52,p51,matched,적절,부모님,질문·요청,2,"나: 오늘은 평소보다 말이 없네. 무슨 일 있었어?
엄마: 잘 쉬고 있는데도 피곤한데 혹시 내가 무리하고 있는 것처럼 보여?",생각이 많아질 수밖에 없는 상황이었네. 지금까지 버틴 것만으로도 충분히 잘했어.,111,111,P1
53,p52,matched,적절,부모님,일상 대화,2,"나: 그 뒤에 어떻게 됐는지 궁금했어.
아빠: 주말에 동네 새로 생긴 빵집 갔는데 소금빵이 괜찮더라","응, 그 뒤 이야기도 궁금하다. 얘기만 들어도 장면이 조금 그려진다. 다른 메뉴도 먹어봤어, 아니면 소금빵이 제일 괜찮았어?",112,112,P4
54,p53,matched,적절,친구,질문·요청,1,친구: 이번 모임 예약을 대신해줄 수 있어?,"응, 인원과 시간 확인해서 예약해둘게. 오늘 일정 안에서 처리해둘게.",113,113,P2
55,p54,matched,적절,연인,갈등 상황,3,"연인: 그냥 넘어가면 계속 마음에 남을 것 같아.
나: 어떻게 했으면 좋겠어?
연인: 연락 없이 늦어져서 걱정도 됐고 서운하기도 했어",많이 긴장되고 부담됐겠다. 지금 느끼는 감정을 그대로 인정해도 괜찮아.,114,114,P1
56,p55,matched,적절,형제·자매,업무 대화,2,"나: 아까 물어보려던 건 해결했어?
오빠: 배포 전에 꼭 확인해야 할 항목을 어떤 순서로 보면 좋을까?","가장 먼저 지금 확인할 수 있는 사실과 원하는 결과를 먼저 나눈 뒤, 바로 실행할 수 있는 한 가지부터 시작해봐. 정상 동작하는 경우와 비교하면 차이를 빨리 찾을 수 있어.",115,115,P3
57,p56,matched,적절,선후배,업무 대화,2,"나: 혼자 판단하기 어려운 일이 있으신가요?
후배: 보고서 수치가 다를 때 원인을 효율적으로 찾는 방법이 있을까요?","복잡하게 보기보다 원본 데이터의 기준일과 필터 조건부터 맞춘 뒤, 계산식과 수기 입력된 셀을 차례로 비교하는 게 빨라. 재현 조건을 정리한 뒤 한 가지 조건씩 바꿔보는 게 좋아.",117,117,P3
58,p57,matched,적절,직장 관계(상사·동료),고민·감정 상담,2,"나: 요즘 많이 지쳐 보이는데 괜찮으세요?
동료: 팀에서 내 역할이 자꾸 바뀌니까 제가 필요한 사람인지 모르겠어요",그랬구나. 요즘 많이 지쳤나 보네요. 그 상황이 왜 마음에 남는지 이해돼. 요즘 특히 더 힘들게 느껴지는 순간이 언제야?,118,118,P4
59,p58,matched,적절,직장 관계(상사·동료),갈등 상황,2,"나: 이번 일은 기준을 분명히 정했으면 합니다.
팀장: 상대가 계속 약속을 바꾸는데 어디까지 맞춰줘야 할까요?","우선 지금 확인할 수 있는 사실과 원하는 결과를 먼저 나눈 뒤, 바로 실행할 수 있는 한 가지부터 시작해봐. 혼자 판단하기 어렵다면 관련된 사람과 기준부터 맞춰봐.",122,122,P3
60,p59,matched,적절,직장 관계(상사·동료),업무 대화,2,"나: 아까 문의하실 내용이 있다고 들었어요.
선임: 오류가 발생한 계정 목록을 정리해서 공유해주실 수 있나요?","네, 확인된 계정을 정리해서 오늘 안에 공유드리겠습니다. 끝나면 바로 알려드릴게요.",123,123,P2
61,p60,matched,적절,형제·자매,일상 대화,2,"나: 오늘 있었던 일 중에 기억나는 거 있어?
형: 주말에 동네 새로 생긴 빵집 갔는데 소금빵이 괜찮더라","그 얘기 들으니 궁금해진다. 처음 시작할 때와 느낌이 달라졌을 것 같아. 다른 메뉴도 먹어봤어, 아니면 소금빵이 제일 괜찮았어?",124,124,P4
62,p61,matched,적절,직장 관계(상사·동료),업무 대화,3,"선임: 관련된 분들과 이야기해서 정리했습니다.
나: 네, 어떻게 정해졌나요?
선임: 고객사 회신은 내일 오전에 받을 예정입니다","네, 전달해주신 내용대로 업무를 진행하겠습니다. 관련된 사람에게도 같은 내용으로 전달하겠습니다.",126,126,P5
63,p62,matched,적절,선후배,일상 대화,3,"선배: 요즘 같은 생각이 자꾸 반복돼요.
나: 지금 가장 힘든 부분이 무엇인가요?
선배: 혼자 밥 먹는 날이 계속되니까 생각보다 외롭더라",그랬구나. 많이 마음 쓰였겠다. 한 번의 결과로 네 노력이 사라지는 건 아니야.,128,128,P1
64,p63,matched,적절,연인,정보 공유,2,"나: 확인해야 할 내용은 다 정리됐어?
연인: 택배는 오늘 저녁 여덟 시쯤 도착 예정이래",알겠어. 일정이 그렇게 정해졌구나. 일정이 가까워지면 다시 한 번 확인하자. 시간이나 준비해야 할 내용도 같이 바뀐 건 없어?,130,130,P4
65,p64,matched,적절,부모님,정보 공유,3,"엄마: 변경된 부분이 하나 있어.
나: 시간은 그대로야?
엄마: 병원 예약은 다음 주 화요일 오전 열 시로 잡혔어",확인됐구나. 관련해서 준비할 게 있는지도 봐야겠다. 시간이나 준비해야 할 내용도 같이 바뀐 건 없어?,131,131,P4
66,p65,matched,적절,형제·자매,질문·요청,2,"나: 아까 물어볼 게 있다던데 뭔데?
형: 이번 모임 예약을 대신해줄 수 있어?","응, 인원과 시간 확인해서 예약해둘게. 처리한 뒤 한 번 더 확인할게.",132,132,P2
67,p66,matched,적절,친구,질문·요청,3,"친구: 관련된 사람들과 얘기해서 정리했어.
나: 그 기준으로 진행하면 되는 거야?
친구: 예약 인원은 네 명으로 넣으면 되는 거지?","응, 네 명으로 넣으면 돼. 그 내용은 내가 메모해둘게.",133,133,P5
68,p67,matched,적절,선후배,일상 대화,2,"나: 지난번에 말씀하신 일은 어떻게 됐나요?
후배: 어제 혼자 전시회에 갔는데 천천히 볼 수 있어서 오히려 좋았어요","응, 그 뒤 이야기도 궁금하다. 네가 어떤 부분을 좋아했는지 더 듣고 싶어. 작품 중에서 제일 오래 보고 온 건 뭐였어?",135,135,P4
69,p68,matched,적절,형제·자매,질문·요청,4,"나: 선택지 때문에 망설이는 게 있어?
언니: 일단 해보기 전에 한 번 물어보고 싶었어.
나: 지금까지 해본 건 뭐가 있어?
언니: 노트북이 느려졌는데 포맷하기 전에 해볼 만한 게 있을까?","내 생각에는 포맷하기 전에 시작 프로그램과 저장 공간부터 정리하고, 작업 관리자에서 자원을 많이 쓰는 프로그램을 확인해봐. 확인한 순서와 결과를 짧게 메모해두는 것도 좋아.",138,138,P3
70,p69,matched,적절,선후배,업무 대화,2,"나: 아까 연락 주신 이유가 부탁할 내용 때문인가요?
선배: 오류가 발생한 계정 목록을 정리해서 공유해주실 수 있나요?","네, 확인된 계정을 정리해서 오늘 안에 공유드리겠습니다. 관련된 내용까지 같이 확인해보겠습니다.",140,140,P2
71,p70,matched,적절,형제·자매,질문·요청,3,"언니: 일단 지금 기준으로 결정된 게 있어.
나: 응, 확인된 내용 말해줘.
언니: 토요일과 일요일 중 어느 날이 더 편해?",내 일정은 일요일이 더 여유 있어. 다른 내용은 그대로 두면 돼.,142,142,P5
72,p71,matched,적절,선후배,정보 공유,2,"나: 아까 말씀하신 계획은 그대로인가요?
후배: 교육 일정은 월요일과 수요일로 정해졌어요",좋아. 현재 확정된 내용으로 정리해두겠습니다. 변경 사항이 생기면 다시 알려주세요.,143,143,P5
73,p72,matched,적절,선후배,고민·감정 상담,1,선배: 번아웃인지 단순히 피곤한 건지 구분하려면 뭘 살펴봐야 할까요?,"이 경우에는 수면과 식사, 집중력 저하가 얼마나 오래됐는지 먼저 기록해보고, 쉬어도 회복되지 않으면 상담이나 진료도 고려해봐. 대화가 격해지면 잠깐 멈추고 다시 이야기할 시간을 정해봐.",144,144,P3
74,p73,matched,적절,직장 관계(상사·동료),업무 대화,1,동료: 이번 주 일정표에 변경된 담당자를 반영해주실 수 있나요?,알겠습니다. 변경된 내용으로 반영한 뒤 다시 확인하겠습니다. 완료되면 결과를 같이 확인하죠.,145,145,P2
75,p74,matched,적절,연인,일상 대화,3,"연인: 오늘은 그냥 누군가한테 말하고 싶었어.
나: 그래, 편하게 얘기해도 돼.
연인: 요즘 사소한 일에도 예민해져서 나도 좀 당황스러워",그 상황이면 누구라도 힘들었을 거야. 혼자 감당하지 말고 힘들면 나한테 말해.,146,146,P1
76,p75,matched,적절,친구,갈등 상황,4,"나: 아까 분위기가 안 좋았는데 무슨 일이었어?
친구: 이번 일은 솔직히 서운한 부분이 있어.
나: 내가 뭘 놓쳤는지 말해줘.
친구: 확정되지 않은 내용은 외부에 전달하지 말아주실 수 있을까?",알겠어. 다음부터는 먼저 이야기하고 네 의견을 확인할게. 빠뜨리지 않도록 메모해둘게.,147,147,P2
77,p76,matched,적절,연인,질문·요청,1,연인: 오는 길에 약국에 들러서 소화제 하나만 사다 줄래?,"응, 오는 길에 들러서 사갈게. 오늘 일정 안에서 처리해둘게.",149,149,P2
78,p77,matched,적절,연인,질문·요청,1,연인: 토요일과 일요일 중 어느 날이 더 편해?,나는 일요일이 더 편해. 현재 기준에서는 더 정할 건 없어.,156,156,P5
79,p78,matched,적절,직장 관계(상사·동료),업무 대화,3,"동료: 혼자 생각해봤지만 결정을 내리지 못했습니다.
나: 지금까지 시도해본 방법이 있나요?
동료: 보고서 수치가 다를 때 원인을 효율적으로 찾는 방법이 있을까요?","가장 먼저 원본 데이터의 기준일과 필터 조건부터 맞춘 뒤, 계산식과 수기 입력된 셀을 차례로 비교하는 게 빨라. 문제가 생긴 직전 변경 사항부터 역순으로 확인해봐.",157,157,P3
80,p79,matched,적절,선후배,업무 대화,2,"나: 현재 기준으로 결정된 내용이 있나요?
선배: 다음 회의에서는 역할 분담부터 다시 정리할 예정입니다","네, 전달해주신 내용대로 업무를 진행하겠습니다.",158,158,P5
81,p80,matched,적절,직장 관계(상사·동료),업무 대화,2,"나: 확인해드릴 내용이 있나요?
팀장: 오늘 안에 수정된 화면을 QA 환경에 올려주실 수 있나요?",알겠습니다. 변경된 내용으로 반영한 뒤 다시 확인하겠습니다. 끝나면 바로 알려드릴게요.,161,161,P2
82,p81,matched,적절,선후배,고민·감정 상담,4,"나: 어떻게 처리해야 할지 고민 중이신가요?
선배: 비슷한 경험이 있으시면 조언을 듣고 싶습니다.
나: 어떤 점이 가장 고민되세요?
선배: 일이 한꺼번에 겹쳤을 때 우선순위를 어떻게 정해야 할까요?","복잡하게 보기보다 마감이 임박한 일과 다른 사람 작업을 막고 있는 일을 먼저 나누고, 나머지 범위와 기한은 담당자와 다시 합의해요. 그다음 결과를 보고 다음 단계를 정하면 됩니다.",162,162,P3
83,p82,matched,적절,연인,고민·감정 상담,4,"나: 혼자 고민하는 게 있는 것 같아서 물어봤어.
연인: 오늘은 그냥 누군가한테 말하고 싶었어.
나: 그 일 때문에 많이 힘들었어?
연인: 오늘은 해야 할 일 하나만 끝내고 일찍 쉬기로 했어","응, 지금은 무리해서 결론 내리지 않고 조금 더 지켜보자. 지금은 추가로 바꿀 건 없어 보여.",165,165,P5
84,p83,matched,적절,연인,일상 대화,2,"나: 전에 말한 일 결과 나왔어?
연인: 주말에 동네 새로 생긴 빵집 갔는데 소금빵이 괜찮더라","오, 그랬구나. 얘기만 들어도 장면이 조금 그려진다. 다른 메뉴도 먹어봤어, 아니면 소금빵이 제일 괜찮았어?",166,166,P4
85,p84,matched,적절,형제·자매,질문·요청,1,오빠: 배송지를 회사로 바꿔도 괜찮아?,"응, 회사 주소로 바꿔도 괜찮아. 일정이 가까워지면 한 번 더 확인하자.",167,167,P5
86,p85,matched,적절,연인,정보 공유,1,연인: 휴가 신청은 이번 주 안에 제출하면 된대,좋아. 현재 확정된 내용으로 정리해둘게. 추가로 확인되는 게 있으면 이어서 알려줘.,171,171,P5
87,p86,matched,적절,형제·자매,고민·감정 상담,1,동생: 실수한 일이 계속 마음에 남는데 어떻게 털어내면 좋을까?,"우선 지금 확인할 수 있는 사실과 원하는 결과를 먼저 나눈 뒤, 바로 실행할 수 있는 한 가지부터 시작해봐. 지금 당장 해결하려 하기보다 대화할 수 있는 시간을 먼저 잡아봐.",173,173,P3
88,p87,matched,적절,친구,고민·감정 상담,2,"나: 아까 고민되는 게 있다고 했지?
친구: 번아웃인지 단순히 피곤한 건지 구분하려면 뭘 살펴봐야 할까?","내 생각에는 수면과 식사, 집중력 저하가 얼마나 오래됐는지 먼저 기록해보고, 쉬어도 회복되지 않으면 상담이나 진료도 고려해봐. 상대의 답을 재촉하지 말고 네 의도부터 분명하게 전달해봐.",174,174,P3
89,p88,matched,적절,연인,고민·감정 상담,4,"나: 아까 물어보려던 건 해결했어?
연인: 일단 해보기 전에 한 번 물어보고 싶었어.
나: 어디에서 가장 막혔어?
연인: 친구와 어색해졌는데 먼저 연락하는 게 나을까 조금 기다릴까?","이 경우에는 부담이 덜한 짧은 안부부터 보내고, 바로 답을 요구하기보다 상대가 편할 때 답할 수 있게 말해봐. 네가 바라는 변화가 무엇인지 구체적으로 말하는 게 좋아.",175,175,P3
90,p89,matched,적절,연인,질문·요청,3,"연인: 방금 답이 와서 공유하려고 해.
나: 그럼 다음에는 뭘 하면 돼?
연인: 토요일과 일요일 중 어느 날이 더 편해?",일요일로 잡으면 괜찮아. 변경 사항이 생기면 다시 알려줘.,177,177,P5
91,p90,matched,적절,선후배,질문·요청,4,"나: 혼자 판단하기 어려운 일이 있으신가요?
선배: 어디서부터 시작해야 할지 감이 오지 않습니다.
나: 원하시는 결과가 무엇인가요?
선배: 업무 인수인계 문서는 어느 정도까지 자세히 쓰는 게 좋아?","가장 먼저 업무 목적, 반복 절차, 예외 상황, 담당자 연락처 순으로 정리하면 처음 보는 사람도 따라가기 쉬워. 기준을 정한 뒤 같은 기준으로 선택지를 비교해봐.",182,182,P3
92,p91,matched,적절,연인,업무 대화,3,"연인: 어디서부터 시작해야 할지 감이 안 와.
나: 응, 구체적으로 얘기해봐.
연인: 업무가 한꺼번에 몰렸을 때 우선순위를 어떻게 정하는 게 좋을까?","복잡하게 보기보다 마감이 임박한 일과 다른 사람 작업을 막고 있는 일을 먼저 나누고, 나머지 범위와 기한은 담당자와 다시 합의해. 우선순위가 애매하면 마감과 영향 범위부터 비교해봐.",183,183,P3
93,p92,matched,적절,친구,정보 공유,1,친구: 다음 달부터 관리비 납부일이 25일로 바뀐대,알겠어. 바뀐 일정으로 기억해둘게. 현재 기준에서는 더 정할 건 없어.,184,184,P5
94,p93,matched,적절,선후배,업무 대화,1,선배: 처음 만든 API가 드디어 정상적으로 동작해요,진행 상황이 정리됐네요. 어떤 과정으로 해결됐는지도 궁금합니다. 준비하거나 수정한 것 중에서 가장 도움이 된 부분은 뭐였어?,188,188,P4
95,p94,matched,적절,직장 관계(상사·동료),질문·요청,2,"나: 일정은 어떻게 정해졌나요?
동료: 자료는 메일과 메신저 중 어디로 보내면 돼?",메일로 받는 게 확인하기 편해요.,190,190,P5
96,p95,matched,적절,연인,질문·요청,3,"연인: 부탁할 게 하나 있어.
나: 어느 부분을 확인하면 돼?
연인: 내일 면접 전에 자기소개 한번 들어봐 줄래?","응, 보내줘. 표현이 어색한 부분까지 같이 확인해줄게. 처리한 뒤 한 번 더 확인할게.",191,191,P2
97,p96,matched,적절,직장 관계(상사·동료),업무 대화,2,"나: 아까 부탁하실 내용이 있다고 하셨죠?
팀장: 오류가 발생한 계정 목록을 정리해서 공유해주실 수 있나요?","네, 확인된 계정을 정리해서 오늘 안에 공유드리겠습니다. 완료되면 결과를 같이 확인하죠. 완료되면 필요한 시점에 맞춰 전달하겠습니다.",194,194,P2
98,p97,matched,적절,친구,정보 공유,2,"나: 일정은 어떻게 정해졌어?
친구: 숙소 체크인은 오후 세 시부터 가능하다고 답 왔어",알겠어. 일정이 그렇게 정해졌구나. 다른 사람도 알아야 하는 내용인지 궁금하네. 시간이나 준비해야 할 내용도 같이 바뀐 건 없어?,195,195,P4
99,p98,matched,적절,연인,정보 공유,3,"연인: 혼자 해보다가 잘 안 되는 게 있어.
나: 응, 어떤 걸 도와주면 돼?
연인: 발표 순서는 우리 팀이 세 번째래. 팀원들에게도 알려줄래?","응, 확인한 내용을 팀원들에게 바로 알려줄게. 이번에 정한 기준을 나도 지킬게.",196,196,P2
100,p99,matched,적절,직장 관계(상사·동료),갈등 상황,4,"나: 아까 이야기한 일정은 어떻게 정리됐어요?
팀장: 지금은 서로 감정이 올라온 것 같으니 저녁에 다시 이야기하죠.
나: 네, 그때 차분히 정리하겠습니다.
팀장: 우선 지금 맡은 업무부터 마무리해주세요.","네, 우선 현재 업무를 마무리하고 저녁에 다시 이야기하겠습니다.",197,197,P5
101,p100,matched,적절,형제·자매,갈등 상황,2,"나: 내가 놓친 게 있으면 말해줘.
언니: 확정되지 않은 내용은 외부에 전달하지 말아주실 수 있을까?",알겠어. 다음부터는 먼저 이야기하고 네 의견을 확인할게. 혹시 문제가 생기면 먼저 말할게.,198,198,P2
102,p101,matched,적절,친구,고민·감정 상담,1,친구: 부모님과 진로 얘기를 싸우지 않고 꺼내려면 어떻게 말하는 게 좋을까?,"우선 잘잘못부터 따지기보다 불편했던 행동과 다음부터 원하는 기준을 구체적으로 말하고, 상대 설명도 끝까지 들어봐. 해본 뒤 마음이 더 복잡해지면 믿을 만한 사람에게 다시 이야기해봐.",199,199,P3
103,p102,matched,적절,연인,정보 공유,2,"나: 아까 확인한 내용 있다고 했지?
연인: 휴가 신청은 이번 주 안에 제출하면 된대",좋아. 현재 확정된 내용으로 정리해둘게. 일정이 가까워지면 한 번 더 확인하자.,200,200,P5
104,p103,matched,적절,직장 관계(상사·동료),업무 대화,4,"나: 선택지 때문에 망설이는 부분이 있나요?
선임: 선택지가 여러 개라 기준을 잡지 못했어요.
나: 원하시는 결과가 무엇인가요?
선임: 회의에서 의견 충돌이 있을 때 어떻게 정리해서 말하는 게 좋을까요?","내 생각에는 지금 확인할 수 있는 사실과 원하는 결과를 먼저 나눈 뒤, 바로 실행할 수 있는 한 가지부터 시작해봐. 다른 사람 일정에 영향을 주는 일부터 먼저 확인해봐.",201,201,P3
105,p104,matched,적절,친구,질문·요청,4,"나: 아까 연락한 이유가 부탁할 게 있어서였어?
친구: 급한 건 아닌데 부탁 하나 해도 돼?
나: 뭘 부탁하려고 했어?
친구: 내일 면접 전에 자기소개 한번 들어봐 줄래?","응, 보내줘. 표현이 어색한 부분까지 같이 확인해줄게. 요청한 부분만 정확히 반영할게.",205,205,P2
106,p105,matched,적절,선후배,업무 대화,1,후배: 어제 배포한 버전은 현재까지 특이사항이 없습니다,확인된 내용이 있군요. 재현 조건이 달라진 부분도 확인해보고 싶어요. 시간이나 준비해야 할 내용도 같이 바뀐 건 없나요?,207,207,P4
107,p106,matched,적절,형제·자매,정보 공유,4,"나: 확인해야 할 내용은 다 정리됐어?
언니: 확인된 내용이 있어서 말해두려고.
나: 그럼 다음에는 뭘 하면 돼?
언니: 배포 일정은 목요일 밤 열 시로 확정됐습니다","응, 알려준 내용으로 확인해둘게. 추가로 확인되는 게 있으면 이어서 알려줘.",210,210,P5
108,p107,matched,적절,형제·자매,고민·감정 상담,3,"오빠: 요즘 퇴근하고 집에 오면 아무것도 하기 싫어.
나: 일이 많이 힘들어?
오빠: 일 자체보다 혼자 있는 시간이 길어지니까 자꾸 기분이 가라앉아.",혼자 있는 시간이 계속되면 더 가라앉을 수 있겠다. 이번 주말에는 같이 밥 먹고 산책이라도 하자.,211,211,P1
109,p108,matched,적절,연인,질문·요청,2,"나: 마음에 걸리는 일 있으면 편하게 말해.
연인: 친구에게 먼저 연락하고 싶은데 또 거절당할까 봐 겁나. 내가 너무 걱정하는 걸까?",혼자 버티느라 많이 지쳤겠네. 당장 괜찮아지려고 애쓰지 않아도 돼.,217,217,P1
110,p109,matched,적절,친구,고민·감정 상담,2,"나: 뭔가 신경 쓰이는 일이 있는 것 같아.
친구: 감정이 가라앉을 때까지 메시지는 보내지 않기로 했어",알겠어. 이번 주는 정한 만큼만 해보고 상태를 보자. 필요하면 그때 다시 조정하자.,219,219,P5
111,p110,matched,적절,형제·자매,업무 대화,2,"나: 혼자 판단하기 어려운 일이 있어?
동생: 업무가 한꺼번에 몰렸을 때 우선순위를 어떻게 정하는 게 좋을까?","이 경우에는 마감이 임박한 일과 다른 사람 작업을 막고 있는 일을 먼저 나누고, 나머지 범위와 기한은 담당자와 다시 합의해. 필요한 정보가 부족하면 추측하기보다 먼저 확인해봐.",221,221,P3
112,p111,matched,적절,직장 관계(상사·동료),업무 대화,4,"나: 어떤 부분을 도와드리면 될까요?
팀장: 부탁드릴 내용이 하나 있습니다.
나: 어떤 부탁인지 말씀해주시겠어요?
팀장: 이번 주 일정표에 변경된 담당자를 반영해주실 수 있나요?",알겠습니다. 변경된 내용으로 반영한 뒤 다시 확인하겠습니다. 진행 상태도 중간에 알려드릴게요.,224,224,P2
113,p112,matched,적절,부모님,질문·요청,1,아빠: 여행 숙소를 고를 때 위치와 가격 중 어느 쪽을 먼저 봐야 할까?,"가장 먼저 이동 시간과 취소 조건을 먼저 비교하고, 차이가 크지 않으면 후기에서 소음과 청결 관련 내용을 확인해봐. 처음부터 크게 바꾸지 말고 부담 없는 범위에서 먼저 해봐.",226,226,P3
114,p113,matched,적절,형제·자매,고민·감정 상담,2,"나: 요즘 계속 피곤해 보이는데 괜찮아?
형: 좋아하던 운동도 시작하기 전부터 귀찮고 지쳐.",원래 좋아하던 일도 버겁게 느껴질 만큼 지쳤구나. 이번 주는 억지로 하지 말고 좀 쉬어.,228,228,P1
115,p114,matched,적절,선후배,업무 대화,3,"후배: 작업 결과가 나와서 공유드리려고 해요.
나: 어떤 부분이 달라졌나요?
후배: 프로젝트 발표 순서는 우리 팀이 세 번째예요",좋은 변화가 있었네요. 사용자나 고객 반응도 함께 보면 좋겠어요. 시간이나 준비해야 할 내용도 같이 바뀐 건 없나요?,229,229,P4
116,p115,matched,적절,연인,질문·요청,2,"나: 내가 도울 수 있는 일이면 말해봐.
연인: 내일 아침 일곱 시에 한 번 깨워줄 수 있어?","응, 내가 맡아서 확인해볼게. 필요한 시간에 맞춰둘게.",232,232,P2
117,p116,matched,적절,형제·자매,질문·요청,2,"나: 선택지 때문에 망설이는 게 있어?
언니: React에서 useEffect가 계속 반복 실행되는데 어디부터 확인해야 할까?","복잡하게 보기보다 의존성 배열에 매 렌더링마다 새로 만들어지는 함수나 객체가 들어가는지 먼저 확인하고, 필요하면 useCallback이나 useMemo로 참조를 고정해봐. 해결되지 않으면 조건을 하나씩 빼면서 원인을 좁혀봐.",234,234,P3
118,p117,matched,적절,부모님,정보 공유,1,아빠: 숙소 체크인은 세 시부터 가능하대. 이동 시간 다시 계산해줄래?,"응, 내가 맡아서 확인해볼게. 관련된 내용까지 같이 확인해볼게.",236,236,P2
119,p118,matched,적절,선후배,업무 대화,1,후배: 이번 주 보고서는 예상보다 빨리 마무리됐습니다,"오, 결과가 나왔군요. 해결 과정에서 배운 점이 있었을 것 같아요. 진행하면서 예상과 달랐던 부분은 없었어?",237,237,P4
120,p119,matched,적절,직장 관계(상사·동료),갈등 상황,2,"나: 감정이 더 상하기 전에 차분히 이야기해보죠.
팀장: 역할 분담은 다음 회의에서 다시 정하는 것으로 하겠습니다",좋아. 같은 일이 없도록 이 기준을 지키자. 관련된 사람에게도 같은 내용으로 전달하겠습니다.,239,239,P5
121,p120,matched,적절,연인,질문·요청,2,"나: 뭔가 신경 쓰이는 일이 있는 것 같아.
연인: 요즘 내가 사소한 일에도 너무 예민한 것 같아. 너도 그렇게 보여?",계속 신경 쓰였을 텐데 잘 말해줬어. 지금 느끼는 감정을 그대로 인정해도 괜찮아.,240,240,P1
122,p121,matched,적절,직장 관계(상사·동료),업무 대화,2,"나: 선택지 때문에 망설이는 부분이 있나요?
동료: 인수인계 문서는 어느 수준까지 자세히 작성해야 할까요?","우선 업무 목적, 반복 절차, 예외 상황, 담당자 연락처 순으로 정리하면 처음 보는 사람도 따라가기 쉬워. 현재 할 수 있는 범위와 나중에 할 일을 따로 나눠봐.",241,241,P3
123,p122,matched,적절,연인,질문·요청,2,"나: 지난번에 물어본 건 답 왔어?
연인: 예약 인원은 네 명으로 넣으면 되는 거지?",맞아. 예약 인원은 네 명이야. 그 내용은 내가 메모해둘게.,244,244,P5
124,p123,matched,적절,친구,질문·요청,1,친구: 업무 인수인계 문서는 어느 정도까지 자세히 쓰는 게 좋아?,"내 생각에는 업무 목적, 반복 절차, 예외 상황, 담당자 연락처 순으로 정리하면 처음 보는 사람도 따라가기 쉬워. 결정한 뒤에는 검토할 시점도 함께 정해두는 게 좋아.",246,246,P3
125,p124,matched,적절,부모님,정보 공유,2,"나: 변경된 내용 있으면 말해줘.
아빠: 오늘 회의는 세 시에서 네 시로 변경됐어요","응, 변경된 내용 확인했어. 확정된 범위가 어디까지인지도 알고 싶어. 시간이나 준비해야 할 내용도 같이 바뀐 건 없어?",254,254,P4
126,p125,matched,적절,형제·자매,질문·요청,4,"나: 지금 기준으로 정해진 게 있어?
오빠: 확인된 내용이 있어서 말해두려고.
나: 언제부터 그렇게 하면 돼?
오빠: 회의 시간이 네 시로 바뀐 거 확인했어?","응, 네 시로 변경된 것 확인했어. 다른 내용은 그대로 두면 돼.",255,255,P5
127,p126,matched,적절,선후배,질문·요청,1,선배: 노트북이 느려졌는데 포맷하기 전에 해볼 만한 게 있을까요?,"이 경우에는 포맷하기 전에 시작 프로그램과 저장 공간부터 정리하고, 작업 관리자에서 자원을 많이 쓰는 프로그램을 확인해봐. 재현 조건을 정리한 뒤 한 가지 조건씩 바꿔보는 게 좋아.",258,258,P3
128,p127,matched,적절,친구,갈등 상황,3,"친구: 아까 일 때문에 기분이 좀 상했어.
나: 어떤 부분이 불편했는데?
친구: 내가 한 일을 사람들 앞에서 웃으면서 말한 게 싫었어.",사람들 앞에서 가볍게 다뤄져서 속상했겠다. 다음에는 그러지 말아달라고 차분히 이야기해보자.,261,261,P1
129,p128,matched,적절,직장 관계(상사·동료),업무 대화,3,"팀장: 잠깐 확인해주셨으면 하는 내용이 있습니다.
나: 네, 필요한 내용부터 말씀해주세요.
팀장: 고객사에 보내기 전에 메일 내용을 한번 검토해주세요","응, 보내줘. 표현이 어색한 부분까지 같이 확인해줄게. 완료되면 결과를 같이 확인하죠.",263,263,P2
130,p129,matched,적절,직장 관계(상사·동료),업무 대화,4,"나: 아까 부탁하실 내용이 있다고 하셨죠?
팀장: 혼자 해보다가 잘 안 되는 부분이 있어요.
나: 어느 부분을 확인하면 될까요?
팀장: 이번 주 일정표에 변경된 담당자를 반영해주실 수 있나요?",알겠습니다. 변경된 내용으로 반영한 뒤 다시 확인하겠습니다. 혹시 문제가 생기면 먼저 말하겠습니다.,266,266,P2
131,p130,matched,적절,친구,일상 대화,1,친구: 퇴근길에 노을이 예뻐서 사진을 한참 찍었어,직접 해보니 느낌이 달랐겠다. 직접 겪은 얘기라 더 생생하게 들린다. 사진도 찍었어? 실제로 본 색감이 더 예뻤겠다.,272,272,P4
132,p131,matched,적절,연인,고민·감정 상담,2,"나: 뭔가 신경 쓰이는 일이 있는 것 같아.
연인: 감정이 가라앉을 때까지 메시지는 보내지 않기로 했어","그래. 당장은 그 계획대로 해보고, 필요하면 다시 조정하자. 일정이 가까워지면 한 번 더 확인하자.",275,275,P5
133,p132,matched,적절,형제·자매,질문·요청,2,"나: 요즘 생각이 많아 보이더라. 괜찮아?
형: 친구에게 먼저 연락하고 싶은데 또 거절당할까 봐 겁나. 내가 너무 걱정하는 걸까?",요즘 정말 마음이 무거웠겠다. 조금 가라앉으면 다음 일을 같이 생각해보자.,276,276,P1
134,p133,matched,적절,부모님,정보 공유,1,아빠: 다음 달부터 관리비 납부일이 25일로 바뀐대,알겠어. 바뀐 일정으로 기억해둘게. 추가로 확인되는 게 있으면 이어서 알려줘.,278,278,P5
135,p134,matched,적절,형제·자매,질문·요청,3,"형: 변경된 부분이 하나 있어.
나: 다른 변경 사항은 없어?
형: 이번 일정은 다음 주부터 적용되는 게 맞아?","응, 현재 기준은 그렇게 알고 있어. 필요하면 그때 다시 조정하자.",280,280,P5
136,p135,matched,적절,선후배,업무 대화,2,"나: 아까 말씀하신 계획은 그대로인가요?
후배: 이번 주에는 로그인 오류부터 우선 확인하기로 했습니다",알겠습니다. 변경된 일정에 맞춰 준비하겠습니다. 관련된 사람에게도 같은 내용으로 전달하겠습니다.,281,281,P5
137,p136,matched,적절,친구,일상 대화,3,"친구: 전에 궁금해하던 내용 확인해봤어.
나: 그 뒤에는 어떻게 했어?
친구: 어제 혼자 전시회에 갔는데 천천히 볼 수 있어서 오히려 좋았어",생각보다 기억에 남는 일이었나 보네. 다음에도 해보고 싶은 경험이었는지 궁금해. 작품 중에서 제일 오래 보고 온 건 뭐였어?,284,284,P4
138,p137,matched,적절,형제·자매,고민·감정 상담,2,"나: 요즘 좀 지쳐 보이는데 괜찮아?
언니: 요즘은 퇴근하고 집에 오면 아무것도 하고 싶지 않아","응, 조금 더 들어보고 싶어. 네 입장에서 어떤 점이 힘든지 궁금해. 요즘 특히 더 힘들게 느껴지는 순간이 언제야?",286,286,P4
139,p138,matched,적절,부모님,고민·감정 상담,1,엄마: 이번 평가 결과가 기대보다 안 좋아서 자신감이 떨어졌어,그랬구나. 요즘 많이 지쳤나 보네. 지금은 해결보다 이야기를 듣는 게 먼저인 것 같아. 요즘 특히 더 힘들게 느껴지는 순간이 언제야?,289,289,P4
140,p139,matched,적절,형제·자매,질문·요청,2,"나: 아까 이야기한 계획은 그대로야?
언니: 토요일과 일요일 중 어느 날이 더 편해?",내 일정은 일요일이 더 여유 있어. 그 내용은 내가 메모해둘게.,290,290,P5
141,p140,matched,적절,연인,갈등 상황,2,"나: 아까부터 마음에 걸리는 게 있는 것 같아.
연인: 같은 일이 반복되니까 내가 존중받지 못하는 기분이야.",그렇게 느끼게 해서 미안해. 어떤 일이 반복됐는지 말해주면 제대로 듣고 고칠게.,291,291,P1
142,p141,matched,적절,형제·자매,갈등 상황,3,"형: 서로 오해한 부분이 있는 것 같아.
나: 응, 네 입장부터 말해봐.
형: 팀원이 내 의견을 무시할 때 회의에서 어떻게 말하는 게 좋을까?","가장 먼저 지금 확인할 수 있는 사실과 원하는 결과를 먼저 나눈 뒤, 바로 실행할 수 있는 한 가지부터 시작해봐. 우선순위가 애매하면 마감과 영향 범위부터 비교해봐.",292,292,P3
143,p142,matched,적절,친구,갈등 상황,4,"나: 아까 일은 그냥 넘기지 말고 얘기하자.
친구: 나도 아까 일은 짚고 넘어가고 싶어.
나: 어떤 부분이 가장 불편했어?
친구: 대화할 때 내 말을 자꾸 끊어서 속상했어",많이 긴장되고 부담됐겠다. 필요하면 내가 옆에서 같이 정리해볼게.,293,293,P1
144,p143,matched,적절,부모님,질문·요청,2,"나: 아빠, 스마트폰으로 병원 예약하는 거 어려워?
아빠: 응. 진료과를 고른 다음에는 어디를 눌러야 하는지 모르겠어.",병원과 날짜를 고른 뒤 시간 선택 버튼을 누르면 돼. 화면 보면서 같이 해보자.,294,294,P3
145,p144,matched,적절,친구,질문·요청,2,"나: 확인해줬으면 하는 게 있어?
친구: 내일 면접 전에 자기소개 한번 들어봐 줄래?","응, 보내줘. 표현이 어색한 부분까지 같이 확인해줄게. 진행 상태도 중간에 알려줄게. 진행하면서 문제가 생기면 먼저 이야기할게.",298,298,P2
146,p145,matched,적절,선후배,일상 대화,4,"나: 요즘 기운이 없어 보이는데 괜찮아?
후배: 집에만 있으면 괜히 기분이 가라앉는 날이 많아졌어요.
나: 최근에 무슨 일이 있었어?
후배: 특별한 일은 없는데 혼자 있는 시간이 길어져서 그런가 봐요.",혼자 있는 시간이 길어서 더 가라앉았나 보다. 이번 주에는 잠깐이라도 밖에서 같이 밥 먹자.,299,299,P1
147,p146,matched,적절,연인,갈등 상황,1,연인: 사과를 받았지만 마음이 안 풀릴 때는 어떤 식으로 대화를 이어가야 할까?,"우선 잘잘못부터 따지기보다 불편했던 행동과 다음부터 원하는 기준을 구체적으로 말하고, 상대 설명도 끝까지 들어봐. 대화가 격해지면 잠깐 멈추고 다시 이야기할 시간을 정해봐.",303,303,P3
148,p147,matched,적절,부모님,고민·감정 상담,4,"나: 요즘 잠도 잘 못 자는 것 같던데 괜찮아?
아빠: 혼자 정리해보려 했는데 잘 안 되더라.
나: 언제부터 그렇게 느꼈어?
아빠: 오랫동안 준비한 일이 끝났는데 오히려 허무한 기분이 들어",계속 마음에 걸렸겠네. 그 상황이 왜 마음에 남는지 이해돼. 그중에서 네가 가장 기억에 남는 건 뭐야?,304,304,P4
149,p148,matched,적절,부모님,정보 공유,4,"나: 혼자 판단하기 어려운 일이 있어?
엄마: 선택지가 여러 개라 기준을 못 잡겠어.
나: 지금까지 해본 건 뭐가 있어?
엄마: 면접 결과가 다음 주로 미뤄졌대. 그동안 준비를 계속하는 게 좋을까?","내 생각에는 지금 확인할 수 있는 사실과 원하는 결과를 먼저 나눈 뒤, 바로 실행할 수 있는 한 가지부터 시작해봐. 필요한 정보가 부족하면 추측하기보다 먼저 확인해봐.",307,307,P3
150,p149,matched,적절,형제·자매,갈등 상황,2,"나: 아까 할 말이 있다고 했지?
언니: 응. 내 이야기를 다른 사람에게 전하기 전에는 꼭 나한테 먼저 물어봐 줘.","알겠어. 앞으로는 먼저 네 의사를 확인하고, 싫다고 하면 이야기하지 않을게.",310,310,P2
151,p150,matched,적절,연인,갈등 상황,4,"나: 아까부터 말이 없는데 무슨 일 있어?
연인: 계속 신경 쓰이는 일이 있어.
나: 나 때문에 그런 거야?
연인: 내가 한 일을 사람들 앞에서 가볍게 말한 게 기분 나빴어.",사람들 앞에서 네 이야기를 가볍게 한 건 미안해. 다음부터는 먼저 네 의사를 확인할게.,311,311,P1
152,p151,matched,적절,선후배,고민·감정 상담,3,"선배: 제가 생각한 방향이 맞는지 여쭤보고 싶어요.
나: 선택지가 어떻게 되나요?
선배: 자꾸 다른 사람과 비교하게 될 때는 뭘 해보는 게 좋을까요?","이 경우에는 지금 확인할 수 있는 사실과 원하는 결과를 먼저 나눈 뒤, 바로 실행할 수 있는 한 가지부터 시작해봐. 한 번에 결론을 내리기보다 네가 원하는 점부터 짧게 정리해봐.",312,312,P3
153,p152,matched,적절,친구,일상 대화,4,"나: 요즘 계속 바빠 보이는데 제대로 쉬고 있어?
친구: 이번 달은 약속이 계속 겹쳐서 주말에도 쉴 틈이 없어.
나: 취소하거나 미룰 수 있는 일정은 없어?
친구: 다 오래전에 잡은 약속이라 그것도 어렵네.",계속 사람을 만나느라 혼자 쉴 시간이 없었구나. 다음 주말만큼은 일정 잡지 말고 푹 쉬어.,314,314,P1
154,p153,matched,적절,선후배,업무 대화,4,"나: 회의에서 나온 내용은 어떻게 정리됐나요?
후배: 진행하면서 새로 확인한 내용이 있어요.
나: 문제는 해결됐나요?
후배: 테스트 환경에서 재현되던 오류가 더 이상 발생하지 않아요",잘 마무리된 것 같네요. 후속 작업에 영향이 있는지도 궁금합니다. 준비하거나 수정한 것 중에서 가장 도움이 된 부분은 뭐였어?,315,315,P4
155,p154,matched,적절,부모님,고민·감정 상담,3,"아빠: 요즘 친구들을 만나도 이상하게 혼자인 기분이 든다.
나: 같이 있어도 대화가 잘 안 통하는 것 같아?
아빠: 다들 자기 얘기만 하니까 내 이야기는 꺼내기가 어렵더라.",같이 있어도 외롭게 느껴졌겠네. 다음에 만나면 아빠 이야기도 편하게 해봐. 내가 먼저 들어줄게.,316,316,P1
156,p155,matched,적절,직장 관계(상사·동료),갈등 상황,2,"나: 아까 일은 그냥 넘기지 말고 이야기했으면 합니다.
팀장: 일정 변경은 앞으로 단체방에 먼저 공유하는 걸로 하자",알겠어. 앞으로는 방금 정한 기준대로 하죠. 다른 내용은 그대로 두면 됩니다.,317,317,P5
157,p156,matched,적절,직장 관계(상사·동료),업무 대화,4,"나: 현재 기준으로 결정된 내용이 있나요?
선임: 관련된 분들과 이야기해서 정리했습니다.
나: 네, 어떻게 정해졌나요?
선임: 수정본은 오늘 퇴근 전까지 공유하겠습니다","네, 전달해주신 내용대로 업무를 진행하겠습니다. 변경 사항이 생기면 다시 알려주세요.",318,318,P5
158,p157,matched,적절,부모님,갈등 상황,2,"나: 서로 불편했던 부분은 한번 정리했으면 해.
아빠: 대화할 때 내 말을 자꾸 끊어서 속상했어",그 말을 꺼내는 것도 쉽지 않았겠다. 네 마음부터 챙기는 게 먼저인 것 같아.,320,320,P1
159,p158,matched,적절,친구,질문·요청,2,"나: 아까 이야기한 계획은 그대로야?
친구: 예약 인원은 네 명으로 넣으면 되는 거지?",맞아. 예약 인원은 네 명이야. 현재 기준에서는 더 정할 건 없어.,322,322,P5
160,p159,matched,적절,친구,정보 공유,4,"나: 그 일은 결국 어떻게 하기로 했어?
친구: 현재 상황만 간단히 알려줄게.
나: 그래, 현재 상황이 어떻게 돼?
친구: 병원 예약은 다음 주 화요일 오전 열 시로 잡혔어",확인됐구나. 일정이 가까워지면 다시 한 번 확인하자. 시간이나 준비해야 할 내용도 같이 바뀐 건 없어?,325,325,P4
161,p160,matched,적절,연인,갈등 상황,3,"연인: 내가 불편했던 부분을 말하고 싶어.
나: 응, 차분히 들어볼게.
연인: 사과는 받았지만 왜 그렇게 했는지 이해가 안 돼서 답답해",계속 신경 쓰였을 텐데 잘 말해줬어. 필요하면 내가 옆에서 같이 정리해볼게.,327,327,P1
162,p161,matched,적절,친구,고민·감정 상담,1,친구: 부모님과 진로 얘기만 하면 자꾸 다투게 돼서 답답해,네가 유난스러운 게 아니라 충분히 힘들 만한 일이야. 한 번의 결과로 네 노력이 사라지는 건 아니야.,329,329,P1
163,p162,matched,적절,형제·자매,정보 공유,4,"나: 확인해야 할 내용은 다 정리됐어?
언니: 확인된 내용이 있어서 말해두려고.
나: 그럼 다음에는 뭘 하면 돼?
언니: 병원 예약은 다음 주 화요일 오전 열 시로 잡혔어","좋아, 그 내용은 기억해둘게. 관련해서 준비할 게 있는지도 봐야겠다. 시간이나 준비해야 할 내용도 같이 바뀐 건 없어?",330,330,P4
164,p163,matched,적절,선후배,업무 대화,3,"후배: 제가 놓친 부분이 있는지 봐주셨으면 합니다.
나: 제가 할 수 있는 일인지 말씀해주세요.
후배: 배포 전에 로그인 기능을 한 번 더 테스트해주시겠어요?","응, 제가 맡아서 확인해보겠습니다. 필요한 시간에 맞춰둘게.",331,331,P2
165,p164,matched,적절,형제·자매,고민·감정 상담,1,형: 요즘 친구들을 만나도 혼자인 느낌이 들어.,사람들 사이에 있어도 외롭게 느껴졌구나. 요즘 무슨 일이 있었는지 천천히 말해봐.,332,332,P1
166,p165,matched,적절,선후배,정보 공유,4,"나: 그 일은 어떻게 진행하기로 했나요?
후배: 현재 상황만 간단히 말씀드릴게요.
나: 현재 상황이 어떻게 되나요?
후배: 휴가 신청은 이번 주 안에 제출하면 된대",확인했어요. 필요한 준비는 그 일정에 맞출게.,333,333,P5
167,p166,matched,적절,부모님,고민·감정 상담,1,아빠: 예전에는 낚시 가는 날만 기다렸는데 요즘은 준비하는 것도 귀찮다.,좋아하던 것도 귀찮을 만큼 기운이 없구나. 이번에는 억지로 가지 말고 푹 쉬어.,334,334,P1
168,p167,matched,적절,직장 관계(상사·동료),고민·감정 상담,2,"나: 조언이 필요한 일이 있다고 들었어요.
선임: 번아웃인지 단순히 피곤한 건지 구분하려면 뭘 살펴봐야 할까요?","가장 먼저 수면과 식사, 집중력 저하가 얼마나 오래됐는지 먼저 기록해보고, 쉬어도 회복되지 않으면 상담이나 진료도 고려해봐. 상대 반응을 단정하지 말고 네가 느낀 점부터 설명해봐.",336,336,P3
169,p168,matched,적절,선후배,질문·요청,1,후배: 집주인에게 보낼 문자가 어색하지 않은지 읽어봐 주실 수 있나요?,"응, 보내줘. 표현이 어색한 부분까지 같이 확인해줄게. 빠뜨리지 않도록 메모해두겠습니다.",339,339,P2
170,p169,matched,적절,친구,일상 대화,2,"나: 요즘 생활 패턴이 완전히 바뀐 것 같던데 괜찮아?
친구: 야근이 늘어서 자는 시간도 들쭉날쭉하고 하루가 계속 엉켜.",잠도 제대로 못 자서 많이 지쳤겠다. 이번 주말에는 약속 잡지 말고 푹 쉬어.,340,340,P1
171,p170,matched,적절,연인,갈등 상황,2,"나: 내가 놓친 게 있으면 말해줘.
연인: 확정되지 않은 내용은 외부에 전달하지 말아주실 수 있을까?",알겠어. 다음부터는 먼저 이야기하고 네 의견을 확인할게. 끝나면 바로 알려줄게. 진행하면서 마지막으로 한 번 더 검토할게.,342,342,P2
172,p171,matched,적절,선후배,업무 대화,2,"나: 진행 상황에서 달라진 부분이 있나요?
후배: 이번 주 보고서는 예상보다 빨리 마무리됐습니다","오, 결과가 나왔군요. 재현 조건이 달라진 부분도 확인해보고 싶어요. 진행하면서 예상과 달랐던 부분은 없었어?",343,343,P4
173,p172,matched,적절,형제·자매,일상 대화,1,동생: 추천받은 영화를 봤는데 마지막 장면이 계속 기억에 남아,그 얘기 들으니 궁금해진다. 그 경험이 왜 기억에 남았는지 알고 싶어. 마지막 장면에서 어떤 부분이 가장 기억에 남았어?,349,349,P4
174,p173,matched,적절,선후배,업무 대화,3,"선배: 비슷한 경험이 있으시면 조언을 듣고 싶습니다.
나: 어떤 점이 가장 고민되세요?
선배: 인수인계 문서는 어느 수준까지 자세히 작성해야 할까요?","복잡하게 보기보다 업무 목적, 반복 절차, 예외 상황, 담당자 연락처 순으로 정리하면 처음 보는 사람도 따라가기 쉬워. 처음부터 완벽하게 하려 하지 말고 쉬운 단계부터 시작해봐.",350,350,P3
175,p174,matched,적절,선후배,업무 대화,2,"나: 방법을 같이 생각해봤으면 하는 부분이 있나요?
선배: 일정이 촉박할 때 범위를 줄이는 기준을 어떻게 잡아야 할까요?","우선 마감이 임박한 일과 다른 사람 작업을 막고 있는 일을 먼저 나누고, 나머지 범위와 기한은 담당자와 다시 합의해요. 결정한 뒤에는 검토할 시점도 함께 정해두는 게 좋아.",352,352,P3
176,p175,matched,적절,형제·자매,정보 공유,2,"나: 아까 물어보려던 건 해결했어?
동생: 담당자가 바뀐다고 공지가 왔는데 인수인계를 어디서부터 확인해야 할까?","내 생각에는 업무 목적, 반복 절차, 예외 상황, 담당자 연락처 순으로 정리하면 처음 보는 사람도 따라가기 쉬워. 기준을 정한 뒤 같은 기준으로 선택지를 비교해봐.",353,353,P3
177,p176,matched,적절,친구,질문·요청,2,"나: 선택지 때문에 망설이는 게 있어?
친구: 노트북이 느려졌는데 포맷하기 전에 해볼 만한 게 있을까?","이 경우에는 포맷하기 전에 시작 프로그램과 저장 공간부터 정리하고, 작업 관리자에서 자원을 많이 쓰는 프로그램을 확인해봐. 현재 상태를 남겨두면 변경 전후를 비교하기 쉬워.",354,354,P3
178,p177,matched,적절,선후배,갈등 상황,4,"나: 서로 다르게 이해한 부분이 있는 것 같습니다.
선배: 서로 오해한 부분이 있는 것 같아요.
나: 네, 먼저 입장을 말씀해주세요.
선배: 팀원이 내 의견을 무시할 때 회의에서 어떻게 말하는 게 좋을까요?","가장 먼저 지금 확인할 수 있는 사실과 원하는 결과를 먼저 나눈 뒤, 바로 실행할 수 있는 한 가지부터 시작해봐. 선택지가 많으면 꼭 필요한 조건 세 개만 먼저 정해봐.",356,356,P3
179,p178,matched,적절,친구,갈등 상황,2,"나: 아까 일은 그냥 넘기지 말고 얘기하자.
친구: 내 물건을 쓰기 전에 한마디만 해줄래?",알겠어. 다음부터는 먼저 이야기하고 네 의견을 확인할게. 끝나면 바로 알려줄게.,357,357,P2
180,p179,matched,적절,직장 관계(상사·동료),업무 대화,4,"나: 진행 상황에서 달라진 부분이 있나요?
팀장: 예상과 조금 다른 결과가 나왔어요.
나: 그럼 다음 작업은 무엇인가요?
팀장: 고객사에서 수정된 기능을 확인했다고 연락 왔습니다",잘 마무리된 것 같네요. 예상했던 결과와 비교해보고 싶어요. 사용자들이 특히 좋다고 한 부분이 어디였어?,359,359,P4
181,p180,matched,적절,연인,일상 대화,1,연인: 처음으로 자전거 타고 출근했는데 생각보다 할 만했어,생각보다 기억에 남는 일이었나 보네. 처음 시작할 때와 느낌이 달라졌을 것 같아. 직접 해보니 힘든 점보다 좋았던 점이 더 컸어?,360,360,P4
182,p181,matched,적절,연인,정보 공유,1,연인: 다음 달부터 관리비 납부일이 25일로 바뀐대,좋아. 현재 확정된 내용으로 정리해둘게. 지금은 추가로 바꿀 건 없어 보여.,361,361,P5
183,p182,matched,적절,연인,일상 대화,1,연인: 이번 달은 약속이 계속 겹쳐서 주말에도 제대로 못 쉬었어.,계속 일정에 치여서 지쳤겠다. 다음 주말은 비워두고 우리 집에서 편하게 쉬자.,364,364,P1
184,p183,matched,적절,부모님,질문·요청,3,"엄마: 급한 건 아닌데 부탁 하나 해도 돼?
나: 뭘 부탁하려고 했어?
엄마: 오는 길에 약국에 들러서 소화제 하나만 사다 줄래?","응, 오는 길에 들러서 사갈게. 처리한 뒤 한 번 더 확인할게.",365,365,P2
185,p184,matched,적절,연인,고민·감정 상담,2,"나: 조언이 필요한 일이 있다던데 뭔데?
연인: 취업 준비가 길어질 때 생활 리듬을 어떻게 잡는 게 좋을까?","복잡하게 보기보다 지금 확인할 수 있는 사실과 원하는 결과를 먼저 나눈 뒤, 바로 실행할 수 있는 한 가지부터 시작해봐. 현재 할 수 있는 범위와 나중에 할 일을 따로 나눠봐.",368,368,P3
186,p185,matched,적절,연인,갈등 상황,2,"나: 아까부터 기분이 안 좋아 보이는데 무슨 일 있어?
연인: 내 이야기를 친구들 앞에서 농담처럼 말한 게 기분 나빴어.",그건 내가 조심했어야 했어. 사람들 앞에서 불편하게 해서 미안해.,369,369,P1
187,p186,matched,적절,선후배,고민·감정 상담,3,"선배: 어떻게 하는 게 좋을지 고민되는 부분이 있어요.
나: 어떤 기준으로 결정하고 싶으신가요?
선배: 일이 한꺼번에 겹쳤을 때 우선순위를 어떻게 정해야 할까요?","우선 마감이 임박한 일과 다른 사람 작업을 막고 있는 일을 먼저 나누고, 나머지 범위와 기한은 담당자와 다시 합의해요. 필요한 정보가 부족하면 추측하기보다 먼저 확인해봐.",372,372,P3
188,p187,matched,적절,연인,질문·요청,1,연인: 여행 숙소를 고를 때 위치와 가격 중 어느 쪽을 먼저 봐야 할까?,"내 생각에는 이동 시간과 취소 조건을 먼저 비교하고, 차이가 크지 않으면 후기에서 소음과 청결 관련 내용을 확인해봐. 처음부터 크게 바꾸지 말고 부담 없는 범위에서 먼저 해봐.",373,373,P3
189,p188,matched,적절,친구,질문·요청,2,"나: 일정은 어떻게 정해졌어?
친구: 자료는 메일과 메신저 중 어디로 보내면 돼?",메일로 받는 게 확인하기 편해. 그 내용은 내가 메모해둘게.,374,374,P5
190,p189,matched,적절,직장 관계(상사·동료),질문·요청,2,"나: 채용 면접 진행 방식에 대해 물어보신다고 하셨죠?
팀장: 지원자의 경험을 확인할 때 질문 순서를 어떻게 잡는 게 좋을까요?","먼저 맡았던 역할을 묻고, 이후 문제 상황과 해결 과정, 결과 순서로 확인하면 답변을 비교하기 좋습니다.",377,377,P3
191,p190,matched,적절,친구,고민·감정 상담,2,"나: 요즘 좀 지쳐 보이는데 괜찮아?
친구: 요즘은 퇴근하고 집에 오면 아무것도 하고 싶지 않아","응, 조금 더 들어보고 싶어. 그 일 이후의 상황도 천천히 들어볼게. 요즘 특히 더 힘들게 느껴지는 순간이 언제야?",382,382,P4
192,p191,matched,적절,연인,업무 대화,3,"연인: 어떻게 하는 게 나을지 고민되는 게 있어.
나: 어떤 기준으로 결정하고 싶어?
연인: 보고서 수치가 다를 때 원인을 효율적으로 찾는 방법이 있을까?","가장 먼저 원본 데이터의 기준일과 필터 조건부터 맞춘 뒤, 계산식과 수기 입력된 셀을 차례로 비교하는 게 빨라. 확인한 순서와 결과를 짧게 메모해두는 것도 좋아.",384,384,P3
193,p192,matched,적절,직장 관계(상사·동료),업무 대화,4,"나: 배포 이후에 새로 확인된 내용이 있나요?
동료: 배포 이후 상황을 확인해봤어요.
나: 예상했던 결과와 비슷한가요?
동료: 처음 만든 API가 드디어 정상적으로 동작해요","오, 결과가 나왔군요. 다음 작업에 참고할 만한 부분이 있겠네요. 준비하거나 수정한 것 중에서 가장 도움이 된 부분은 뭐였어?",385,385,P4
194,p193,matched,적절,부모님,정보 공유,2,"나: 일정은 어떻게 정해졌어?
엄마: 다음 달부터 관리비 납부일이 25일로 바뀐대",알겠어. 바뀐 일정으로 기억해둘게. 다른 내용은 그대로 두면 돼.,387,387,P5
195,p194,matched,적절,부모님,갈등 상황,1,엄마: 문제가 있으면 공개적으로 말하기 전에 나한테 먼저 알려주세요,알겠어. 다음부터는 먼저 이야기하고 네 의견을 확인할게. 진행 상태도 중간에 알려줄게.,391,391,P2
196,p195,matched,적절,연인,질문·요청,2,"나: 어디서부터 손대야 할지 모르겠어?
연인: 업무 인수인계 문서는 어느 정도까지 자세히 쓰는 게 좋아?","복잡하게 보기보다 업무 목적, 반복 절차, 예외 상황, 담당자 연락처 순으로 정리하면 처음 보는 사람도 따라가기 쉬워. 다른 사람 일정에 영향을 주는 일부터 먼저 확인해봐.",392,392,P3
197,p196,matched,적절,연인,일상 대화,1,연인: 운동을 다시 시작했는데 생각만큼 몸이 따라주지 않아 조금 속상해,기대했던 만큼 더 속상했겠다. 한 번의 결과로 네 노력이 사라지는 건 아니야.,394,394,P1
198,p197,matched,적절,직장 관계(상사·동료),갈등 상황,3,"동료: 저도 아까 일은 짚고 넘어가고 싶습니다.
나: 어떤 부분이 가장 불편하셨나요?
동료: 지금은 감정이 올라왔으니 저녁에 다시 얘기하자",좋아. 같은 일이 없도록 이 기준을 지키자. 변경 사항이 생기면 다시 알려주세요.,397,397,P5
199,p198,matched,적절,연인,갈등 상황,2,"나: 아까부터 표정이 안 좋은데 무슨 일 있어?
연인: 내가 한 일을 사람들 앞에서 가볍게 말한 게 기분 나빴어.",그렇게 느끼게 해서 미안해. 다음부터는 네 이야기를 꺼내기 전에 먼저 물어볼게.,398,398,P1
200,p199,matched,적절,선후배,질문·요청,2,"나: 제가 도울 수 있는 일이면 말씀해주세요.
선배: 집주인에게 보낼 문자가 어색하지 않은지 읽어봐 주실 수 있나요?","응, 보내줘. 표현이 어색한 부분까지 같이 확인해줄게. 필요한 시간에 맞춰둘게.",400,400,P2
201,p200,matched,적절,형제·자매,질문·요청,2,"나: 마음에 걸리는 일 있으면 편하게 말해.
동생: 친구에게 먼저 연락하고 싶은데 또 거절당할까 봐 겁나. 내가 너무 걱정하는 걸까?",그 말을 꺼내는 것도 쉽지 않았겠다. 오늘은 결론을 서두르지 말고 조금 쉬어도 돼.,401,401,P1
202,p201,matched,적절,형제·자매,갈등 상황,2,"나: 서로 다르게 이해한 부분이 있는 것 같아.
형: 내 이야기를 다른 사람에게 전하기 전에는 꼭 물어봐 줘",알겠어. 다음부터는 먼저 이야기하고 네 의견을 확인할게. 중간에 쉬고 싶으면 말해.,404,404,P2
203,p202,matched,적절,직장 관계(상사·동료),업무 대화,2,"나: 고객사에서는 답변이 왔나요?
동료: 처음 만든 API가 드디어 정상적으로 동작해요",진행 상황이 정리됐네요. 해결 과정에서 배운 점이 있었을 것 같아요. 준비하거나 수정한 것 중에서 가장 도움이 된 부분은 뭐였어?,406,406,P4
204,p203,matched,적절,부모님,정보 공유,4,"나: 지난번에 물어본 건 답 왔어?
엄마: 일단 지금 기준으로 결정된 게 있어.
나: 다른 변경 사항은 없어?
엄마: 계약서는 금요일 오후에 작성하기로 했어",확인했어. 필요한 준비는 그 일정에 맞출게. 현재 기준에서는 더 정할 건 없어.,409,409,P5
205,p204,matched,적절,부모님,고민·감정 상담,1,아빠: 오늘은 해야 할 일 하나만 끝내고 일찍 쉬기로 했어,알겠어. 당분간은 현재 계획을 유지해보자.,410,410,P5
206,p205,matched,적절,형제·자매,고민·감정 상담,4,"나: 마음에 걸리는 일 있으면 편하게 말해.
형: 사실 요즘 마음에 걸리는 게 있어.
나: 혼자 계속 생각하고 있었던 거야?
형: 가족 일로 신경 쓸 게 많아져서 집중이 잘 안 돼",그 얘기를 꺼내기까지 생각이 많았겠다. 말로 꺼내니 마음이 조금은 정리됐으면 좋겠다. 그중에서 네가 가장 기억에 남는 건 뭐야?,412,412,P4
207,p206,matched,적절,직장 관계(상사·동료),고민·감정 상담,4,"나: 선택지 때문에 망설이는 부분이 있나요?
팀장: 선택지가 여러 개라 기준을 잡지 못했어요.
나: 원하시는 결과가 무엇인가요?
팀장: 번아웃인지 단순히 피곤한 건지 구분하려면 뭘 살펴봐야 할까요?","우선 수면과 식사, 집중력 저하가 얼마나 오래됐는지 먼저 기록해보고, 쉬어도 회복되지 않으면 상담이나 진료도 고려해봐. 혼자 계속 생각하기보다 작은 행동 하나를 정해보는 것도 좋아.",413,413,P3
208,p207,matched,적절,직장 관계(상사·동료),고민·감정 상담,2,"나: 아까부터 표정이 좋지 않던데 무슨 일 있으세요?
선임: 다음 달까지는 현재 계획을 유지해보고 다시 판단하려고 해요","그래요. 당장은 그 계획대로 해보고, 필요하면 다시 조정하죠. 지금은 추가로 바꿀 건 없어 보여.",417,417,P5
209,p208,matched,적절,부모님,일상 대화,1,아빠: 처음으로 자전거 타고 출근했는데 생각보다 할 만했어,생각보다 기억에 남는 일이었나 보네. 직접 겪은 얘기라 더 생생하게 들린다. 직접 해보니 힘든 점보다 좋았던 점이 더 컸어?,418,418,P4
210,p209,matched,적절,선후배,업무 대화,3,"후배: 진행하면서 새로 확인한 내용이 있어요.
나: 문제는 해결됐나요?
후배: 지난번에 수정한 화면이 사용자 반응이 좋대요",좋은 변화가 있었네요. 관련된 팀 반응도 확인해보면 좋겠습니다. 준비하거나 수정한 것 중에서 가장 도움이 된 부분은 뭐였어?,419,419,P4
211,p210,matched,적절,친구,고민·감정 상담,2,"나: 요즘 사람들을 만나고 와도 표정이 안 좋더라.
친구: 같이 있어도 내 얘기는 아무도 안 듣는 것 같아서 외로워.",사람들 사이에서도 혼자라고 느꼈구나. 그동안 누구한테도 말 못 해서 더 답답했겠다.,420,420,P1
212,p211,matched,적절,부모님,정보 공유,3,"엄마: 현재 상황만 간단히 알려줄게.
나: 그래, 현재 상황이 어떻게 돼?
엄마: 병원 예약은 다음 주 화요일 오전 열 시로 잡혔어",알려줘서 고마워. 일정이 가까워지면 다시 한 번 확인하자. 시간이나 준비해야 할 내용도 같이 바뀐 건 없어?,421,421,P4
213,p212,matched,적절,선후배,업무 대화,2,"나: 고객사에서는 답변이 왔나요?
선배: 프로젝트 발표 순서는 우리 팀이 세 번째예요",진행 상황이 정리됐네요. 다음 작업에 참고할 만한 부분이 있겠네요. 시간이나 준비해야 할 내용도 같이 바뀐 건 없나요?,422,422,P4
214,p213,matched,적절,친구,정보 공유,4,"나: 확인해야 할 내용은 다 정리됐어?
친구: 확인된 내용이 있어서 말해두려고.
나: 그럼 다음에는 뭘 하면 돼?
친구: 병원 예약은 다음 주 화요일 오전 열 시로 잡혔어",알겠어. 일정이 그렇게 정해졌구나. 시간 외에 달라진 점도 있는지 확인해보자. 시간이나 준비해야 할 내용도 같이 바뀐 건 없어?,426,426,P4
215,p214,matched,적절,직장 관계(상사·동료),업무 대화,3,"동료: 테스트 결과가 나와서 말씀드리려고 합니다.
나: 결과가 어떻게 나왔나요?
동료: 고객사에서 수정된 기능을 확인했다고 연락 왔습니다",확인된 내용이 있군요. 정리된 내용을 다음 회의에도 공유하면 좋겠네요. 사용자들이 특히 좋다고 한 부분이 어디였어?,430,430,P4
216,p215,matched,적절,부모님,고민·감정 상담,2,"나: 요즘 잠도 잘 못 자는 것 같던데 괜찮아?
아빠: 요즘 친구들을 만나도 혼자인 느낌이 들어",네가 유난스러운 게 아니라 충분히 힘들 만한 일이야. 지금까지 버틴 것만으로도 충분히 잘했어.,432,432,P1
217,p216,matched,적절,형제·자매,갈등 상황,1,동생: 역할 분담은 다음 회의에서 다시 정하는 것으로 하겠습니다,그럼 다음부터는 지금 합의한 방식으로 진행하자. 일정이 가까워지면 한 번 더 확인하자.,433,433,P5
218,p217,matched,적절,친구,갈등 상황,1,친구: 네가 약속을 또 당일에 바꿔서 솔직히 많이 서운했어,요즘 정말 마음이 무거웠겠다. 지금 느끼는 감정을 그대로 인정해도 괜찮아.,435,435,P1
219,p218,matched,적절,선후배,업무 대화,2,"나: 아까 연락 주신 이유가 부탁할 내용 때문인가요?
선배: 오늘 안에 수정된 화면을 QA 환경에 올려주실 수 있나요?",알겠습니다. 변경된 내용으로 반영한 뒤 다시 확인하겠습니다. 오늘 일정 안에서 처리해두겠습니다.,436,436,P2
220,p219,matched,적절,형제·자매,고민·감정 상담,4,"나: 혼자 고민하는 게 있는 것 같아서 물어봤어.
동생: 오늘은 그냥 누군가한테 말하고 싶었어.
나: 그 일 때문에 많이 힘들었어?
동생: 오랫동안 준비한 일이 끝났는데 오히려 허무한 기분이 들어","응, 조금 더 들어보고 싶어. 네가 어떤 순간에 가장 힘든지 알고 싶어. 그중에서 네가 가장 기억에 남는 건 뭐야?",437,437,P4
221,p220,matched,적절,부모님,일상 대화,2,"나: 그 뒤에 어떻게 됐는지 궁금했어.
아빠: 추천받은 영화를 봤는데 마지막 장면이 계속 기억에 남아","오, 그랬구나. 다음에도 해보고 싶은 경험이었는지 궁금해. 마지막 장면에서 어떤 부분이 가장 기억에 남았어?",440,440,P4
222,p221,matched,적절,부모님,질문·요청,1,엄마: React에서 useEffect가 계속 반복 실행되는데 어디부터 확인해야 할까?,"내 생각에는 의존성 배열에 매 렌더링마다 새로 만들어지는 함수나 객체가 들어가는지 먼저 확인하고, 필요하면 useCallback이나 useMemo로 참조를 고정해봐. 현재 상태를 남겨두면 변경 전후를 비교하기 쉬워.",441,441,P3
223,p222,matched,적절,친구,질문·요청,4,"나: 혼자 하다가 막힌 게 있어?
친구: 부탁할 게 하나 있어.
나: 어느 부분을 확인하면 돼?
친구: 내일 면접 전에 자기소개 한번 들어봐 줄래?","응, 보내줘. 표현이 어색한 부분까지 같이 확인해줄게. 끝나면 바로 알려줄게.",447,447,P2
224,p223,matched,적절,형제·자매,일상 대화,1,형: 예전에는 퇴근하면 바로 기타를 쳤는데 요즘은 손이 잘 안 가.,좋아하던 취미도 귀찮을 만큼 지쳤나 보다. 한동안 쉬었다가 마음 내킬 때 다시 해.,448,448,P1
225,p224,matched,적절,친구,갈등 상황,2,"나: 아까 일 때문에 표정이 안 좋던데 무슨 일 있어?
친구: 다 같이 정한다더니 내 의견은 묻지도 않아서 기분이 상했어.",네 의견이 빠진 채 결정돼서 속상했겠다. 다음에는 먼저 말할 기회를 달라고 이야기해보자.,450,450,P1
226,p225,matched,적절,친구,고민·감정 상담,3,"친구: 요즘 좋아하던 일도 시작하기 전부터 지쳐.
나: 일이 너무 많이 쌓였어?
친구: 해야 할 생각만 해도 숨이 막혀서 손을 못 대겠어.",시작하기도 전에 막막할 만큼 지쳤구나. 오늘은 꼭 필요한 일 하나만 하고 나머지는 미뤄도 괜찮아.,454,454,P1
227,p226,matched,적절,부모님,고민·감정 상담,3,"엄마: 나도 왜 이러는지 모르겠는데 요즘 좀 지쳐.
나: 응, 내가 듣고 있을게.
엄마: 일을 쉬고 있는데 앞으로 뭘 해야 할지 막막해",그 상황이면 누구라도 힘들었을 거야. 당장 괜찮아지려고 애쓰지 않아도 돼.,455,455,P1
228,p227,matched,적절,연인,갈등 상황,2,"나: 서로 불편했던 부분은 한번 정리했으면 해.
연인: 연락 없이 늦어져서 걱정도 됐고 서운하기도 했어",기대했던 만큼 더 속상했겠다. 지금까지 버틴 것만으로도 충분히 잘했어.,456,456,P1
229,p228,matched,적절,부모님,일상 대화,2,"나: 아까 얘기하려던 거 뭐였어?
엄마: 어제 혼자 전시회에 갔는데 천천히 볼 수 있어서 오히려 좋았어",그 얘기 들으니 궁금해진다. 그 뒤에 이어진 일도 있었는지 궁금하다. 작품 중에서 제일 오래 보고 온 건 뭐였어?,457,457,P4
230,p229,matched,적절,형제·자매,질문·요청,1,형: 회의 시간이 네 시로 바뀐 거 확인했어?,"응, 네 시로 변경된 것 확인했어. 추가로 확인되는 게 있으면 이어서 알려줘.",459,459,P5
231,p230,matched,적절,형제·자매,갈등 상황,2,"나: 서로 다르게 이해한 부분이 있는 것 같아.
형: 문제가 있으면 공개적으로 말하기 전에 나한테 먼저 알려주세요",알겠어. 다음부터는 먼저 이야기하고 네 의견을 확인할게. 처리한 뒤 한 번 더 확인할게.,460,460,P2
232,p231,matched,적절,형제·자매,일상 대화,4,"나: 요즘 퇴근하고도 기타를 안 치네.
동생: 응, 예전에는 재미있었는데 요즘은 손이 안 가.
나: 일 때문에 많이 지친 거야?
동생: 그런가 봐. 집에 오면 아무것도 하기 싫어.",좋아하던 것도 하기 싫을 만큼 지쳤구나. 이번 주는 쉬고 주말에 같이 바람 쐬러 가자.,461,461,P1
233,p232,matched,적절,친구,고민·감정 상담,1,친구: 요즘 작은 실수에도 스스로를 너무 몰아붙이는 것 같아,그 얘기를 꺼내기까지 생각이 많았겠다. 지금은 해결보다 이야기를 듣는 게 먼저인 것 같아. 요즘 특히 더 힘들게 느껴지는 순간이 언제야?,465,465,P4
234,p233,matched,적절,직장 관계(상사·동료),업무 대화,3,"동료: 혼자 해보다가 잘 안 되는 부분이 있어요.
나: 어느 부분을 확인하면 될까요?
동료: 오늘 안에 수정된 화면을 QA 환경에 올려주실 수 있나요?",알겠습니다. 변경된 내용으로 반영한 뒤 다시 확인하겠습니다. 관련된 내용까지 같이 확인해보겠습니다.,466,466,P2
235,p234,matched,적절,친구,일상 대화,4,"나: 요즘 주말에도 계속 바쁘던데 괜찮아?
친구: 약속이 계속 겹쳐서 제대로 쉬지를 못했어.
나: 미룰 수 있는 일정은 없어?
친구: 다 오래전에 잡아둔 거라 취소하기도 애매해.",계속 사람을 만나느라 혼자 쉴 시간이 없었구나. 다음 주말은 비워두고 푹 쉬어.,468,468,P1
236,p235,matched,적절,직장 관계(상사·동료),고민·감정 상담,2,"나: 요즘 많이 지쳐 보이는데 괜찮으세요?
팀장: 이번 평가 결과가 기대보다 안 좋아서 자신감이 떨어졌어요",그런 기분이 들면 혼자 견디기 힘들지. 그 상황이 왜 마음에 남는지 이해돼. 요즘 특히 더 힘들게 느껴지는 순간이 언제야?,470,470,P4
237,p236,matched,적절,부모님,갈등 상황,2,"나: 계속 마음에 남는 일이 있는 것 같아.
엄마: 연락 없이 늦어져서 걱정도 됐고 서운하기도 했어",계속 신경 쓰였을 텐데 잘 말해줬어. 조금 가라앉으면 다음 일을 같이 생각해보자.,473,473,P1
238,p237,matched,적절,형제·자매,질문·요청,4,"나: 확인해줬으면 하는 게 있어?
언니: 내가 놓친 게 있는지 봐줬으면 해.
나: 뭔데? 말해봐.
언니: 오는 길에 약국에 들러서 소화제 하나만 사다 줄래?","응, 오는 길에 들러서 사갈게. 완료되면 결과를 같이 확인하자.",474,474,P2
239,p238,matched,적절,친구,정보 공유,2,"나: 일정은 어떻게 정해졌어?
친구: 배포 일정은 목요일 밤 열 시로 확정됐습니다",확인했어. 필요한 준비는 그 일정에 맞출게. 필요하면 그때 다시 조정하자.,475,475,P5
240,p239,matched,적절,형제·자매,일상 대화,4,"나: 요즘 계속 피곤해 보이는데 일이 많아?
형: 일도 많은데 주말 약속까지 계속 겹쳤어.
나: 한 주라도 약속을 미루면 안 돼?
형: 이번 달까지만 지나면 좀 나아질 것 같아.",이번 달 내내 쉴 틈이 없었구나. 남은 약속 끝나면 하루는 아무것도 하지 말고 쉬자.,476,476,P1
241,p240,matched,적절,연인,일상 대화,2,"나: 이번 달에 약속이 너무 많은 것 같던데 괜찮아?
연인: 응, 주말마다 일정이 있어서 제대로 쉰 적이 없어.",쉴 틈이 없어서 많이 지쳤겠다. 다음 주말은 아무 일정 잡지 말고 같이 쉬자.,478,478,P1
242,p241,matched,적절,직장 관계(상사·동료),업무 대화,2,"나: 아까 고민되는 부분이 있다고 하셨죠?
팀장: 배포 전에 꼭 확인해야 할 항목을 어떤 순서로 보면 좋을까요?","이 경우에는 지금 확인할 수 있는 사실과 원하는 결과를 먼저 나눈 뒤, 바로 실행할 수 있는 한 가지부터 시작해봐. 작은 범위에서 먼저 재현해본 뒤 적용 범위를 넓혀봐.",482,482,P3
243,p242,matched,적절,친구,갈등 상황,1,친구: 연락 없이 늦어져서 걱정도 됐고 서운하기도 했어,생각이 많아질 수밖에 없는 상황이었네. 한 번의 결과로 네 노력이 사라지는 건 아니야.,485,485,P1
244,p243,matched,적절,부모님,정보 공유,3,"엄마: 일정이 정해져서 미리 알려주려고 했어.
나: 응, 확인된 내용 말해줘.
엄마: 공사 때문에 주차장은 토요일 오전에 이용할 수 없대",좋아. 현재 확정된 내용으로 정리해둘게. 관련된 사람에게도 같은 내용으로 전달할게.,487,487,P5
245,p244,matched,적절,연인,갈등 상황,4,"나: 아까부터 기분이 안 좋아 보이는데 무슨 일 있어?
연인: 계속 마음에 걸리는 일이 있어.
나: 나 때문에 그런 거야?
연인: 내 이야기를 친구들 앞에서 농담처럼 말한 게 싫었어.","내가 가볍게 생각했어. 사람들 앞에서 불편하게 해서 미안하고, 다음부터는 먼저 물어볼게.",488,488,P1
246,p245,matched,적절,친구,일상 대화,3,"친구: 그러고 보니 얘기해줄 게 있어.
나: 그래서 어떻게 됐어?
친구: 어제 혼자 전시회에 갔는데 천천히 볼 수 있어서 오히려 좋았어","응, 그 뒤 이야기도 궁금하다. 처음 시작할 때와 느낌이 달라졌을 것 같아. 작품 중에서 제일 오래 보고 온 건 뭐였어?",489,489,P4
247,p246,matched,적절,선후배,질문·요청,2,"나: 아까 문의하시려던 내용은 해결하셨나요?
선배: 중고 거래 전에 판매자에게 어떤 정보를 확인해야 해?","가장 먼저 판매자 거래 이력과 실물 사진을 먼저 확인하고, 가능하면 안전결제나 사람이 많은 곳에서의 대면 거래를 선택해요. 후기나 기록을 볼 때는 네 상황과 비슷한 사례를 중심으로 봐.",492,492,P3
248,p247,matched,적절,친구,질문·요청,4,"나: 필요한 거 있으면 말해.
친구: 잠깐 확인해줬으면 하는 게 있어.
나: 응, 구체적으로 얘기해봐.
친구: 여행 숙소 두 군데 중에 어디가 나은지 같이 봐줄래?","응, 보내줘. 표현이 어색한 부분까지 같이 확인해줄게. 혹시 문제가 생기면 먼저 말할게.",494,494,P2
249,p248,matched,적절,부모님,갈등 상황,3,"아빠: 내 입장도 한번 설명하고 싶어.
나: 같은 일이 없으려면 뭘 바꾸면 될까?
아빠: 내 이야기를 다른 사람에게 전하기 전에는 꼭 물어봐 줘",알겠어. 다음부터는 먼저 이야기하고 네 의견을 확인할게. 필요하면 직접 만나서 이야기하자.,496,496,P2
250,p249,matched,적절,직장 관계(상사·동료),업무 대화,2,"나: 선택지 때문에 망설이는 부분이 있나요?
팀장: 보고서 수치가 다를 때 원인을 효율적으로 찾는 방법이 있을까요?","복잡하게 보기보다 원본 데이터의 기준일과 필터 조건부터 맞춘 뒤, 계산식과 수기 입력된 셀을 차례로 비교하는 게 빨라. 정상 동작하는 경우와 비교하면 차이를 빨리 찾을 수 있어요.",497,497,P3
251,p135,work_to_casual,부적절,연인,일상 대화,3,"연인: 오늘 점심에 뭐 먹었어?
나: 회사 앞에서 김치찌개. 너는?
연인: 나는 그냥 샌드위치로 때웠어",알겠습니다. 변경된 일정에 맞춰 준비하겠습니다. 관련된 사람에게도 같은 내용으로 전달하겠습니다.,-1,281,X2
252,p241,work_to_casual,부적절,친구,일상 대화,3,"친구: 나 어제 미용실 갔다가 머리 엄청 짧게 잘랐어 ㅋㅋ
나: 진짜? 사진 보내봐
친구: 잠깐만, 지금은 부끄러우니까 나중에 ㅋㅋ","이 경우에는 지금 확인할 수 있는 사실과 원하는 결과를 먼저 나눈 뒤, 바로 실행할 수 있는 한 가지부터 시작해봐. 작은 범위에서 먼저 재현해본 뒤 적용 범위를 넓혀봐.",-1,482,X2
253,p93,work_to_casual,부적절,형제·자매,일상 대화,1,언니: 아까 마트 갔다가 네가 좋아하는 과자 있길래 사 왔어,진행 상황이 정리됐네요. 어떤 과정으로 해결됐는지도 궁금합니다. 준비하거나 수정한 것 중에서 가장 도움이 된 부분은 뭐였어?,-1,188,X2
254,p59,work_to_casual,부적절,연인,일상 대화,1,연인: 방금 산책 나왔는데 바람이 선선해서 걷기 딱 좋아,"네, 확인된 계정을 정리해서 오늘 안에 공유드리겠습니다. 끝나면 바로 알려드릴게요.",-1,123,X2
255,p249,work_to_casual,부적절,친구,일상 대화,1,친구: 어제 축구 봤어? 마지막 골 진짜 장난 아니더라,"복잡하게 보기보다 원본 데이터의 기준일과 필터 조건부터 맞춘 뒤, 계산식과 수기 입력된 셀을 차례로 비교하는 게 빨라. 정상 동작하는 경우와 비교하면 차이를 빨리 찾을 수 있어요.",-1,497,X2
256,p174,work_to_casual,부적절,친구,일상 대화,1,친구: 나 요즘 커피 줄이는 중인데 오후만 되면 너무 마시고 싶어,"우선 마감이 임박한 일과 다른 사람 작업을 막고 있는 일을 먼저 나누고, 나머지 범위와 기한은 담당자와 다시 합의해요. 결정한 뒤에는 검토할 시점도 함께 정해두는 게 좋아.",-1,352,X2
257,p56,work_to_casual,부적절,친구,일상 대화,2,"나: 요즘 별일 없지?
친구: 응, 그냥 똑같지 뭐. 회사 갔다 집 갔다 반복이야","복잡하게 보기보다 원본 데이터의 기준일과 필터 조건부터 맞춘 뒤, 계산식과 수기 입력된 셀을 차례로 비교하는 게 빨라. 재현 조건을 정리한 뒤 한 가지 조건씩 바꿔보는 게 좋아.",-1,117,X2
258,p105,work_to_casual,부적절,형제·자매,일상 대화,1,동생: 오늘 길에서 완전 귀여운 강아지 봤어. 사진 찍어놨는데 나중에 보여줄게,확인된 내용이 있군요. 재현 조건이 달라진 부분도 확인해보고 싶어요. 시간이나 준비해야 할 내용도 같이 바뀐 건 없나요?,-1,207,X2
259,p103,work_to_casual,부적절,형제·자매,일상 대화,1,형: 요즘 운동 시작했는데 3일 만에 근육통 와서 죽겠다,"내 생각에는 지금 확인할 수 있는 사실과 원하는 결과를 먼저 나눈 뒤, 바로 실행할 수 있는 한 가지부터 시작해봐. 다른 사람 일정에 영향을 주는 일부터 먼저 확인해봐.",-1,201,X2
260,p15,work_to_casual,부적절,연인,일상 대화,2,"나: 이번 주말에 날씨 좋으면 드라이브 갈까?
연인: 좋아, 토요일이 낫겠다. 오랜만에 바람 좀 쐬자","응, 두 시 반까지 올리고 동작 확인도 한 번 해볼게.",-1,37,X2
261,p69,work_to_casual,부적절,친구,일상 대화,1,친구: 어제 새로 생긴 분식집 가봤는데 떡볶이가 진짜 맛있더라,"네, 확인된 계정을 정리해서 오늘 안에 공유드리겠습니다. 관련된 내용까지 같이 확인해보겠습니다.",-1,140,X2
262,p79,work_to_casual,부적절,형제·자매,일상 대화,3,"동생: 냉장고에 있던 푸딩 언니가 먹었지?
나: ㅋㅋ 미안, 하나만 남았길래
동생: 아 진짜, 그거 아껴둔 건데 ㅋㅋ","네, 전달해주신 내용대로 업무를 진행하겠습니다.",-1,158,X2
263,p191,work_to_casual,부적절,친구,일상 대화,2,"나: 주말에 뭐 해?
친구: 아직 계획 없어. 집에서 쉬지 않을까 싶은데","가장 먼저 원본 데이터의 기준일과 필터 조건부터 맞춘 뒤, 계산식과 수기 입력된 셀을 차례로 비교하는 게 빨라. 확인한 순서와 결과를 짧게 메모해두는 것도 좋아.",-1,384,X2
264,p233,work_to_casual,부적절,형제·자매,일상 대화,2,"나: 요즘 드라마 뭐 봐?
오빠: 볼 게 없어서 그냥 유튜브만 계속 보게 되더라",알겠습니다. 변경된 내용으로 반영한 뒤 다시 확인하겠습니다. 관련된 내용까지 같이 확인해보겠습니다.,-1,466,X2
265,p73,work_to_casual,부적절,연인,일상 대화,1,연인: 아까 카페에서 마신 라떼 괜찮더라. 다음에 또 가자,알겠습니다. 변경된 내용으로 반영한 뒤 다시 확인하겠습니다. 완료되면 결과를 같이 확인하죠.,-1,145,X2
266,p118,work_to_casual,부적절,형제·자매,일상 대화,2,"나: 오늘 저녁 뭐 먹지?
동생: 나는 아무거나 좋아. 시켜 먹어도 되고","오, 결과가 나왔군요. 해결 과정에서 배운 점이 있었을 것 같아요. 진행하면서 예상과 달랐던 부분은 없었어?",-1,237,X2
267,p192,work_to_casual,부적절,연인,일상 대화,1,연인: 오늘 하늘 봤어? 노을이 진짜 예쁘더라,"오, 결과가 나왔군요. 다음 작업에 참고할 만한 부분이 있겠네요. 준비하거나 수정한 것 중에서 가장 도움이 된 부분은 뭐였어?",-1,385,X2
268,p18,work_to_casual,부적절,연인,일상 대화,3,"연인: 오늘따라 시간이 진짜 안 가는 것 같아
나: ㅋㅋ 왜, 무슨 일 있어?
연인: 아니 그냥, 빨리 퇴근해서 쉬고 싶어서","네, 제가 대신 참석하고 주요 내용은 정리해서 공유드리겠습니다. 빠뜨리지 않도록 메모해두겠습니다.",-1,45,X2
269,p31,work_to_casual,부적절,친구,일상 대화,1,친구: 어제 늦게까지 게임 하다가 늦잠 자서 하루 종일 정신없었어,"네, 전달해주신 내용대로 업무를 진행하겠습니다. 그 내용은 제가 메모해두겠습니다.",-1,72,X2
270,p42,work_to_casual,부적절,친구,일상 대화,1,친구: 요즘 뭐 재밌는 거 없나. 하루하루가 너무 심심해,"이 경우에는 마감이 임박한 일과 다른 사람 작업을 막고 있는 일을 먼저 나누고, 나머지 범위와 기한은 담당자와 다시 합의해요. 현재 할 수 있는 범위와 나중에 할 일을 따로 나눠봐.",-1,93,X2
271,p0,cross_scenario,부적절,선후배,일상 대화,3,"선배: 요즘 같은 생각이 자꾸 반복돼요.
나: 지금 가장 힘든 부분이 무엇인가요?
선배: 혼자 밥 먹는 날이 계속되니까 생각보다 외롭더라","오, 결과가 나왔군요. 어떤 과정으로 해결됐는지도 궁금합니다. 시간이나 준비해야 할 내용도 같이 바뀐 건 없나요?",128,3,X1
272,p2,cross_scenario,부적절,부모님,고민·감정 상담,2,"나: 요즘 집에 혼자 계시면 적적하지 않아?
아빠: 네 엄마가 여행 가고 나니까 집이 너무 조용해서 영 적응이 안 된다.","응, 몇 시까지 가면 되는지 알려줘. 시간 맞춰서 같이 갈게.",104,8,X1
273,p4,cross_scenario,부적절,친구,갈등 상황,2,"나: 아까 일 때문에 표정이 안 좋던데 무슨 일 있어?
친구: 다 같이 정한다더니 내 의견은 묻지도 않아서 기분이 상했어.","응, 명단에 추가하고 빠진 사람이 없는지도 다시 확인할게.",450,12,X1
274,p9,cross_scenario,부적절,선후배,일상 대화,4,"나: 요즘 기운이 없어 보이는데 괜찮아?
후배: 집에만 있으면 괜히 기분이 가라앉는 날이 많아졌어요.
나: 최근에 무슨 일이 있었어?
후배: 특별한 일은 없는데 혼자 있는 시간이 길어져서 그런가 봐요.","응, 전달한 내용대로 알고 있을게. 일정이 가까워지면 한 번 더 확인하죠.",299,20,X1
275,p10,cross_scenario,부적절,직장 관계(상사·동료),갈등 상황,2,"나: 아까 일은 그냥 넘기지 말고 이야기했으면 합니다.
팀장: 일정 변경은 앞으로 단체방에 먼저 공유하는 걸로 하자","네, 제가 대신 참석하고 주요 내용은 정리해서 공유드리겠습니다. 완료되면 결과를 같이 확인하죠.",317,22,X1
276,p11,cross_scenario,부적절,친구,고민·감정 상담,3,"친구: 사실 요즘 마음에 걸리는 게 있어.
나: 혼자 계속 생각하고 있었던 거야?
친구: 부모님과 진로 얘기만 하면 자꾸 다투게 돼서 답답해","응, 인원과 시간 확인해서 예약해둘게. 혹시 문제가 생기면 먼저 말할게.",60,28,X1
277,p14,cross_scenario,부적절,친구,고민·감정 상담,1,친구: 부모님과 진로 얘기를 싸우지 않고 꺼내려면 어떻게 말하는 게 좋을까?,"응, 그 내용은 공유해도 돼. 추가로 확인되는 게 있으면 이어서 알려줘.",199,36,X1
278,p16,cross_scenario,부적절,선후배,갈등 상황,4,"나: 서로 다르게 이해한 부분이 있는 것 같습니다.
선배: 서로 오해한 부분이 있는 것 같아요.
나: 네, 먼저 입장을 말씀해주세요.
선배: 팀원이 내 의견을 무시할 때 회의에서 어떻게 말하는 게 좋을까요?","네, 확인된 계정을 정리해서 오늘 안에 공유드리겠습니다. 필요한 시간에 맞춰둘게.",356,41,X1
279,p17,cross_scenario,부적절,친구,고민·감정 상담,3,"친구: 요즘 좋아하던 일도 시작하기 전부터 지쳐.
나: 일이 너무 많이 쌓였어?
친구: 해야 할 생각만 해도 숨이 막혀서 손을 못 대겠어.",내 생각에는 평소와 다른 큰 소리가 계속 나면 모델명과 소리가 나는 상황을 적어두고 서비스센터에 문의하는 게 안전해. 해결되지 않으면 조건을 하나씩 빼면서 원인을 좁혀봐.,454,43,X1
280,p27,cross_scenario,부적절,형제·자매,갈등 상황,3,"형: 서로 오해한 부분이 있는 것 같아.
나: 응, 네 입장부터 말해봐.
형: 팀원이 내 의견을 무시할 때 회의에서 어떻게 말하는 게 좋을까?","복잡하게 보기보다 의존성 배열에 매 렌더링마다 새로 만들어지는 함수나 객체가 들어가는지 먼저 확인하고, 필요하면 useCallback이나 useMemo로 참조를 고정해봐. 문제가 생긴 직전 변경 사항부터 역순으로 확인해봐.",292,65,X1
281,p28,cross_scenario,부적절,형제·자매,고민·감정 상담,4,"나: 혼자 고민하는 게 있는 것 같아서 물어봤어.
동생: 오늘은 그냥 누군가한테 말하고 싶었어.
나: 그 일 때문에 많이 힘들었어?
동생: 오랫동안 준비한 일이 끝났는데 오히려 허무한 기분이 들어",회사로 변경해도 문제없어. 필요하면 그때 다시 조정하자.,437,66,X1
282,p29,cross_scenario,부적절,부모님,고민·감정 상담,3,"엄마: 나도 왜 이러는지 모르겠는데 요즘 좀 지쳐.
나: 응, 내가 듣고 있을게.
엄마: 일을 쉬고 있는데 앞으로 뭘 해야 할지 막막해","좋아, 그 내용은 기억해둘게. 변경된 부분은 메모해둘게. 시간이나 준비해야 할 내용도 같이 바뀐 건 없어?",455,68,X1
283,p30,cross_scenario,부적절,선후배,고민·감정 상담,3,"선배: 비슷한 경험이 있으시면 조언을 듣고 싶습니다.
나: 어떤 점이 가장 고민되세요?
선배: 실수한 일이 계속 마음에 남는데 어떻게 털어내면 좋을까요?",확인했습니다. 공유된 일정과 기준에 맞춰 진행하겠습니다. 관련된 사람에게도 같은 내용으로 전달하겠습니다.,90,70,X1
284,p34,cross_scenario,부적절,친구,고민·감정 상담,1,친구: 요즘 작은 실수에도 스스로를 너무 몰아붙이는 것 같아,"응, 내가 맡아서 확인해볼게. 요청한 부분만 정확히 반영할게.",465,79,X1
285,p35,cross_scenario,부적절,선후배,고민·감정 상담,4,"나: 아까부터 표정이 좋지 않던데 무슨 일 있으세요?
후배: 어디서부터 말씀드려야 할지 모르겠는데 조금 힘듭니다.
나: 지금 가장 힘든 부분이 무엇인가요?
후배: 부모님과 진로 얘기만 하면 자꾸 다투게 돼서 답답해요","우선 마감이 임박한 일과 다른 사람 작업을 막고 있는 일을 먼저 나누고, 나머지 범위와 기한은 담당자와 다시 합의해요. 우선순위가 애매하면 마감과 영향 범위부터 비교해봐.",73,80,X1
286,p36,cross_scenario,부적절,선후배,일상 대화,2,"나: 신경 쓰이는 일이 있으신 것 같아요.
선배: 혼자 밥 먹는 날이 계속되니까 생각보다 외롭더라","오, 결과가 나왔군요. 후속 작업에 영향이 있는지도 궁금합니다. 진행하면서 예상과 달랐던 부분은 없었어?",62,81,X1
287,p44,cross_scenario,부적절,선후배,고민·감정 상담,3,"선배: 제가 생각한 방향이 맞는지 여쭤보고 싶어요.
나: 선택지가 어떻게 되나요?
선배: 자꾸 다른 사람과 비교하게 될 때는 뭘 해보는 게 좋을까요?","응, 전달한 내용대로 알고 있을게. 다른 내용은 그대로 두면 됩니다.",312,99,X1
288,p45,cross_scenario,부적절,친구,갈등 상황,2,"나: 아까 일은 그냥 넘기지 말고 얘기하자.
친구: 내 물건을 쓰기 전에 한마디만 해줄래?",확인했어. 필요한 준비는 그 일정에 맞출게. 변경 사항이 생기면 다시 알려줘.,357,102,X1
289,p47,cross_scenario,부적절,선후배,고민·감정 상담,2,"나: 선택지 때문에 망설이는 부분이 있나요?
후배: 실수한 일이 계속 마음에 남는데 어떻게 털어내면 좋을까요?","네, 해당 기준으로 반영해두겠습니다. 현재 기준에서는 더 정할 건 없어요.",53,105,X1
290,p51,cross_scenario,부적절,부모님,일상 대화,2,"나: 그 뒤에 어떻게 됐는지 궁금했어.
아빠: 추천받은 영화를 봤는데 마지막 장면이 계속 기억에 남아",생각이 많아질 수밖에 없는 상황이었네. 지금까지 버틴 것만으로도 충분히 잘했어.,440,111,X1
291,p53,cross_scenario,부적절,부모님,일상 대화,2,"나: 그 뒤에 어떻게 됐는지 궁금했어.
아빠: 주말에 동네 새로 생긴 빵집 갔는데 소금빵이 괜찮더라","응, 인원과 시간 확인해서 예약해둘게. 오늘 일정 안에서 처리해둘게.",112,113,X1
292,p55,cross_scenario,부적절,부모님,고민·감정 상담,2,"나: 요즘 잠도 잘 못 자는 것 같던데 괜찮아?
아빠: 요즘 친구들을 만나도 혼자인 느낌이 들어","가장 먼저 지금 확인할 수 있는 사실과 원하는 결과를 먼저 나눈 뒤, 바로 실행할 수 있는 한 가지부터 시작해봐. 정상 동작하는 경우와 비교하면 차이를 빨리 찾을 수 있어.",432,115,X1
293,p61,cross_scenario,부적절,직장 관계(상사·동료),갈등 상황,1,동료: 역할 분담은 다음 회의에서 다시 정하는 것으로 하겠습니다,"네, 전달해주신 내용대로 업무를 진행하겠습니다. 관련된 사람에게도 같은 내용으로 전달하겠습니다.",13,126,X1
294,p63,cross_scenario,부적절,부모님,일상 대화,1,아빠: 처음으로 자전거 타고 출근했는데 생각보다 할 만했어,알겠어. 일정이 그렇게 정해졌구나. 일정이 가까워지면 다시 한 번 확인하자. 시간이나 준비해야 할 내용도 같이 바뀐 건 없어?,418,130,X1
295,p64,cross_scenario,부적절,형제·자매,고민·감정 상담,4,"나: 마음에 걸리는 일 있으면 편하게 말해.
형: 사실 요즘 마음에 걸리는 게 있어.
나: 혼자 계속 생각하고 있었던 거야?
형: 가족 일로 신경 쓸 게 많아져서 집중이 잘 안 돼",확인됐구나. 관련해서 준비할 게 있는지도 봐야겠다. 시간이나 준비해야 할 내용도 같이 바뀐 건 없어?,412,131,X1
296,p65,cross_scenario,부적절,부모님,고민·감정 상담,1,아빠: 오늘은 해야 할 일 하나만 끝내고 일찍 쉬기로 했어,"응, 인원과 시간 확인해서 예약해둘게. 처리한 뒤 한 번 더 확인할게.",410,132,X1
297,p66,cross_scenario,부적절,형제·자매,일상 대화,1,동생: 추천받은 영화를 봤는데 마지막 장면이 계속 기억에 남아,"응, 네 명으로 넣으면 돼. 그 내용은 내가 메모해둘게.",349,133,X1
298,p68,cross_scenario,부적절,연인,갈등 상황,2,"나: 아까부터 마음에 걸리는 게 있는 것 같아.
연인: 같은 일이 반복되니까 내가 존중받지 못하는 기분이야.","내 생각에는 포맷하기 전에 시작 프로그램과 저장 공간부터 정리하고, 작업 관리자에서 자원을 많이 쓰는 프로그램을 확인해봐. 확인한 순서와 결과를 짧게 메모해두는 것도 좋아.",291,138,X1
299,p70,cross_scenario,부적절,연인,갈등 상황,2,"나: 아까부터 기분이 안 좋아 보이는데 무슨 일 있어?
연인: 내 이야기를 친구들 앞에서 농담처럼 말한 게 기분 나빴어.",내 일정은 일요일이 더 여유 있어. 다른 내용은 그대로 두면 돼.,369,142,X1
300,p71,cross_scenario,부적절,선후배,일상 대화,4,"나: 요즘 기운이 없어 보이는데 괜찮아?
후배: 집에만 있으면 괜히 기분이 가라앉는 날이 많아졌어요.
나: 최근에 특별히 힘든 일이 있었어?
후배: 뚜렷한 이유는 없는데 자꾸 의욕이 없어져요.",좋아. 현재 확정된 내용으로 정리해두겠습니다. 변경 사항이 생기면 다시 알려주세요.,89,143,X1
301,p76,cross_scenario,부적절,형제·자매,갈등 상황,2,"나: 서로 다르게 이해한 부분이 있는 것 같아.
형: 내 이야기를 다른 사람에게 전하기 전에는 꼭 물어봐 줘","응, 오는 길에 들러서 사갈게. 오늘 일정 안에서 처리해둘게.",404,149,X1
302,p77,cross_scenario,부적절,친구,일상 대화,4,"나: 요즘 계속 바빠 보이는데 제대로 쉬고 있어?
친구: 이번 달은 약속이 계속 겹쳐서 주말에도 쉴 틈이 없어.
나: 취소하거나 미룰 수 있는 일정은 없어?
친구: 다 오래전에 잡은 약속이라 그것도 어렵네.",나는 일요일이 더 편해. 현재 기준에서는 더 정할 건 없어.,314,156,X1
303,p78,cross_scenario,부적절,선후배,고민·감정 상담,1,선배: 번아웃인지 단순히 피곤한 건지 구분하려면 뭘 살펴봐야 할까요?,"가장 먼저 원본 데이터의 기준일과 필터 조건부터 맞춘 뒤, 계산식과 수기 입력된 셀을 차례로 비교하는 게 빨라. 문제가 생긴 직전 변경 사항부터 역순으로 확인해봐.",144,157,X1
304,p80,cross_scenario,부적절,직장 관계(상사·동료),갈등 상황,4,"나: 아까 이야기한 일정은 어떻게 정리됐어요?
팀장: 지금은 서로 감정이 올라온 것 같으니 저녁에 다시 이야기하죠.
나: 네, 그때 차분히 정리하겠습니다.
팀장: 우선 지금 맡은 업무부터 마무리해주세요.",알겠습니다. 변경된 내용으로 반영한 뒤 다시 확인하겠습니다. 끝나면 바로 알려드릴게요.,197,161,X1
305,p84,cross_scenario,부적절,부모님,고민·감정 상담,3,"아빠: 요즘 친구들을 만나도 이상하게 혼자인 기분이 든다.
나: 같이 있어도 대화가 잘 안 통하는 것 같아?
아빠: 다들 자기 얘기만 하니까 내 이야기는 꺼내기가 어렵더라.","응, 회사 주소로 바꿔도 괜찮아. 일정이 가까워지면 한 번 더 확인하자.",316,167,X1
306,p85,cross_scenario,부적절,부모님,갈등 상황,2,"나: 서로 불편했던 부분은 한번 정리했으면 해.
아빠: 다음부터 약속을 바꾸기 전에 먼저 말해줄래?",좋아. 현재 확정된 내용으로 정리해둘게. 추가로 확인되는 게 있으면 이어서 알려줘.,16,171,X1
307,p89,cross_scenario,부적절,형제·자매,일상 대화,2,"나: 전에 말한 일 결과 나왔어?
언니: 방 정리하다가 예전 여행 사진을 잔뜩 찾았어",일요일로 잡으면 괜찮아. 변경 사항이 생기면 다시 알려줘.,86,177,X1
308,p90,cross_scenario,부적절,직장 관계(상사·동료),고민·감정 상담,2,"나: 확인해드릴 내용이 있나요?
동료: 이 얘기를 어디서부터 풀어야 할지 모르겠어요. 조금만 들어줘","가장 먼저 업무 목적, 반복 절차, 예외 상황, 담당자 연락처 순으로 정리하면 처음 보는 사람도 따라가기 쉬워. 기준을 정한 뒤 같은 기준으로 선택지를 비교해봐.",85,182,X1
309,p91,cross_scenario,부적절,부모님,갈등 상황,4,"나: 감정 더 상하기 전에 차분히 얘기하자.
엄마: 내가 불편했던 부분을 말하고 싶어.
나: 응, 차분히 들어볼게.
엄마: 다음부터 약속을 바꾸기 전에 먼저 말해줄래?","복잡하게 보기보다 마감이 임박한 일과 다른 사람 작업을 막고 있는 일을 먼저 나누고, 나머지 범위와 기한은 담당자와 다시 합의해. 우선순위가 애매하면 마감과 영향 범위부터 비교해봐.",63,183,X1
310,p92,cross_scenario,부적절,친구,일상 대화,3,"친구: 전에 궁금해하던 내용 확인해봤어.
나: 그 뒤에는 어떻게 했어?
친구: 어제 혼자 전시회에 갔는데 천천히 볼 수 있어서 오히려 좋았어",알겠어. 바뀐 일정으로 기억해둘게. 현재 기준에서는 더 정할 건 없어.,284,184,X1
311,p94,cross_scenario,부적절,선후배,고민·감정 상담,3,"선배: 어떻게 하는 게 좋을지 고민되는 부분이 있어요.
나: 어떤 기준으로 결정하고 싶으신가요?
선배: 일이 한꺼번에 겹쳤을 때 우선순위를 어떻게 정해야 할까요?",메일로 받는 게 확인하기 편해요.,372,190,X1
312,p95,cross_scenario,부적절,연인,일상 대화,1,연인: 처음으로 자전거 타고 출근했는데 생각보다 할 만했어,"응, 보내줘. 표현이 어색한 부분까지 같이 확인해줄게. 처리한 뒤 한 번 더 확인할게.",360,191,X1
313,p96,cross_scenario,부적절,선후배,고민·감정 상담,4,"나: 어떻게 처리해야 할지 고민 중이신가요?
선배: 비슷한 경험이 있으시면 조언을 듣고 싶습니다.
나: 어떤 점이 가장 고민되세요?
선배: 일이 한꺼번에 겹쳤을 때 우선순위를 어떻게 정해야 할까요?","네, 확인된 계정을 정리해서 오늘 안에 공유드리겠습니다. 완료되면 결과를 같이 확인하죠. 완료되면 필요한 시점에 맞춰 전달하겠습니다.",162,194,X1
314,p97,cross_scenario,부적절,형제·자매,갈등 상황,2,"나: 서로 다르게 이해한 부분이 있는 것 같아.
형: 문제가 있으면 공개적으로 말하기 전에 나한테 먼저 알려주세요",알겠어. 일정이 그렇게 정해졌구나. 다른 사람도 알아야 하는 내용인지 궁금하네. 시간이나 준비해야 할 내용도 같이 바뀐 건 없어?,460,195,X1
315,p98,cross_scenario,부적절,부모님,갈등 상황,2,"나: 서로 불편했던 부분은 한번 정리했으면 해.
아빠: 대화할 때 내 말을 자꾸 끊어서 속상했어","응, 확인한 내용을 팀원들에게 바로 알려줄게. 이번에 정한 기준을 나도 지킬게.",320,196,X1
316,p102,cross_scenario,부적절,부모님,갈등 상황,2,"나: 아까 분위기가 안 좋았는데 무슨 일이었어?
엄마: 문제가 있으면 공개적으로 말하기 전에 나한테 먼저 알려주세요",좋아. 현재 확정된 내용으로 정리해둘게. 일정이 가까워지면 한 번 더 확인하자.,35,200,X1
317,p104,cross_scenario,부적절,친구,고민·감정 상담,2,"나: 요즘 사람들을 만나고 와도 표정이 안 좋더라.
친구: 같이 있어도 내 얘기는 아무도 안 듣는 것 같아서 외로워.","응, 보내줘. 표현이 어색한 부분까지 같이 확인해줄게. 요청한 부분만 정확히 반영할게.",420,205,X1
318,p106,cross_scenario,부적절,연인,갈등 상황,3,"연인: 내가 불편했던 부분을 말하고 싶어.
나: 응, 차분히 들어볼게.
연인: 사과는 받았지만 왜 그렇게 했는지 이해가 안 돼서 답답해","응, 알려준 내용으로 확인해둘게. 추가로 확인되는 게 있으면 이어서 알려줘.",327,210,X1
319,p108,cross_scenario,부적절,친구,일상 대화,2,"나: 요즘 생활 패턴이 완전히 바뀐 것 같던데 괜찮아?
친구: 야근이 늘어서 자는 시간도 들쭉날쭉하고 하루가 계속 엉켜.",혼자 버티느라 많이 지쳤겠네. 당장 괜찮아지려고 애쓰지 않아도 돼.,340,217,X1
320,p110,cross_scenario,부적절,형제·자매,갈등 상황,2,"나: 아까 할 말이 있다고 했지?
언니: 응. 내 이야기를 다른 사람에게 전하기 전에는 꼭 나한테 먼저 물어봐 줘.","이 경우에는 마감이 임박한 일과 다른 사람 작업을 막고 있는 일을 먼저 나누고, 나머지 범위와 기한은 담당자와 다시 합의해. 필요한 정보가 부족하면 추측하기보다 먼저 확인해봐.",310,221,X1
321,p111,cross_scenario,부적절,직장 관계(상사·동료),갈등 상황,2,"나: 감정이 더 상하기 전에 차분히 이야기해보죠.
팀장: 역할 분담은 다음 회의에서 다시 정하는 것으로 하겠습니다",알겠습니다. 변경된 내용으로 반영한 뒤 다시 확인하겠습니다. 진행 상태도 중간에 알려드릴게요.,239,224,X1
322,p112,cross_scenario,부적절,부모님,갈등 상황,2,"나: 내가 놓친 게 있으면 말해줘.
아빠: 내 물건을 쓰기 전에 한마디만 해줄래?","가장 먼저 이동 시간과 취소 조건을 먼저 비교하고, 차이가 크지 않으면 후기에서 소음과 청결 관련 내용을 확인해봐. 처음부터 크게 바꾸지 말고 부담 없는 범위에서 먼저 해봐.",54,226,X1
323,p114,cross_scenario,부적절,직장 관계(상사·동료),고민·감정 상담,2,"나: 조언이 필요한 일이 있다고 들었어요.
선임: 번아웃인지 단순히 피곤한 건지 구분하려면 뭘 살펴봐야 할까요?",좋은 변화가 있었네요. 사용자나 고객 반응도 함께 보면 좋겠어요. 시간이나 준비해야 할 내용도 같이 바뀐 건 없나요?,336,229,X1
324,p115,cross_scenario,부적절,형제·자매,일상 대화,1,형: 예전에는 퇴근하면 바로 기타를 쳤는데 요즘은 손이 잘 안 가.,"응, 내가 맡아서 확인해볼게. 필요한 시간에 맞춰둘게.",448,232,X1
325,p116,cross_scenario,부적절,형제·자매,고민·감정 상담,1,동생: 실수한 일이 계속 마음에 남는데 어떻게 털어내면 좋을까?,"복잡하게 보기보다 의존성 배열에 매 렌더링마다 새로 만들어지는 함수나 객체가 들어가는지 먼저 확인하고, 필요하면 useCallback이나 useMemo로 참조를 고정해봐. 해결되지 않으면 조건을 하나씩 빼면서 원인을 좁혀봐.",173,234,X1
326,p117,cross_scenario,부적절,형제·자매,고민·감정 상담,1,형: 요즘 친구들을 만나도 혼자인 느낌이 들어.,"응, 내가 맡아서 확인해볼게. 관련된 내용까지 같이 확인해볼게.",332,236,X1
327,p120,cross_scenario,부적절,연인,고민·감정 상담,2,"나: 아까부터 표정이 안 좋아 보이던데 무슨 일 있어?
연인: 지금은 혼자 해결하려 하지 말고 주변에 도움을 구해보려고 해",계속 신경 쓰였을 텐데 잘 말해줬어. 지금 느끼는 감정을 그대로 인정해도 괜찮아.,9,240,X1
328,p121,cross_scenario,부적절,직장 관계(상사·동료),고민·감정 상담,2,"나: 요즘 많이 지쳐 보이는데 괜찮으세요?
동료: 팀에서 내 역할이 자꾸 바뀌니까 제가 필요한 사람인지 모르겠어요","우선 업무 목적, 반복 절차, 예외 상황, 담당자 연락처 순으로 정리하면 처음 보는 사람도 따라가기 쉬워. 현재 할 수 있는 범위와 나중에 할 일을 따로 나눠봐.",118,241,X1
329,p122,cross_scenario,부적절,친구,일상 대화,1,친구: 퇴근길에 노을이 예뻐서 사진을 한참 찍었어,맞아. 예약 인원은 네 명이야. 그 내용은 내가 메모해둘게.,272,244,X1
330,p123,cross_scenario,부적절,부모님,갈등 상황,3,"아빠: 내 입장도 한번 설명하고 싶어.
나: 같은 일이 없으려면 뭘 바꾸면 될까?
아빠: 내 이야기를 다른 사람에게 전하기 전에는 꼭 물어봐 줘","내 생각에는 업무 목적, 반복 절차, 예외 상황, 담당자 연락처 순으로 정리하면 처음 보는 사람도 따라가기 쉬워. 결정한 뒤에는 검토할 시점도 함께 정해두는 게 좋아.",496,246,X1
331,p124,cross_scenario,부적절,연인,갈등 상황,3,"연인: 그냥 넘어가면 계속 마음에 남을 것 같아.
나: 어떻게 했으면 좋겠어?
연인: 연락 없이 늦어져서 걱정도 됐고 서운하기도 했어","응, 변경된 내용 확인했어. 확정된 범위가 어디까지인지도 알고 싶어. 시간이나 준비해야 할 내용도 같이 바뀐 건 없어?",114,254,X1
332,p125,cross_scenario,부적절,연인,고민·감정 상담,4,"나: 혼자 고민하는 게 있는 것 같아서 물어봤어.
연인: 오늘은 그냥 누군가한테 말하고 싶었어.
나: 그 일 때문에 많이 힘들었어?
연인: 오늘은 해야 할 일 하나만 끝내고 일찍 쉬기로 했어","응, 네 시로 변경된 것 확인했어. 다른 내용은 그대로 두면 돼.",165,255,X1
333,p126,cross_scenario,부적절,직장 관계(상사·동료),갈등 상황,2,"나: 이번 일은 기준을 분명히 정했으면 합니다.
팀장: 상대가 계속 약속을 바꾸는데 어디까지 맞춰줘야 할까요?","이 경우에는 포맷하기 전에 시작 프로그램과 저장 공간부터 정리하고, 작업 관리자에서 자원을 많이 쓰는 프로그램을 확인해봐. 재현 조건을 정리한 뒤 한 가지 조건씩 바꿔보는 게 좋아.",122,258,X1
334,p128,cross_scenario,부적절,직장 관계(상사·동료),고민·감정 상담,2,"나: 요즘 많이 지쳐 보이는데 괜찮으세요?
팀장: 이번 평가 결과가 기대보다 안 좋아서 자신감이 떨어졌어요","응, 보내줘. 표현이 어색한 부분까지 같이 확인해줄게. 완료되면 결과를 같이 확인하죠.",470,263,X1
335,p129,cross_scenario,부적절,직장 관계(상사·동료),고민·감정 상담,4,"나: 선택지 때문에 망설이는 부분이 있나요?
팀장: 선택지가 여러 개라 기준을 잡지 못했어요.
나: 원하시는 결과가 무엇인가요?
팀장: 번아웃인지 단순히 피곤한 건지 구분하려면 뭘 살펴봐야 할까요?",알겠습니다. 변경된 내용으로 반영한 뒤 다시 확인하겠습니다. 혹시 문제가 생기면 먼저 말하겠습니다.,413,266,X1
336,p132,cross_scenario,부적절,부모님,일상 대화,3,"엄마: 그러고 보니 얘기해줄 게 있어.
나: 그래서 어떻게 됐어?
엄마: 퇴근길에 노을이 예뻐서 사진을 한참 찍었어",요즘 정말 마음이 무거웠겠다. 조금 가라앉으면 다음 일을 같이 생각해보자.,17,276,X1
337,p133,cross_scenario,부적절,친구,갈등 상황,4,"나: 아까 분위기가 안 좋았는데 무슨 일이었어?
친구: 이번 일은 솔직히 서운한 부분이 있어.
나: 내가 뭘 놓쳤는지 말해줘.
친구: 확정되지 않은 내용은 외부에 전달하지 말아주실 수 있을까?",알겠어. 바뀐 일정으로 기억해둘게. 추가로 확인되는 게 있으면 이어서 알려줘.,147,278,X1
338,p134,cross_scenario,부적절,부모님,일상 대화,2,"나: 아까 얘기하려던 거 뭐였어?
엄마: 어제 혼자 전시회에 갔는데 천천히 볼 수 있어서 오히려 좋았어","응, 현재 기준은 그렇게 알고 있어. 필요하면 그때 다시 조정하자.",457,280,X1
339,p139,cross_scenario,부적절,연인,일상 대화,1,연인: 요즘 야근이 계속돼서 생활 리듬이 완전히 깨졌어.,내 일정은 일요일이 더 여유 있어. 그 내용은 내가 메모해둘게.,47,290,X1
340,p143,cross_scenario,부적절,친구,일상 대화,4,"나: 요즘 주말에도 계속 바쁘던데 괜찮아?
친구: 약속이 계속 겹쳐서 제대로 쉬지를 못했어.
나: 미룰 수 있는 일정은 없어?
친구: 다 오래전에 잡아둔 거라 취소하기도 애매해.",병원과 날짜를 고른 뒤 시간 선택 버튼을 누르면 돼. 화면 보면서 같이 해보자.,468,294,X1
341,p144,cross_scenario,부적절,연인,고민·감정 상담,4,"나: 아까 물어보려던 건 해결했어?
연인: 일단 해보기 전에 한 번 물어보고 싶었어.
나: 어디에서 가장 막혔어?
연인: 친구와 어색해졌는데 먼저 연락하는 게 나을까 조금 기다릴까?","응, 보내줘. 표현이 어색한 부분까지 같이 확인해줄게. 진행 상태도 중간에 알려줄게. 진행하면서 문제가 생기면 먼저 이야기할게.",175,298,X1
342,p148,cross_scenario,부적절,연인,일상 대화,2,"나: 이번 달에 약속이 너무 많은 것 같던데 괜찮아?
연인: 응, 주말마다 일정이 있어서 제대로 쉰 적이 없어.","내 생각에는 지금 확인할 수 있는 사실과 원하는 결과를 먼저 나눈 뒤, 바로 실행할 수 있는 한 가지부터 시작해봐. 필요한 정보가 부족하면 추측하기보다 먼저 확인해봐.",478,307,X1
343,p153,cross_scenario,부적절,직장 관계(상사·동료),고민·감정 상담,1,동료: 실수한 일이 계속 마음에 남는데 어떻게 털어내면 좋을까요?,잘 마무리된 것 같네요. 후속 작업에 영향이 있는지도 궁금합니다. 준비하거나 수정한 것 중에서 가장 도움이 된 부분은 뭐였어?,58,315,X1
344,p156,cross_scenario,부적절,선후배,일상 대화,2,"나: 지난번에 말씀하신 일은 어떻게 됐나요?
후배: 어제 혼자 전시회에 갔는데 천천히 볼 수 있어서 오히려 좋았어요","네, 전달해주신 내용대로 업무를 진행하겠습니다. 변경 사항이 생기면 다시 알려주세요.",135,318,X1
345,p158,cross_scenario,부적절,연인,일상 대화,1,연인: 이번 달은 약속이 계속 겹쳐서 주말에도 제대로 못 쉬었어.,맞아. 예약 인원은 네 명이야. 현재 기준에서는 더 정할 건 없어.,364,322,X1
346,p159,cross_scenario,부적절,친구,갈등 상황,3,"친구: 그냥 넘어가면 계속 마음에 남을 것 같아.
나: 어떻게 했으면 좋겠어?
친구: 늦어질 때는 짧게라도 연락해줄 수 있어?",확인됐구나. 일정이 가까워지면 다시 한 번 확인하자. 시간이나 준비해야 할 내용도 같이 바뀐 건 없어?,106,325,X1
347,p162,cross_scenario,부적절,연인,갈등 상황,4,"나: 아까부터 말이 없는데 무슨 일 있어?
연인: 계속 신경 쓰이는 일이 있어.
나: 나 때문에 그런 거야?
연인: 내가 한 일을 사람들 앞에서 가볍게 말한 게 기분 나빴어.","좋아, 그 내용은 기억해둘게. 관련해서 준비할 게 있는지도 봐야겠다. 시간이나 준비해야 할 내용도 같이 바뀐 건 없어?",311,330,X1
348,p163,cross_scenario,부적절,직장 관계(상사·동료),갈등 상황,3,"동료: 저도 아까 일은 짚고 넘어가고 싶습니다.
나: 어떤 부분이 가장 불편하셨나요?
동료: 지금은 감정이 올라왔으니 저녁에 다시 얘기하자","응, 제가 맡아서 확인해보겠습니다. 필요한 시간에 맞춰둘게.",397,331,X1
349,p165,cross_scenario,부적절,직장 관계(상사·동료),고민·감정 상담,2,"나: 아까부터 표정이 좋지 않던데 무슨 일 있으세요?
선임: 다음 달까지는 현재 계획을 유지해보고 다시 판단하려고 해요",확인했어요. 필요한 준비는 그 일정에 맞출게.,417,333,X1
350,p168,cross_scenario,부적절,선후배,고민·감정 상담,1,후배: 일을 쉬고 있는데 앞으로 뭘 해야 할지 막막해요,"응, 보내줘. 표현이 어색한 부분까지 같이 확인해줄게. 빠뜨리지 않도록 메모해두겠습니다.",61,339,X1
351,p171,cross_scenario,부적절,직장 관계(상사·동료),고민·감정 상담,4,"나: 어디서부터 시작해야 할지 막히셨나요?
동료: 어디서부터 시작해야 할지 감이 오지 않습니다.
나: 네, 조금 더 구체적으로 말씀해주세요.
동료: 일이 한꺼번에 겹쳤을 때 우선순위를 어떻게 정해야 할까요?","오, 결과가 나왔군요. 재현 조건이 달라진 부분도 확인해보고 싶어요. 진행하면서 예상과 달랐던 부분은 없었어?",19,343,X1
352,p173,cross_scenario,부적절,연인,고민·감정 상담,2,"나: 조언이 필요한 일이 있다던데 뭔데?
연인: 취업 준비가 길어질 때 생활 리듬을 어떻게 잡는 게 좋을까?","복잡하게 보기보다 업무 목적, 반복 절차, 예외 상황, 담당자 연락처 순으로 정리하면 처음 보는 사람도 따라가기 쉬워. 처음부터 완벽하게 하려 하지 말고 쉬운 단계부터 시작해봐.",368,350,X1
353,p175,cross_scenario,부적절,친구,갈등 상황,3,"친구: 아까 일 때문에 기분이 좀 상했어.
나: 어떤 부분이 불편했는데?
친구: 내가 한 일을 사람들 앞에서 웃으면서 말한 게 싫었어.","내 생각에는 업무 목적, 반복 절차, 예외 상황, 담당자 연락처 순으로 정리하면 처음 보는 사람도 따라가기 쉬워. 기준을 정한 뒤 같은 기준으로 선택지를 비교해봐.",261,353,X1
354,p176,cross_scenario,부적절,연인,고민·감정 상담,2,"나: 뭔가 신경 쓰이는 일이 있는 것 같아.
연인: 감정이 가라앉을 때까지 메시지는 보내지 않기로 했어","이 경우에는 포맷하기 전에 시작 프로그램과 저장 공간부터 정리하고, 작업 관리자에서 자원을 많이 쓰는 프로그램을 확인해봐. 현재 상태를 남겨두면 변경 전후를 비교하기 쉬워.",275,354,X1
355,p179,cross_scenario,부적절,형제·자매,고민·감정 상담,2,"나: 요즘 좀 지쳐 보이는데 괜찮아?
언니: 요즘은 퇴근하고 집에 오면 아무것도 하고 싶지 않아",잘 마무리된 것 같네요. 예상했던 결과와 비교해보고 싶어요. 사용자들이 특히 좋다고 한 부분이 어디였어?,286,359,X1
356,p181,cross_scenario,부적절,연인,갈등 상황,2,"나: 서로 불편했던 부분은 한번 정리했으면 해.
연인: 연락 없이 늦어져서 걱정도 됐고 서운하기도 했어",좋아. 현재 확정된 내용으로 정리해둘게. 지금은 추가로 바꿀 건 없어 보여.,456,361,X1
357,p183,cross_scenario,부적절,친구,고민·감정 상담,2,"나: 아까 고민되는 게 있다고 했지?
친구: 번아웃인지 단순히 피곤한 건지 구분하려면 뭘 살펴봐야 할까?","응, 오는 길에 들러서 사갈게. 처리한 뒤 한 번 더 확인할게.",174,365,X1
358,p187,cross_scenario,부적절,부모님,갈등 상황,1,아빠: 다음부터 약속을 바꾸기 전에 먼저 말해줄래?,"내 생각에는 이동 시간과 취소 조건을 먼저 비교하고, 차이가 크지 않으면 후기에서 소음과 청결 관련 내용을 확인해봐. 처음부터 크게 바꾸지 말고 부담 없는 범위에서 먼저 해봐.",108,373,X1
359,p188,cross_scenario,부적절,형제·자매,고민·감정 상담,3,"오빠: 요즘 퇴근하고 집에 오면 아무것도 하기 싫어.
나: 일이 많이 힘들어?
오빠: 일 자체보다 혼자 있는 시간이 길어지니까 자꾸 기분이 가라앉아.",메일로 받는 게 확인하기 편해. 그 내용은 내가 메모해둘게.,211,374,X1
360,p189,cross_scenario,부적절,친구,고민·감정 상담,1,친구: 팀에서 내 역할이 자꾸 바뀌니까 내가 필요한 사람인지 모르겠어,"먼저 맡았던 역할을 묻고, 이후 문제 상황과 해결 과정, 결과 순서로 확인하면 답변을 비교하기 좋습니다.",4,377,X1
361,p193,cross_scenario,부적절,친구,고민·감정 상담,2,"나: 요즘 생각이 많아 보이더라. 괜찮아?
친구: 요즘 작은 실수에도 스스로를 너무 몰아붙이는 것 같아",알겠어. 바뀐 일정으로 기억해둘게. 다른 내용은 그대로 두면 돼.,95,387,X1
362,p195,cross_scenario,부적절,친구,고민·감정 상담,4,"나: 마음에 걸리는 일 있으면 편하게 말해.
친구: 사실 요즘 마음에 걸리는 게 있어.
나: 혼자 계속 생각하고 있었던 거야?
친구: 요즘은 퇴근하고 집에 오면 아무것도 하고 싶지 않아","복잡하게 보기보다 업무 목적, 반복 절차, 예외 상황, 담당자 연락처 순으로 정리하면 처음 보는 사람도 따라가기 쉬워. 다른 사람 일정에 영향을 주는 일부터 먼저 확인해봐.",92,392,X1
363,p199,cross_scenario,부적절,친구,갈등 상황,1,친구: 네가 약속을 또 당일에 바꿔서 솔직히 많이 서운했어,"응, 보내줘. 표현이 어색한 부분까지 같이 확인해줄게. 필요한 시간에 맞춰둘게.",435,400,X1
364,p200,cross_scenario,부적절,연인,갈등 상황,2,"나: 아까부터 표정이 안 좋은데 무슨 일 있어?
연인: 내가 한 일을 사람들 앞에서 가볍게 말한 게 기분 나빴어.",그 말을 꺼내는 것도 쉽지 않았겠다. 오늘은 결론을 서두르지 말고 조금 쉬어도 돼.,398,401,X1
365,p202,cross_scenario,부적절,연인,일상 대화,1,연인: 운동을 다시 시작했는데 생각만큼 몸이 따라주지 않아 조금 속상해,진행 상황이 정리됐네요. 해결 과정에서 배운 점이 있었을 것 같아요. 준비하거나 수정한 것 중에서 가장 도움이 된 부분은 뭐였어?,394,406,X1
366,p203,cross_scenario,부적절,연인,갈등 상황,1,연인: 사과를 받았지만 마음이 안 풀릴 때는 어떤 식으로 대화를 이어가야 할까?,확인했어. 필요한 준비는 그 일정에 맞출게. 현재 기준에서는 더 정할 건 없어.,303,409,X1
367,p209,cross_scenario,부적절,형제·자매,갈등 상황,1,동생: 역할 분담은 다음 회의에서 다시 정하는 것으로 하겠습니다,좋은 변화가 있었네요. 관련된 팀 반응도 확인해보면 좋겠습니다. 준비하거나 수정한 것 중에서 가장 도움이 된 부분은 뭐였어?,433,419,X1
368,p211,cross_scenario,부적절,형제·자매,일상 대화,2,"나: 오늘 있었던 일 중에 기억나는 거 있어?
형: 주말에 동네 새로 생긴 빵집 갔는데 소금빵이 괜찮더라",알려줘서 고마워. 일정이 가까워지면 다시 한 번 확인하자. 시간이나 준비해야 할 내용도 같이 바뀐 건 없어?,124,421,X1
369,p212,cross_scenario,부적절,친구,갈등 상황,1,친구: 연락 없이 늦어져서 걱정도 됐고 서운하기도 했어,진행 상황이 정리됐네요. 다음 작업에 참고할 만한 부분이 있겠네요. 시간이나 준비해야 할 내용도 같이 바뀐 건 없나요?,485,422,X1
370,p213,cross_scenario,부적절,부모님,고민·감정 상담,4,"나: 요즘 잠도 잘 못 자는 것 같던데 괜찮아?
아빠: 혼자 정리해보려 했는데 잘 안 되더라.
나: 언제부터 그렇게 느꼈어?
아빠: 오랫동안 준비한 일이 끝났는데 오히려 허무한 기분이 들어",알겠어. 일정이 그렇게 정해졌구나. 시간 외에 달라진 점도 있는지 확인해보자. 시간이나 준비해야 할 내용도 같이 바뀐 건 없어?,304,426,X1
371,p214,cross_scenario,부적절,연인,갈등 상황,4,"나: 아까부터 기분이 안 좋아 보이는데 무슨 일 있어?
연인: 계속 마음에 걸리는 일이 있어.
나: 나 때문에 그런 거야?
연인: 내 이야기를 친구들 앞에서 농담처럼 말한 게 싫었어.",확인된 내용이 있군요. 정리된 내용을 다음 회의에도 공유하면 좋겠네요. 사용자들이 특히 좋다고 한 부분이 어디였어?,488,430,X1
372,p218,cross_scenario,부적절,연인,고민·감정 상담,2,"나: 요즘 좀 지쳐 보이는데 괜찮아?
연인: 지금은 혼자 해결하려 하지 말고 주변에 도움을 구해보려고 해",알겠습니다. 변경된 내용으로 반영한 뒤 다시 확인하겠습니다. 오늘 일정 안에서 처리해두겠습니다.,110,436,X1
373,p221,cross_scenario,부적절,친구,갈등 상황,4,"나: 아까 일은 그냥 넘기지 말고 얘기하자.
친구: 나도 아까 일은 짚고 넘어가고 싶어.
나: 어떤 부분이 가장 불편했어?
친구: 대화할 때 내 말을 자꾸 끊어서 속상했어","내 생각에는 의존성 배열에 매 렌더링마다 새로 만들어지는 함수나 객체가 들어가는지 먼저 확인하고, 필요하면 useCallback이나 useMemo로 참조를 고정해봐. 현재 상태를 남겨두면 변경 전후를 비교하기 쉬워.",293,441,X1
374,p222,cross_scenario,부적절,친구,고민·감정 상담,2,"나: 요즘 좀 지쳐 보이는데 괜찮아?
친구: 요즘은 퇴근하고 집에 오면 아무것도 하고 싶지 않아","응, 보내줘. 표현이 어색한 부분까지 같이 확인해줄게. 끝나면 바로 알려줄게.",382,447,X1
375,p229,cross_scenario,부적절,부모님,고민·감정 상담,1,엄마: 이번 평가 결과가 기대보다 안 좋아서 자신감이 떨어졌어,"응, 네 시로 변경된 것 확인했어. 추가로 확인되는 게 있으면 이어서 알려줘.",289,459,X1
376,p237,cross_scenario,부적절,형제·자매,고민·감정 상담,2,"나: 요즘 계속 피곤해 보이는데 괜찮아?
형: 좋아하던 운동도 시작하기 전부터 귀찮고 지쳐.","응, 오는 길에 들러서 사갈게. 완료되면 결과를 같이 확인하자.",228,474,X1
377,p238,cross_scenario,부적절,연인,일상 대화,3,"연인: 오늘은 그냥 누군가한테 말하고 싶었어.
나: 그래, 편하게 얘기해도 돼.
연인: 요즘 사소한 일에도 예민해져서 나도 좀 당황스러워",확인했어. 필요한 준비는 그 일정에 맞출게. 필요하면 그때 다시 조정하자.,146,475,X1
378,p243,cross_scenario,부적절,친구,고민·감정 상담,2,"나: 뭔가 신경 쓰이는 일이 있는 것 같아.
친구: 감정이 가라앉을 때까지 메시지는 보내지 않기로 했어",좋아. 현재 확정된 내용으로 정리해둘게. 관련된 사람에게도 같은 내용으로 전달할게.,219,487,X1
379,p246,cross_scenario,부적절,연인,일상 대화,2,"나: 전에 말한 일 결과 나왔어?
연인: 주말에 동네 새로 생긴 빵집 갔는데 소금빵이 괜찮더라","가장 먼저 판매자 거래 이력과 실물 사진을 먼저 확인하고, 가능하면 안전결제나 사람이 많은 곳에서의 대면 거래를 선택해요. 후기나 기록을 볼 때는 네 상황과 비슷한 사례를 중심으로 봐.",166,492,X1
380,p247,cross_scenario,부적절,친구,고민·감정 상담,1,친구: 부모님과 진로 얘기만 하면 자꾸 다투게 돼서 답답해,"응, 보내줘. 표현이 어색한 부분까지 같이 확인해줄게. 혹시 문제가 생기면 먼저 말할게.",329,494,X1
381,p1,cross_scenario,부적절,부모님,정보 공유,4,"나: 혼자 판단하기 어려운 일이 있어?
엄마: 선택지가 여러 개라 기준을 못 잡겠어.
나: 지금까지 해본 건 뭐가 있어?
엄마: 면접 결과가 다음 주로 미뤄졌대. 그동안 준비를 계속하는 게 좋을까?",계속 마음에 걸렸겠네. 지금 느끼는 걸 더 말해도 괜찮아. 요즘 특히 더 힘들게 느껴지는 순간이 언제야?,307,4,X1
382,p3,cross_scenario,부적절,부모님,정보 공유,1,아빠: 다음 달부터 관리비 납부일이 25일로 바뀐대,"그래. 당장은 그 계획대로 해보고, 필요하면 다시 조정하자.",278,9,X1
383,p5,cross_scenario,부적절,직장 관계(상사·동료),업무 대화,4,"나: 아까 부탁하실 내용이 있다고 하셨죠?
팀장: 혼자 해보다가 잘 안 되는 부분이 있어요.
나: 어느 부분을 확인하면 될까요?
팀장: 이번 주 일정표에 변경된 담당자를 반영해주실 수 있나요?",그럼 다음부터는 지금 합의한 방식으로 진행하죠. 지금은 추가로 바꿀 건 없어 보여.,266,13,X1
384,p6,cross_scenario,부적절,연인,업무 대화,3,"연인: 어디서부터 시작해야 할지 감이 안 와.
나: 응, 구체적으로 얘기해봐.
연인: 업무가 한꺼번에 몰렸을 때 우선순위를 어떻게 정하는 게 좋을까?",알겠어. 다음부터는 먼저 이야기하고 네 의견을 확인할게. 다음부터는 당사자와 먼저 상의할게.,183,16,X1
385,p8,cross_scenario,부적절,직장 관계(상사·동료),업무 대화,2,"나: 아까 고민되는 부분이 있다고 하셨죠?
팀장: 배포 전에 꼭 확인해야 할 항목을 어떤 순서로 보면 좋을까요?","우선 마감이 임박한 일과 다른 사람 작업을 막고 있는 일을 먼저 나누고, 나머지 범위와 기한은 담당자와 다시 합의해요. 그다음 결과를 보고 다음 단계를 정하면 됩니다.",482,19,X1
386,p13,cross_scenario,부적절,형제·자매,업무 대화,4,"나: 오늘 배포할 내용 남았어?
동생: 응, 수정한 화면을 QA 환경에 올려줄 수 있어?
나: 몇 시까지 필요해?
동생: 세 시 전까지면 돼.",알겠어. 다음부터는 먼저 이야기하고 네 의견을 확인할게. 요청한 부분만 정확히 반영할게.,37,35,X1
387,p20,cross_scenario,부적절,직장 관계(상사·동료),업무 대화,3,"동료: 혼자 생각해봤지만 결정을 내리지 못했습니다.
나: 지금까지 시도해본 방법이 있나요?
동료: 보고서 수치가 다를 때 원인을 효율적으로 찾는 방법이 있을까요?","이 경우에는 지금 확인할 수 있는 사실과 원하는 결과를 먼저 나눈 뒤, 바로 실행할 수 있는 한 가지부터 시작해봐. 해본 뒤 마음이 더 복잡해지면 믿을 만한 사람에게 다시 이야기해봐.",157,53,X1
388,p21,cross_scenario,부적절,부모님,정보 공유,2,"나: 지금 기준으로 정해진 게 있어?
아빠: 오늘 회의는 세 시에서 네 시로 변경됐어요",알겠어. 다음부터는 먼저 이야기하고 네 의견을 확인할게. 오늘 일정 안에서 처리해둘게.,68,54,X1
389,p22,cross_scenario,부적절,선후배,업무 대화,2,"나: 현재 기준으로 결정된 내용이 있나요?
선배: 다음 회의에서는 역할 분담부터 다시 정리할 예정입니다","가장 먼저 지금 확인할 수 있는 사실과 원하는 결과를 먼저 나눈 뒤, 바로 실행할 수 있는 한 가지부터 시작해봐. 대화가 격해지면 잠깐 멈추고 다시 이야기할 시간을 정해봐.",158,58,X1
390,p23,cross_scenario,부적절,형제·자매,일상 대화,4,"나: 요즘 계속 피곤해 보이는데 일이 많아?
형: 일도 많은데 주말 약속까지 계속 겹쳤어.
나: 한 주라도 약속을 미루면 안 돼?
형: 이번 달까지만 지나면 좀 나아질 것 같아.",그 상황이면 누구라도 힘들었을 거야. 조금 가라앉으면 다음 일을 같이 생각해보자.,476,60,X1
391,p24,cross_scenario,부적절,선후배,질문·요청,4,"나: 혼자 판단하기 어려운 일이 있으신가요?
선배: 어디서부터 시작해야 할지 감이 오지 않습니다.
나: 원하시는 결과가 무엇인가요?
선배: 업무 인수인계 문서는 어느 정도까지 자세히 쓰는 게 좋아?",기대했던 만큼 더 속상했겠다. 네 마음부터 챙기는 게 먼저인 것 같아요.,182,61,X1
392,p26,cross_scenario,부적절,친구,질문·요청,4,"나: 혼자 하다가 막힌 게 있어?
친구: 부탁할 게 하나 있어.
나: 어느 부분을 확인하면 돼?
친구: 내일 면접 전에 자기소개 한번 들어봐 줄래?",알겠어. 다음부터는 먼저 이야기하고 네 의견을 확인할게. 앞으로는 결정 전에 한 번 더 이야기하자.,447,63,X1
393,p32,cross_scenario,부적절,선후배,업무 대화,3,"후배: 작업 결과가 나와서 공유드리려고 해요.
나: 어떤 부분이 달라졌나요?
후배: 프로젝트 발표 순서는 우리 팀이 세 번째예요",그 말을 꺼내는 것도 쉽지 않았겠다. 한 번의 결과로 네 노력이 사라지는 건 아니야.,229,73,X1
394,p33,cross_scenario,부적절,형제·자매,정보 공유,4,"나: 확인해야 할 내용은 다 정리됐어?
언니: 확인된 내용이 있어서 말해두려고.
나: 그럼 다음에는 뭘 하면 돼?
언니: 병원 예약은 다음 주 화요일 오전 열 시로 잡혔어",계속 신경 쓰였을 텐데 잘 말해줬어. 혼자 감당하지 말고 힘들면 나한테 말해.,330,76,X1
395,p37,cross_scenario,부적절,직장 관계(상사·동료),업무 대화,4,"나: 선택지 때문에 망설이는 부분이 있나요?
선임: 선택지가 여러 개라 기준을 잡지 못했어요.
나: 원하시는 결과가 무엇인가요?
선임: 회의에서 의견 충돌이 있을 때 어떻게 정리해서 말하는 게 좋을까요?","응, 제가 맡아서 확인해보겠습니다. 진행 상태도 중간에 알려드릴게요.",201,85,X1
396,p40,cross_scenario,부적절,직장 관계(상사·동료),업무 대화,2,"나: 아까 문의하실 내용이 있다고 들었어요.
선임: 오류가 발생한 계정 목록을 정리해서 공유해주실 수 있나요?","내 생각에는 지금 확인할 수 있는 사실과 원하는 결과를 먼저 나눈 뒤, 바로 실행할 수 있는 한 가지부터 시작해봐. 지금 당장 해결하려 하기보다 대화할 수 있는 시간을 먼저 잡아봐.",123,90,X1
397,p41,cross_scenario,부적절,부모님,질문·요청,3,"엄마: 급한 건 아닌데 부탁 하나 해도 돼?
나: 뭘 부탁하려고 했어?
엄마: 오는 길에 약국에 들러서 소화제 하나만 사다 줄래?",그 얘기를 꺼내기까지 생각이 많았겠다. 혼자 계속 생각하고 있었던 것 같네. 요즘 특히 더 힘들게 느껴지는 순간이 언제야?,365,92,X1
398,p43,cross_scenario,부적절,친구,일상 대화,3,"친구: 그러고 보니 얘기해줄 게 있어.
나: 그래서 어떻게 됐어?
친구: 어제 혼자 전시회에 갔는데 천천히 볼 수 있어서 오히려 좋았어",그런 기분이 들면 혼자 견디기 힘들지. 서두르지 말고 편하게 얘기해. 요즘 특히 더 힘들게 느껴지는 순간이 언제야?,489,95,X1
399,p46,cross_scenario,부적절,형제·자매,질문·요청,4,"나: 선택지 때문에 망설이는 게 있어?
언니: 일단 해보기 전에 한 번 물어보고 싶었어.
나: 지금까지 해본 건 뭐가 있어?
언니: 노트북이 느려졌는데 포맷하기 전에 해볼 만한 게 있을까?",평소보다 더 허전하겠네. 저녁에 내가 들를 테니까 같이 밥 먹자.,138,104,X1
400,p48,cross_scenario,부적절,연인,정보 공유,1,연인: 다음 달부터 관리비 납부일이 25일로 바뀐대,알겠어. 다음부터는 먼저 이야기하고 네 의견을 확인할게. 필요한 시간에 맞춰둘게.,361,106,X1
401,p49,cross_scenario,부적절,형제·자매,질문·요청,3,"언니: 일단 지금 기준으로 결정된 게 있어.
나: 응, 확인된 내용 말해줘.
언니: 토요일과 일요일 중 어느 날이 더 편해?",알겠어. 다음부터는 먼저 이야기하고 네 의견을 확인할게. 다른 사람에게 말하기 전에 꼭 확인할게.,142,108,X1
402,p50,cross_scenario,부적절,친구,질문·요청,2,"나: 확인해줬으면 하는 게 있어?
친구: 내일 면접 전에 자기소개 한번 들어봐 줄래?","그래. 당장은 그 계획대로 해보고, 필요하면 다시 조정하자. 필요하면 그때 다시 조정하자.",298,110,X1
403,p54,cross_scenario,부적절,친구,질문·요청,2,"나: 일정은 어떻게 정해졌어?
친구: 자료는 메일과 메신저 중 어디로 보내면 돼?",많이 긴장되고 부담됐겠다. 지금 느끼는 감정을 그대로 인정해도 괜찮아.,374,114,X1
404,p57,cross_scenario,부적절,선후배,업무 대화,1,후배: 어제 배포한 버전은 현재까지 특이사항이 없습니다,그랬구나. 요즘 많이 지쳤나 보네요. 그 상황이 왜 마음에 남는지 이해돼. 요즘 특히 더 힘들게 느껴지는 순간이 언제야?,207,118,X1
405,p58,cross_scenario,부적절,직장 관계(상사·동료),업무 대화,4,"나: 진행 상황에서 달라진 부분이 있나요?
팀장: 예상과 조금 다른 결과가 나왔어요.
나: 그럼 다음 작업은 무엇인가요?
팀장: 고객사에서 수정된 기능을 확인했다고 연락 왔습니다","우선 지금 확인할 수 있는 사실과 원하는 결과를 먼저 나눈 뒤, 바로 실행할 수 있는 한 가지부터 시작해봐. 혼자 판단하기 어렵다면 관련된 사람과 기준부터 맞춰봐.",359,122,X1
406,p72,cross_scenario,부적절,선후배,업무 대화,2,"나: 혼자 판단하기 어려운 일이 있으신가요?
후배: 보고서 수치가 다를 때 원인을 효율적으로 찾는 방법이 있을까요?","이 경우에는 수면과 식사, 집중력 저하가 얼마나 오래됐는지 먼저 기록해보고, 쉬어도 회복되지 않으면 상담이나 진료도 고려해봐. 대화가 격해지면 잠깐 멈추고 다시 이야기할 시간을 정해봐.",117,144,X1
407,p75,cross_scenario,부적절,친구,질문·요청,4,"나: 지난번에 물어본 건 답 왔어?
친구: 일정이 정해져서 미리 알려주려고 했어.
나: 그래, 현재 상황이 어떻게 돼?
친구: 그 내용은 다른 사람들에게도 공유해도 돼?",알겠어. 다음부터는 먼저 이야기하고 네 의견을 확인할게. 빠뜨리지 않도록 메모해둘게.,36,147,X1
408,p81,cross_scenario,부적절,선후배,업무 대화,4,"나: 현재 기준으로 결정된 내용이 있나요?
선배: 관련된 분들과 이야기해서 정리했습니다.
나: 네, 어떻게 정해졌나요?
선배: 오늘 회의는 세 시에서 네 시로 변경됐어요","복잡하게 보기보다 마감이 임박한 일과 다른 사람 작업을 막고 있는 일을 먼저 나누고, 나머지 범위와 기한은 담당자와 다시 합의해요. 그다음 결과를 보고 다음 단계를 정하면 됩니다.",70,162,X1
409,p82,cross_scenario,부적절,형제·자매,정보 공유,4,"나: 확인해야 할 내용은 다 정리됐어?
언니: 확인된 내용이 있어서 말해두려고.
나: 그럼 다음에는 뭘 하면 돼?
언니: 배포 일정은 목요일 밤 열 시로 확정됐습니다","응, 지금은 무리해서 결론 내리지 않고 조금 더 지켜보자. 지금은 추가로 바꿀 건 없어 보여.",210,165,X1
410,p86,cross_scenario,부적절,친구,정보 공유,4,"나: 확인해야 할 내용은 다 정리됐어?
친구: 확인된 내용이 있어서 말해두려고.
나: 그럼 다음에는 뭘 하면 돼?
친구: 병원 예약은 다음 주 화요일 오전 열 시로 잡혔어","우선 지금 확인할 수 있는 사실과 원하는 결과를 먼저 나눈 뒤, 바로 실행할 수 있는 한 가지부터 시작해봐. 지금 당장 해결하려 하기보다 대화할 수 있는 시간을 먼저 잡아봐.",426,173,X1
411,p87,cross_scenario,부적절,형제·자매,정보 공유,3,"오빠: 하나만 도와줄 수 있어?
나: 응, 구체적으로 얘기해봐.
오빠: 숙소 체크인은 세 시부터 가능하대. 이동 시간 다시 계산해줄래?","내 생각에는 수면과 식사, 집중력 저하가 얼마나 오래됐는지 먼저 기록해보고, 쉬어도 회복되지 않으면 상담이나 진료도 고려해봐. 상대의 답을 재촉하지 말고 네 의도부터 분명하게 전달해봐.",79,174,X1
412,p88,cross_scenario,부적절,연인,질문·요청,2,"나: 마음에 걸리는 일 있으면 편하게 말해.
연인: 친구에게 먼저 연락하고 싶은데 또 거절당할까 봐 겁나. 내가 너무 걱정하는 걸까?","이 경우에는 부담이 덜한 짧은 안부부터 보내고, 바로 답을 요구하기보다 상대가 편할 때 답할 수 있게 말해봐. 네가 바라는 변화가 무엇인지 구체적으로 말하는 게 좋아.",217,175,X1
413,p99,cross_scenario,부적절,선후배,업무 대화,3,"선배: 비슷한 경험이 있으시면 조언을 듣고 싶습니다.
나: 어떤 점이 가장 고민되세요?
선배: 인수인계 문서는 어느 수준까지 자세히 작성해야 할까요?","네, 우선 현재 업무를 마무리하고 저녁에 다시 이야기하겠습니다.",350,197,X1
414,p100,cross_scenario,부적절,부모님,정보 공유,3,"엄마: 변경된 부분이 하나 있어.
나: 시간은 그대로야?
엄마: 병원 예약은 다음 주 화요일 오전 열 시로 잡혔어",알겠어. 다음부터는 먼저 이야기하고 네 의견을 확인할게. 혹시 문제가 생기면 먼저 말할게.,131,198,X1
415,p101,cross_scenario,부적절,친구,질문·요청,2,"나: 아까 이야기한 계획은 그대로야?
친구: 예약 인원은 네 명으로 넣으면 되는 거지?","우선 잘잘못부터 따지기보다 불편했던 행동과 다음부터 원하는 기준을 구체적으로 말하고, 상대 설명도 끝까지 들어봐. 해본 뒤 마음이 더 복잡해지면 믿을 만한 사람에게 다시 이야기해봐.",322,199,X1
416,p107,cross_scenario,부적절,형제·자매,질문·요청,1,오빠: 배송지를 회사로 바꿔도 괜찮아?,혼자 있는 시간이 계속되면 더 가라앉을 수 있겠다. 이번 주말에는 같이 밥 먹고 산책이라도 하자.,167,211,X1
417,p109,cross_scenario,부적절,부모님,정보 공유,2,"나: 일정은 어떻게 정해졌어?
엄마: 다음 달부터 관리비 납부일이 25일로 바뀐대",알겠어. 이번 주는 정한 만큼만 해보고 상태를 보자. 필요하면 그때 다시 조정하자.,387,219,X1
418,p113,cross_scenario,부적절,연인,질문·요청,2,"나: 뭔가 신경 쓰이는 일이 있는 것 같아.
연인: 요즘 내가 사소한 일에도 너무 예민한 것 같아. 너도 그렇게 보여?",원래 좋아하던 일도 버겁게 느껴질 만큼 지쳤구나. 이번 주는 억지로 하지 말고 좀 쉬어.,240,228,X1
419,p119,cross_scenario,부적절,직장 관계(상사·동료),업무 대화,3,"팀장: 잠깐 확인해주셨으면 하는 내용이 있습니다.
나: 네, 필요한 내용부터 말씀해주세요.
팀장: 고객사에 보내기 전에 메일 내용을 한번 검토해주세요",좋아. 같은 일이 없도록 이 기준을 지키자. 관련된 사람에게도 같은 내용으로 전달하겠습니다.,263,239,X1
420,p127,cross_scenario,부적절,부모님,질문·요청,2,"나: 오늘은 평소보다 말이 없네. 무슨 일 있었어?
엄마: 잘 쉬고 있는데도 피곤한데 혹시 내가 무리하고 있는 것처럼 보여?",사람들 앞에서 가볍게 다뤄져서 속상했겠다. 다음에는 그러지 말아달라고 차분히 이야기해보자.,111,261,X1
421,p131,cross_scenario,부적절,형제·자매,업무 대화,2,"나: 혼자 판단하기 어려운 일이 있어?
동생: 업무가 한꺼번에 몰렸을 때 우선순위를 어떻게 정하는 게 좋을까?","그래. 당장은 그 계획대로 해보고, 필요하면 다시 조정하자. 일정이 가까워지면 한 번 더 확인하자.",221,275,X1
422,p137,cross_scenario,부적절,부모님,정보 공유,4,"나: 지난번에 물어본 건 답 왔어?
엄마: 일단 지금 기준으로 결정된 게 있어.
나: 다른 변경 사항은 없어?
엄마: 계약서는 금요일 오후에 작성하기로 했어","응, 조금 더 들어보고 싶어. 네 입장에서 어떤 점이 힘든지 궁금해. 요즘 특히 더 힘들게 느껴지는 순간이 언제야?",409,286,X1
423,p138,cross_scenario,부적절,부모님,질문·요청,1,아빠: 내일 병원에서 검사 결과를 듣는데 같이 가줄 수 있니?,그랬구나. 요즘 많이 지쳤나 보네. 지금은 해결보다 이야기를 듣는 게 먼저인 것 같아. 요즘 특히 더 힘들게 느껴지는 순간이 언제야?,8,289,X1
424,p140,cross_scenario,부적절,친구,질문·요청,2,"나: 선택지 때문에 망설이는 게 있어?
친구: 노트북이 느려졌는데 포맷하기 전에 해볼 만한 게 있을까?",그렇게 느끼게 해서 미안해. 어떤 일이 반복됐는지 말해주면 제대로 듣고 고칠게.,354,291,X1
425,p141,cross_scenario,부적절,부모님,질문·요청,1,아빠: 여행 숙소를 고를 때 위치와 가격 중 어느 쪽을 먼저 봐야 할까?,"가장 먼저 지금 확인할 수 있는 사실과 원하는 결과를 먼저 나눈 뒤, 바로 실행할 수 있는 한 가지부터 시작해봐. 우선순위가 애매하면 마감과 영향 범위부터 비교해봐.",226,292,X1
426,p142,cross_scenario,부적절,부모님,질문·요청,2,"나: 아빠, 스마트폰으로 병원 예약하는 거 어려워?
아빠: 응. 진료과를 고른 다음에는 어디를 눌러야 하는지 모르겠어.",많이 긴장되고 부담됐겠다. 필요하면 내가 옆에서 같이 정리해볼게.,294,293,X1
427,p146,cross_scenario,부적절,형제·자매,질문·요청,4,"나: 지금 기준으로 정해진 게 있어?
오빠: 확인된 내용이 있어서 말해두려고.
나: 언제부터 그렇게 하면 돼?
오빠: 회의 시간이 네 시로 바뀐 거 확인했어?","우선 잘잘못부터 따지기보다 불편했던 행동과 다음부터 원하는 기준을 구체적으로 말하고, 상대 설명도 끝까지 들어봐. 대화가 격해지면 잠깐 멈추고 다시 이야기할 시간을 정해봐.",255,303,X1
428,p147,cross_scenario,부적절,연인,질문·요청,3,"연인: 부탁할 게 하나 있어.
나: 어느 부분을 확인하면 돼?
연인: 내일 면접 전에 자기소개 한번 들어봐 줄래?",계속 마음에 걸렸겠네. 그 상황이 왜 마음에 남는지 이해돼. 그중에서 네가 가장 기억에 남는 건 뭐야?,191,304,X1
429,p149,cross_scenario,부적절,연인,질문·요청,1,연인: 토요일과 일요일 중 어느 날이 더 편해?,"알겠어. 앞으로는 먼저 네 의사를 확인하고, 싫다고 하면 이야기하지 않을게.",156,310,X1
430,p150,cross_scenario,부적절,친구,질문·요청,1,친구: 업무 인수인계 문서는 어느 정도까지 자세히 쓰는 게 좋아?,사람들 앞에서 네 이야기를 가볍게 한 건 미안해. 다음부터는 먼저 네 의사를 확인할게.,246,311,X1
431,p151,cross_scenario,부적절,직장 관계(상사·동료),업무 대화,4,"나: 방법을 같이 생각해봤으면 하는 부분이 있나요?
팀장: 어떻게 하는 게 좋을지 고민되는 부분이 있어요.
나: 어떤 기준으로 결정하고 싶으신가요?
팀장: 업무가 한꺼번에 몰렸을 때 우선순위를 어떻게 정하는 게 좋을까요?","이 경우에는 지금 확인할 수 있는 사실과 원하는 결과를 먼저 나눈 뒤, 바로 실행할 수 있는 한 가지부터 시작해봐. 한 번에 결론을 내리기보다 네가 원하는 점부터 짧게 정리해봐.",80,312,X1
432,p154,cross_scenario,부적절,부모님,정보 공유,1,아빠: 숙소 체크인은 세 시부터 가능하대. 이동 시간 다시 계산해줄래?,같이 있어도 외롭게 느껴졌겠네. 다음에 만나면 아빠 이야기도 편하게 해봐. 내가 먼저 들어줄게.,236,316,X1
433,p155,cross_scenario,부적절,직장 관계(상사·동료),업무 대화,2,"나: 확인해드릴 내용이 있나요?
팀장: 오류가 발생한 계정 목록을 정리해서 공유해주실 수 있나요?",알겠어. 앞으로는 방금 정한 기준대로 하죠. 다른 내용은 그대로 두면 됩니다.,41,317,X1
434,p157,cross_scenario,부적절,형제·자매,질문·요청,2,"나: 요즘 생각이 많아 보이더라. 괜찮아?
형: 친구에게 먼저 연락하고 싶은데 또 거절당할까 봐 겁나. 내가 너무 걱정하는 걸까?",그 말을 꺼내는 것도 쉽지 않았겠다. 네 마음부터 챙기는 게 먼저인 것 같아.,276,320,X1
435,p160,cross_scenario,부적절,부모님,정보 공유,2,"나: 변경된 내용 있으면 말해줘.
아빠: 오늘 회의는 세 시에서 네 시로 변경됐어요",계속 신경 쓰였을 텐데 잘 말해줬어. 필요하면 내가 옆에서 같이 정리해볼게.,254,327,X1
436,p161,cross_scenario,부적절,부모님,일상 대화,2,"나: 그 뒤에 어떻게 됐는지 궁금했어.
아빠: 처음으로 자전거 타고 출근했는데 생각보다 할 만했어",네가 유난스러운 게 아니라 충분히 힘들 만한 일이야. 한 번의 결과로 네 노력이 사라지는 건 아니야.,32,329,X1
437,p164,cross_scenario,부적절,연인,업무 대화,3,"연인: 어떻게 하는 게 나을지 고민되는 게 있어.
나: 어떤 기준으로 결정하고 싶어?
연인: 보고서 수치가 다를 때 원인을 효율적으로 찾는 방법이 있을까?",사람들 사이에 있어도 외롭게 느껴졌구나. 요즘 무슨 일이 있었는지 천천히 말해봐.,384,332,X1
438,p166,cross_scenario,부적절,친구,정보 공유,1,친구: 다음 달부터 관리비 납부일이 25일로 바뀐대,좋아하던 것도 귀찮을 만큼 기운이 없구나. 이번에는 억지로 가지 말고 푹 쉬어.,184,334,X1
439,p167,cross_scenario,부적절,선후배,질문·요청,2,"나: 제가 도울 수 있는 일이면 말씀해주세요.
선배: 집주인에게 보낼 문자가 어색하지 않은지 읽어봐 주실 수 있나요?","가장 먼저 수면과 식사, 집중력 저하가 얼마나 오래됐는지 먼저 기록해보고, 쉬어도 회복되지 않으면 상담이나 진료도 고려해봐. 상대 반응을 단정하지 말고 네가 느낀 점부터 설명해봐.",400,336,X1
440,p170,cross_scenario,부적절,형제·자매,정보 공유,1,형: 병원 예약이 다음 주 화요일 오전 열 시로 잡혔어. 캘린더에 적어줄래?,알겠어. 다음부터는 먼저 이야기하고 네 의견을 확인할게. 끝나면 바로 알려줄게. 진행하면서 마지막으로 한 번 더 검토할게.,28,342,X1
441,p177,cross_scenario,부적절,선후배,정보 공유,2,"나: 일정은 어떻게 정해졌나요?
후배: 휴가 신청은 이번 주 안에 제출하면 된대","가장 먼저 지금 확인할 수 있는 사실과 원하는 결과를 먼저 나눈 뒤, 바로 실행할 수 있는 한 가지부터 시작해봐. 선택지가 많으면 꼭 필요한 조건 세 개만 먼저 정해봐.",99,356,X1
442,p178,cross_scenario,부적절,친구,질문·요청,4,"나: 아까 연락한 이유가 부탁할 게 있어서였어?
친구: 급한 건 아닌데 부탁 하나 해도 돼?
나: 뭘 부탁하려고 했어?
친구: 내일 면접 전에 자기소개 한번 들어봐 줄래?",알겠어. 다음부터는 먼저 이야기하고 네 의견을 확인할게. 끝나면 바로 알려줄게.,205,357,X1
443,p184,cross_scenario,부적절,친구,질문·요청,1,친구: 이번 모임 예약을 대신해줄 수 있어?,"복잡하게 보기보다 지금 확인할 수 있는 사실과 원하는 결과를 먼저 나눈 뒤, 바로 실행할 수 있는 한 가지부터 시작해봐. 현재 할 수 있는 범위와 나중에 할 일을 따로 나눠봐.",113,368,X1
444,p185,cross_scenario,부적절,연인,정보 공유,1,연인: 휴가 신청은 이번 주 안에 제출하면 된대,그건 내가 조심했어야 했어. 사람들 앞에서 불편하게 해서 미안해.,171,369,X1
445,p186,cross_scenario,부적절,선후배,정보 공유,4,"나: 그 일은 어떻게 진행하기로 했나요?
후배: 현재 상황만 간단히 말씀드릴게요.
나: 현재 상황이 어떻게 되나요?
후배: 휴가 신청은 이번 주 안에 제출하면 된대","우선 마감이 임박한 일과 다른 사람 작업을 막고 있는 일을 먼저 나누고, 나머지 범위와 기한은 담당자와 다시 합의해요. 필요한 정보가 부족하면 추측하기보다 먼저 확인해봐.",333,372,X1
446,p190,cross_scenario,부적절,형제·자매,정보 공유,4,"나: 변경된 내용 있으면 말해줘.
언니: 계획을 조금 조정해서 말해두려고.
나: 그 기준으로 진행하면 되는 거야?
언니: 예약 인원은 네 명으로 최종 확인됐어","응, 조금 더 들어보고 싶어. 그 일 이후의 상황도 천천히 들어볼게. 요즘 특히 더 힘들게 느껴지는 순간이 언제야?",102,382,X1
447,p194,cross_scenario,부적절,연인,질문·요청,1,연인: 여행 숙소를 고를 때 위치와 가격 중 어느 쪽을 먼저 봐야 할까?,알겠어. 다음부터는 먼저 이야기하고 네 의견을 확인할게. 진행 상태도 중간에 알려줄게.,373,391,X1
448,p197,cross_scenario,부적절,선후배,업무 대화,3,"선배: 확인된 내용이 있어서 말씀드리려고 합니다.
나: 그 기준으로 진행하면 되는 건가요?
선배: 보고서 검토는 팀장님 확인 후 마무리하겠습니다",좋아. 같은 일이 없도록 이 기준을 지키자. 변경 사항이 생기면 다시 알려주세요.,72,397,X1
449,p198,cross_scenario,부적절,연인,정보 공유,2,"나: 확인해야 할 내용은 다 정리됐어?
연인: 택배는 오늘 저녁 여덟 시쯤 도착 예정이래",그렇게 느끼게 해서 미안해. 다음부터는 네 이야기를 꺼내기 전에 먼저 물어볼게.,130,398,X1
450,p201,cross_scenario,부적절,형제·자매,질문·요청,2,"나: 아까 이야기한 계획은 그대로야?
언니: 토요일과 일요일 중 어느 날이 더 편해?",알겠어. 다음부터는 먼저 이야기하고 네 의견을 확인할게. 중간에 쉬고 싶으면 말해.,290,404,X1
451,p204,cross_scenario,부적절,부모님,질문·요청,1,엄마: React에서 useEffect가 계속 반복 실행되는데 어디부터 확인해야 할까?,알겠어. 당분간은 현재 계획을 유지해보자.,441,410,X1
452,p205,cross_scenario,부적절,형제·자매,질문·요청,2,"나: 아까 물어볼 게 있다던데 뭔데?
형: 이번 모임 예약을 대신해줄 수 있어?",그 얘기를 꺼내기까지 생각이 많았겠다. 말로 꺼내니 마음이 조금은 정리됐으면 좋겠다. 그중에서 네가 가장 기억에 남는 건 뭐야?,132,412,X1
453,p206,cross_scenario,부적절,직장 관계(상사·동료),업무 대화,2,"나: 확인해드릴 내용이 있나요?
팀장: 오늘 안에 수정된 화면을 QA 환경에 올려주실 수 있나요?","우선 수면과 식사, 집중력 저하가 얼마나 오래됐는지 먼저 기록해보고, 쉬어도 회복되지 않으면 상담이나 진료도 고려해봐. 혼자 계속 생각하기보다 작은 행동 하나를 정해보는 것도 좋아.",161,413,X1
454,p207,cross_scenario,부적절,직장 관계(상사·동료),업무 대화,3,"동료: 혼자 해보다가 잘 안 되는 부분이 있어요.
나: 어느 부분을 확인하면 될까요?
동료: 오늘 안에 수정된 화면을 QA 환경에 올려주실 수 있나요?","그래요. 당장은 그 계획대로 해보고, 필요하면 다시 조정하죠. 지금은 추가로 바꿀 건 없어 보여.",466,417,X1
455,p210,cross_scenario,부적절,친구,질문·요청,4,"나: 필요한 거 있으면 말해.
친구: 잠깐 확인해줬으면 하는 게 있어.
나: 응, 구체적으로 얘기해봐.
친구: 여행 숙소 두 군데 중에 어디가 나은지 같이 봐줄래?",사람들 사이에서도 혼자라고 느꼈구나. 그동안 누구한테도 말 못 해서 더 답답했겠다.,494,420,X1
456,p215,cross_scenario,부적절,형제·자매,질문·요청,2,"나: 선택지 때문에 망설이는 게 있어?
언니: React에서 useEffect가 계속 반복 실행되는데 어디부터 확인해야 할까?",네가 유난스러운 게 아니라 충분히 힘들 만한 일이야. 지금까지 버틴 것만으로도 충분히 잘했어.,234,432,X1
457,p216,cross_scenario,부적절,연인,정보 공유,2,"나: 아까 확인한 내용 있다고 했지?
연인: 휴가 신청은 이번 주 안에 제출하면 된대",그럼 다음부터는 지금 합의한 방식으로 진행하자. 일정이 가까워지면 한 번 더 확인하자.,200,433,X1
458,p217,cross_scenario,부적절,연인,질문·요청,3,"연인: 방금 답이 와서 공유하려고 해.
나: 그럼 다음에는 뭘 하면 돼?
연인: 토요일과 일요일 중 어느 날이 더 편해?",요즘 정말 마음이 무거웠겠다. 지금 느끼는 감정을 그대로 인정해도 괜찮아.,177,435,X1
459,p219,cross_scenario,부적절,형제·자매,정보 공유,2,"나: 아까 물어보려던 건 해결했어?
동생: 담당자가 바뀐다고 공지가 왔는데 인수인계를 어디서부터 확인해야 할까?","응, 조금 더 들어보고 싶어. 네가 어떤 순간에 가장 힘든지 알고 싶어. 그중에서 네가 가장 기억에 남는 건 뭐야?",353,437,X1
460,p224,cross_scenario,부적절,연인,질문·요청,2,"나: 지난번에 물어본 건 답 왔어?
연인: 예약 인원은 네 명으로 넣으면 되는 거지?",네 의견이 빠진 채 결정돼서 속상했겠다. 다음에는 먼저 말할 기회를 달라고 이야기해보자.,244,450,X1
461,p225,cross_scenario,부적절,친구,질문·요청,3,"친구: 관련된 사람들과 얘기해서 정리했어.
나: 그 기준으로 진행하면 되는 거야?
친구: 예약 인원은 네 명으로 넣으면 되는 거지?",시작하기도 전에 막막할 만큼 지쳤구나. 오늘은 꼭 필요한 일 하나만 하고 나머지는 미뤄도 괜찮아.,133,454,X1
462,p226,cross_scenario,부적절,부모님,질문·요청,3,"아빠: 이번 주 가족 모임 참석자 명단에 이모도 추가해줄래?
나: 응, 성함만 다시 알려줘.
아빠: 박정희로 추가하면 돼.",그 상황이면 누구라도 힘들었을 거야. 당장 괜찮아지려고 애쓰지 않아도 돼.,12,455,X1
463,p227,cross_scenario,부적절,연인,질문·요청,3,"연인: 방법을 몇 가지 찾아봤는데 뭐가 맞는지 모르겠어.
나: 선택지가 어떻게 되는데?
연인: React에서 useEffect가 계속 반복 실행되는데 어디부터 확인해야 할까?",기대했던 만큼 더 속상했겠다. 지금까지 버틴 것만으로도 충분히 잘했어.,65,456,X1
464,p230,cross_scenario,부적절,형제·자매,질문·요청,4,"나: 확인해줬으면 하는 게 있어?
언니: 내가 놓친 게 있는지 봐줬으면 해.
나: 뭔데? 말해봐.
언니: 오는 길에 약국에 들러서 소화제 하나만 사다 줄래?",알겠어. 다음부터는 먼저 이야기하고 네 의견을 확인할게. 처리한 뒤 한 번 더 확인할게.,474,460,X1
465,p232,cross_scenario,부적절,연인,질문·요청,2,"나: 내가 도울 수 있는 일이면 말해봐.
연인: 내일 아침 일곱 시에 한 번 깨워줄 수 있어?",그 얘기를 꺼내기까지 생각이 많았겠다. 지금은 해결보다 이야기를 듣는 게 먼저인 것 같아. 요즘 특히 더 힘들게 느껴지는 순간이 언제야?,232,465,X1
466,p235,cross_scenario,부적절,직장 관계(상사·동료),업무 대화,2,"나: 선택지 때문에 망설이는 부분이 있나요?
동료: 인수인계 문서는 어느 수준까지 자세히 작성해야 할까요?",그런 기분이 들면 혼자 견디기 힘들지. 그 상황이 왜 마음에 남는지 이해돼. 요즘 특히 더 힘들게 느껴지는 순간이 언제야?,241,470,X1
467,p236,cross_scenario,부적절,형제·자매,질문·요청,2,"나: 마음에 걸리는 일 있으면 편하게 말해.
동생: 친구에게 먼저 연락하고 싶은데 또 거절당할까 봐 겁나. 내가 너무 걱정하는 걸까?",계속 신경 쓰였을 텐데 잘 말해줬어. 조금 가라앉으면 다음 일을 같이 생각해보자.,401,473,X1
468,p242,cross_scenario,부적절,형제·자매,질문·요청,1,형: 회의 시간이 네 시로 바뀐 거 확인했어?,생각이 많아질 수밖에 없는 상황이었네. 한 번의 결과로 네 노력이 사라지는 건 아니야.,459,485,X1
469,p244,cross_scenario,부적절,형제·자매,질문·요청,2,"나: 아까 고민되는 게 있다고 했지?
오빠: 김치냉장고에서 소리가 나는데 바로 서비스센터에 연락해야 할까?","내가 가볍게 생각했어. 사람들 앞에서 불편하게 해서 미안하고, 다음부터는 먼저 물어볼게.",43,488,X1
470,p248,cross_scenario,부적절,연인,질문·요청,1,연인: 오는 길에 약국에 들러서 소화제 하나만 사다 줄래?,알겠어. 다음부터는 먼저 이야기하고 네 의견을 확인할게. 필요하면 직접 만나서 이야기하자.,149,496,X1
471,p7,cross_scenario,부적절,형제·자매,갈등 상황,2,"나: 내가 놓친 게 있으면 말해줘.
언니: 확정되지 않은 내용은 외부에 전달하지 말아주실 수 있을까?",직접 해보니 느낌이 달랐겠다. 그 뒤에 이어진 일도 있었는지 궁금하다. 사진도 찍었어? 실제로 본 색감이 더 예뻤겠다.,198,17,X1
472,p12,cross_scenario,부적절,연인,갈등 상황,2,"나: 내가 놓친 게 있으면 말해줘.
연인: 확정되지 않은 내용은 외부에 전달하지 말아주실 수 있을까?",생각보다 기억에 남는 일이었나 보네. 그 경험이 왜 기억에 남았는지 알고 싶어. 직접 해보니 힘든 점보다 좋았던 점이 더 컸어?,342,32,X1
473,p19,cross_scenario,부적절,부모님,정보 공유,3,"엄마: 현재 상황만 간단히 알려줄게.
나: 그래, 현재 상황이 어떻게 돼?
엄마: 병원 예약은 다음 주 화요일 오전 열 시로 잡혔어",계속 제대로 못 쉬었구나. 오늘은 일 생각 잠깐 내려놓고 일찍 쉬자.,421,47,X1
474,p25,cross_scenario,부적절,선후배,질문·요청,1,선배: 노트북이 느려졌는데 포맷하기 전에 해볼 만한 게 있을까요?,혼자 버티느라 많이 지쳤겠네요. 필요하면 제가 옆에서 같이 정리해보겠습니다.,258,62,X1
475,p38,cross_scenario,부적절,부모님,고민·감정 상담,1,아빠: 예전에는 낚시 가는 날만 기다렸는데 요즘은 준비하는 것도 귀찮다.,그 얘기 들으니 궁금해진다. 의외였던 부분도 있었을 것 같네. 사진 보면서 가장 먼저 떠오른 기억은 뭐였어?,334,86,X1
476,p39,cross_scenario,부적절,선후배,질문·요청,2,"나: 아까 문의하시려던 내용은 해결하셨나요?
선배: 중고 거래 전에 판매자에게 어떤 정보를 확인해야 해?",그럴 때는 이유를 당장 찾아내려고 애쓰지 않아도 돼. 며칠 더 계속되면 혼자 견디지 말고 주변에 도움도 요청해봐.,492,89,X1
477,p52,cross_scenario,부적절,부모님,고민·감정 상담,2,"나: 마음에 걸리는 일 있으면 편하게 말해.
아빠: 요즘 친구들을 만나도 혼자인 느낌이 들어","응, 그 뒤 이야기도 궁금하다. 얘기만 들어도 장면이 조금 그려진다. 다른 메뉴도 먹어봤어, 아니면 소금빵이 제일 괜찮았어?",76,112,X1
478,p60,cross_scenario,부적절,부모님,갈등 상황,1,엄마: 문제가 있으면 공개적으로 말하기 전에 나한테 먼저 알려주세요,"그 얘기 들으니 궁금해진다. 처음 시작할 때와 느낌이 달라졌을 것 같아. 다른 메뉴도 먹어봤어, 아니면 소금빵이 제일 괜찮았어?",391,124,X1
479,p62,cross_scenario,부적절,선후배,업무 대화,2,"나: 아까 말씀하신 계획은 그대로인가요?
후배: 이번 주에는 로그인 오류부터 우선 확인하기로 했습니다",그랬구나. 많이 마음 쓰였겠다. 한 번의 결과로 네 노력이 사라지는 건 아니야.,281,128,X1
480,p67,cross_scenario,부적절,직장 관계(상사·동료),업무 대화,4,"나: 어떤 부분을 도와드리면 될까요?
팀장: 부탁드릴 내용이 하나 있습니다.
나: 어떤 부탁인지 말씀해주시겠어요?
팀장: 이번 주 일정표에 변경된 담당자를 반영해주실 수 있나요?","응, 그 뒤 이야기도 궁금하다. 네가 어떤 부분을 좋아했는지 더 듣고 싶어. 작품 중에서 제일 오래 보고 온 건 뭐였어?",224,135,X1
481,p74,cross_scenario,부적절,부모님,갈등 상황,2,"나: 계속 마음에 남는 일이 있는 것 같아.
엄마: 연락 없이 늦어져서 걱정도 됐고 서운하기도 했어",그 상황이면 누구라도 힘들었을 거야. 혼자 감당하지 말고 힘들면 나한테 말해.,473,146,X1
482,p83,cross_scenario,부적절,친구,정보 공유,2,"나: 일정은 어떻게 정해졌어?
친구: 숙소 체크인은 오후 세 시부터 가능하다고 답 왔어","오, 그랬구나. 얘기만 들어도 장면이 조금 그려진다. 다른 메뉴도 먹어봤어, 아니면 소금빵이 제일 괜찮았어?",195,166,X1
483,p130,cross_scenario,부적절,선후배,업무 대화,2,"나: 아까 연락 주신 이유가 부탁할 내용 때문인가요?
선배: 오류가 발생한 계정 목록을 정리해서 공유해주실 수 있나요?",직접 해보니 느낌이 달랐겠다. 직접 겪은 얘기라 더 생생하게 들린다. 사진도 찍었어? 실제로 본 색감이 더 예뻤겠다.,140,272,X1
484,p136,cross_scenario,부적절,선후배,업무 대화,2,"나: 아까 연락 주신 이유가 부탁할 내용 때문인가요?
선배: 오늘 안에 수정된 화면을 QA 환경에 올려주실 수 있나요?",생각보다 기억에 남는 일이었나 보네. 다음에도 해보고 싶은 경험이었는지 궁금해. 작품 중에서 제일 오래 보고 온 건 뭐였어?,436,284,X1
485,p145,cross_scenario,부적절,직장 관계(상사·동료),업무 대화,1,동료: 이번 주 일정표에 변경된 담당자를 반영해주실 수 있나요?,혼자 있는 시간이 길어서 더 가라앉았나 보다. 이번 주에는 잠깐이라도 밖에서 같이 밥 먹자.,145,299,X1
486,p152,cross_scenario,부적절,직장 관계(상사·동료),업무 대화,4,"나: 현재 기준으로 결정된 내용이 있나요?
선임: 관련된 분들과 이야기해서 정리했습니다.
나: 네, 어떻게 정해졌나요?
선임: 수정본은 오늘 퇴근 전까지 공유하겠습니다",계속 사람을 만나느라 혼자 쉴 시간이 없었구나. 다음 주말만큼은 일정 잡지 말고 푹 쉬어.,318,314,X1
487,p169,cross_scenario,부적절,선후배,업무 대화,1,후배: 이번 주 보고서는 예상보다 빨리 마무리됐습니다,잠도 제대로 못 자서 많이 지쳤겠다. 이번 주말에는 약속 잡지 말고 푹 쉬어.,237,340,X1
488,p172,cross_scenario,부적절,선후배,업무 대화,3,"후배: 진행하면서 새로 확인한 내용이 있어요.
나: 문제는 해결됐나요?
후배: 지난번에 수정한 화면이 사용자 반응이 좋대요",그 얘기 들으니 궁금해진다. 그 경험이 왜 기억에 남았는지 알고 싶어. 마지막 장면에서 어떤 부분이 가장 기억에 남았어?,419,349,X1
489,p180,cross_scenario,부적절,직장 관계(상사·동료),질문·요청,2,"나: 일정은 어떻게 정해졌나요?
동료: 자료는 메일과 메신저 중 어디로 보내면 돼?",생각보다 기억에 남는 일이었나 보네. 처음 시작할 때와 느낌이 달라졌을 것 같아. 직접 해보니 힘든 점보다 좋았던 점이 더 컸어?,190,360,X1
490,p182,cross_scenario,부적절,직장 관계(상사·동료),업무 대화,3,"선임: 변경된 부분이 하나 있습니다.
나: 네, 확인된 내용을 말씀해주세요.
선임: 고객사 회신은 내일 오전에 받을 예정입니다",계속 일정에 치여서 지쳤겠다. 다음 주말은 비워두고 우리 집에서 편하게 쉬자.,105,364,X1
491,p196,cross_scenario,부적절,직장 관계(상사·동료),업무 대화,3,"선임: 진행하면서 새로 확인한 내용이 있어요.
나: 문제는 해결됐나요?
선임: 어제 배포한 버전은 현재까지 특이사항이 없습니다",기대했던 만큼 더 속상했겠다. 한 번의 결과로 네 노력이 사라지는 건 아니야.,3,394,X1
492,p208,cross_scenario,부적절,선후배,업무 대화,1,선배: 처음 만든 API가 드디어 정상적으로 동작해요,생각보다 기억에 남는 일이었나 보네. 직접 겪은 얘기라 더 생생하게 들린다. 직접 해보니 힘든 점보다 좋았던 점이 더 컸어?,188,418,X1
493,p220,cross_scenario,부적절,선후배,업무 대화,2,"나: 고객사에서는 답변이 왔나요?
선배: 프로젝트 발표 순서는 우리 팀이 세 번째예요","오, 그랬구나. 다음에도 해보고 싶은 경험이었는지 궁금해. 마지막 장면에서 어떤 부분이 가장 기억에 남았어?",422,440,X1
494,p223,cross_scenario,부적절,직장 관계(상사·동료),정보 공유,2,"나: 현재 기준으로 결정된 내용이 있나요?
팀장: 공사 때문에 주차장은 토요일 오전에 이용할 수 없대",좋아하던 취미도 귀찮을 만큼 지쳤나 보다. 한동안 쉬었다가 마음 내킬 때 다시 해.,20,448,X1
495,p228,cross_scenario,부적절,직장 관계(상사·동료),업무 대화,3,"동료: 테스트 결과가 나와서 말씀드리려고 합니다.
나: 결과가 어떻게 나왔나요?
동료: 고객사에서 수정된 기능을 확인했다고 연락 왔습니다",그 얘기 들으니 궁금해진다. 그 뒤에 이어진 일도 있었는지 궁금하다. 작품 중에서 제일 오래 보고 온 건 뭐였어?,430,457,X1
496,p231,cross_scenario,부적절,선후배,업무 대화,3,"후배: 제가 놓친 부분이 있는지 봐주셨으면 합니다.
나: 제가 할 수 있는 일인지 말씀해주세요.
후배: 배포 전에 로그인 기능을 한 번 더 테스트해주시겠어요?",좋아하던 것도 하기 싫을 만큼 지쳤구나. 이번 주는 쉬고 주말에 같이 바람 쐬러 가자.,331,461,X1
497,p234,cross_scenario,부적절,선후배,업무 대화,3,"후배: 배포 이후 상황을 확인해봤어요.
나: 예상했던 결과와 비슷한가요?
후배: 이번 주 보고서는 예상보다 빨리 마무리됐습니다",계속 사람을 만나느라 혼자 쉴 시간이 없었구나. 다음 주말은 비워두고 푹 쉬어.,81,468,X1
498,p239,cross_scenario,부적절,선후배,정보 공유,2,"나: 아까 말씀하신 계획은 그대로인가요?
후배: 교육 일정은 월요일과 수요일로 정해졌어요",이번 달 내내 쉴 틈이 없었구나. 남은 약속 끝나면 하루는 아무것도 하지 말고 쉬자.,143,476,X1
499,p240,cross_scenario,부적절,선후배,업무 대화,2,"나: 방법을 같이 생각해봤으면 하는 부분이 있나요?
선배: 일정이 촉박할 때 범위를 줄이는 기준을 어떻게 잡아야 할까요?",쉴 틈이 없어서 많이 지쳤겠다. 다음 주말은 아무 일정 잡지 말고 같이 쉬자.,352,478,X1
500,p245,cross_scenario,부적절,직장 관계(상사·동료),업무 대화,2,"나: 아까 부탁하실 내용이 있다고 하셨죠?
팀장: 오류가 발생한 계정 목록을 정리해서 공유해주실 수 있나요?","응, 그 뒤 이야기도 궁금하다. 처음 시작할 때와 느낌이 달라졌을 것 같아. 작품 중에서 제일 오래 보고 온 건 뭐였어?",194,489,X1
501,n0,smalltalk_casual,적절,친구,일상 대화,1,친구: 어제 새로 생긴 분식집 가봤는데 떡볶이가 진짜 맛있더라,"아 맞다, 나 오늘 신발 하나 샀어.",-1,6,P6
502,n0,smalltalk_serious,부적절,부모님,정보 공유,3,"엄마: 일정이 정해져서 미리 알려주려고 했어.
나: 응, 확인된 내용 말해줘.
엄마: 공사 때문에 주차장은 토요일 오전에 이용할 수 없대","아 맞다, 나 오늘 신발 하나 샀어.",487,6,X1
503,n1,smalltalk_casual,적절,형제·자매,일상 대화,2,"나: 요즘 드라마 뭐 봐?
오빠: 볼 게 없어서 그냥 유튜브만 계속 보게 되더라",저녁에는 뭘 먹을지 아직 못 정했어.,-1,11,P6
504,n1,smalltalk_serious,부적절,선후배,업무 대화,2,"나: 진행 상황에서 달라진 부분이 있나요?
후배: 이번 주 보고서는 예상보다 빨리 마무리됐습니다",저녁에는 뭘 먹을지 아직 못 정했어.,343,11,X1
505,n2,smalltalk_casual,적절,친구,일상 대화,1,친구: 어제 축구 봤어? 마지막 골 진짜 장난 아니더라,요즘 볼 만한 드라마가 없더라.,-1,27,P6
506,n2,smalltalk_serious,부적절,직장 관계(상사·동료),업무 대화,1,선임: 회의 자료의 수치와 원본 데이터를 대조해주실 수 있을까요?,요즘 볼 만한 드라마가 없더라.,45,27,X1
507,n3,smalltalk_casual,적절,형제·자매,일상 대화,2,"나: 오늘 저녁 뭐 먹지?
동생: 나는 아무거나 좋아. 시켜 먹어도 되고",주말에 비가 오는지 확인해봐야겠다.,-1,29,P6
508,n3,smalltalk_serious,부적절,형제·자매,질문·요청,3,"형: 변경된 부분이 하나 있어.
나: 다른 변경 사항은 없어?
형: 이번 일정은 다음 주부터 적용되는 게 맞아?",주말에 비가 오는지 확인해봐야겠다.,280,29,X1
509,n4,smalltalk_casual,적절,친구,일상 대화,2,"나: 요즘 별일 없지?
친구: 응, 그냥 똑같지 뭐. 회사 갔다 집 갔다 반복이야",내 휴대폰 배터리가 너무 빨리 닳아.,-1,30,P6
510,n4,smalltalk_serious,부적절,연인,정보 공유,3,"연인: 혼자 해보다가 잘 안 되는 게 있어.
나: 응, 어떤 걸 도와주면 돼?
연인: 발표 순서는 우리 팀이 세 번째래. 팀원들에게도 알려줄래?",내 휴대폰 배터리가 너무 빨리 닳아.,196,30,X1
511,n5,smalltalk_casual,적절,형제·자매,일상 대화,1,형: 요즘 운동 시작했는데 3일 만에 근육통 와서 죽겠다,커피 원두를 새로 주문했는데 향이 괜찮더라.,-1,34,P6
512,n5,smalltalk_serious,부적절,친구,정보 공유,2,"나: 일정은 어떻게 정해졌어?
친구: 배포 일정은 목요일 밤 열 시로 확정됐습니다",커피 원두를 새로 주문했는데 향이 괜찮더라.,475,34,X1
513,n6,smalltalk_casual,적절,연인,일상 대화,1,연인: 오늘 하늘 봤어? 노을이 진짜 예쁘더라,아까 택배가 하나 도착했어.,-1,64,P6
514,n6,smalltalk_serious,부적절,친구,정보 공유,4,"나: 그 일은 결국 어떻게 하기로 했어?
친구: 현재 상황만 간단히 알려줄게.
나: 그래, 현재 상황이 어떻게 돼?
친구: 병원 예약은 다음 주 화요일 오전 열 시로 잡혔어",아까 택배가 하나 도착했어.,325,64,X1
515,n7,smalltalk_casual,적절,연인,일상 대화,3,"연인: 오늘 점심에 뭐 먹었어?
나: 회사 앞에서 김치찌개. 너는?
연인: 나는 그냥 샌드위치로 때웠어",냉장고에 남은 반찬부터 먹어야겠어.,-1,74,P6
516,n7,smalltalk_serious,부적절,연인,질문·요청,3,"연인: 현재 상황만 간단히 알려줄게.
나: 시간은 그대로야?
연인: 배송지를 회사로 바꿔도 괜찮아?",냉장고에 남은 반찬부터 먹어야겠어.,66,74,X1
517,n8,smalltalk_casual,적절,친구,일상 대화,3,"친구: 나 어제 미용실 갔다가 머리 엄청 짧게 잘랐어 ㅋㅋ
나: 진짜? 사진 보내봐
친구: 잠깐만, 지금은 부끄러우니까 나중에 ㅋㅋ",다음 달에 운동화를 하나 바꾸려고 해.,-1,91,P6
518,n8,smalltalk_serious,부적절,형제·자매,업무 대화,2,"나: 아까 물어보려던 건 해결했어?
오빠: 배포 전에 꼭 확인해야 할 항목을 어떤 순서로 보면 좋을까?",다음 달에 운동화를 하나 바꾸려고 해.,115,91,X1
519,n9,smalltalk_casual,적절,형제·자매,일상 대화,1,언니: 아까 마트 갔다가 네가 좋아하는 과자 있길래 사 왔어,이번에 머리 스타일을 바꿔볼까 생각 중이야.,-1,187,P6
520,n9,smalltalk_serious,부적절,연인,질문·요청,2,"나: 어디서부터 손대야 할지 모르겠어?
연인: 업무 인수인계 문서는 어느 정도까지 자세히 쓰는 게 좋아?",이번에 머리 스타일을 바꿔볼까 생각 중이야.,392,187,X1
