no,pair_id,source_type,label,room_id,origin_room,difficulty,party,register,style,turn_count,history,response,source
1,v25_work_app_0,matched_v25,적절,work_app,work_app,-,group,formal,plain,14,"수진: 온보딩 화면 시안 2개 버전 공유드려요. A안은 3단계, B안은 스와이프형이에요
태호: 저는 B안이 나은 것 같네요. 개발 공수는 비슷합니다
나: 저도 B안에 한 표요. 다만 첫 화면 문구는 좀 다듬어야 할 듯해요
수진: 문구는 마케팅쪽 확인 받아볼게요
태호: 그리고 v3.2 브랜치에 로그인 리팩토링 올려뒀습니다. 리뷰 부탁드려요
나: 넵 오늘 중으로 볼게요
수진: 목요일 QA 일정은 확정된 건가요?
태호: 네, 목요일 오후 2시부터고 QA팀 두 분 들어오십니다
나: 그럼 수요일까지는 온보딩 플로우 머지돼야겠네요
태호: 푸시 알림 권한 요청 타이밍도 이번에 바꾸나요?
수진: 네, 첫 실행 말고 두 번째 세션에서 띄우는 걸로 기획 확정됐어요
태호: 오케이 반영하겠습니다
수진: 아 그리고 아이콘 에셋 오늘 밤에 제플린에 올려둘게요
태호: 감사합니다 ㅎㅎ",태호님 리뷰 완료했어요. 토큰 만료 처리 쪽에 코멘트 하나 남겼습니다,v25
2,v25_work_app_0,misdirect_v25,부적절,work_infra,work_app,hard,group,formal,plain,14,"민규: 이전 대상 서비스 목록 시트에 정리해뒀습니다. 확인 부탁드려요
재현: 스테이징은 이번 주에 먼저 옮기고, 운영은 토요일 새벽 점검 때 진행하는 거죠?
민규: 네, 토요일 새벽 2시부터 6시까지 점검 공지 나갔습니다
나: DB 마이그레이션 리허설은 언제 하나요?
민규: 목요일 밤에 스테이징에서 한 번 돌려볼 예정입니다
재현: RDS 파라미터 그룹은 기존 값 그대로 복사하면 되나요?
민규: 타임존이랑 커넥션 수만 바꾸고 나머지는 동일하게 갑니다
나: 이전 후 DNS TTL은 미리 줄여둘게요
재현: 로드밸런서 헬스체크 경로도 새 서버 기준으로 바꿔야 해요
민규: 그건 제가 인프라 레포에 PR 올려두겠습니다
재현: 구버전 서버는 언제까지 유지하나요?
민규: 일주일 모니터링하고 문제 없으면 다음 주말에 내립니다
나: 롤백 시나리오 문서도 이따 공유드릴게요
민규: 좋습니다. 리허설 전에 다 같이 한 번 읽어보죠",태호님 리뷰 완료했어요. 토큰 만료 처리 쪽에 코멘트 하나 남겼습니다,v25
3,v25_work_infra_0,matched_v25,적절,work_infra,work_infra,-,group,formal,plain,14,"민규: 이전 대상 서비스 목록 시트에 정리해뒀습니다. 확인 부탁드려요
재현: 스테이징은 이번 주에 먼저 옮기고, 운영은 토요일 새벽 점검 때 진행하는 거죠?
민규: 네, 토요일 새벽 2시부터 6시까지 점검 공지 나갔습니다
나: DB 마이그레이션 리허설은 언제 하나요?
민규: 목요일 밤에 스테이징에서 한 번 돌려볼 예정입니다
재현: RDS 파라미터 그룹은 기존 값 그대로 복사하면 되나요?
민규: 타임존이랑 커넥션 수만 바꾸고 나머지는 동일하게 갑니다
나: 이전 후 DNS TTL은 미리 줄여둘게요
재현: 로드밸런서 헬스체크 경로도 새 서버 기준으로 바꿔야 해요
민규: 그건 제가 인프라 레포에 PR 올려두겠습니다
재현: 구버전 서버는 언제까지 유지하나요?
민규: 일주일 모니터링하고 문제 없으면 다음 주말에 내립니다
나: 롤백 시나리오 문서도 이따 공유드릴게요
민규: 좋습니다. 리허설 전에 다 같이 한 번 읽어보죠",롤백 문서 올렸습니다. 마이그레이션 실패 시 스냅샷 복구 기준으로 잡았어요,v25
4,v25_work_infra_0,misdirect_v25,부적절,work_app,work_infra,hard,group,formal,plain,14,"수진: 온보딩 화면 시안 2개 버전 공유드려요. A안은 3단계, B안은 스와이프형이에요
태호: 저는 B안이 나은 것 같네요. 개발 공수는 비슷합니다
나: 저도 B안에 한 표요. 다만 첫 화면 문구는 좀 다듬어야 할 듯해요
수진: 문구는 마케팅쪽 확인 받아볼게요
태호: 그리고 v3.2 브랜치에 로그인 리팩토링 올려뒀습니다. 리뷰 부탁드려요
나: 넵 오늘 중으로 볼게요
수진: 목요일 QA 일정은 확정된 건가요?
태호: 네, 목요일 오후 2시부터고 QA팀 두 분 들어오십니다
나: 그럼 수요일까지는 온보딩 플로우 머지돼야겠네요
태호: 푸시 알림 권한 요청 타이밍도 이번에 바꾸나요?
수진: 네, 첫 실행 말고 두 번째 세션에서 띄우는 걸로 기획 확정됐어요
태호: 오케이 반영하겠습니다
수진: 아 그리고 아이콘 에셋 오늘 밤에 제플린에 올려둘게요
태호: 감사합니다 ㅎㅎ",롤백 문서 올렸습니다. 마이그레이션 실패 시 스냅샷 복구 기준으로 잡았어요,v25
5,v25_work_app_1,matched_v25,적절,work_app,work_app,-,group,formal,plain,14,"수진: 온보딩 화면 시안 2개 버전 공유드려요. A안은 3단계, B안은 스와이프형이에요
태호: 저는 B안이 나은 것 같네요. 개발 공수는 비슷합니다
나: 저도 B안에 한 표요. 다만 첫 화면 문구는 좀 다듬어야 할 듯해요
수진: 문구는 마케팅쪽 확인 받아볼게요
태호: 그리고 v3.2 브랜치에 로그인 리팩토링 올려뒀습니다. 리뷰 부탁드려요
나: 넵 오늘 중으로 볼게요
수진: 목요일 QA 일정은 확정된 건가요?
태호: 네, 목요일 오후 2시부터고 QA팀 두 분 들어오십니다
나: 그럼 수요일까지는 온보딩 플로우 머지돼야겠네요
태호: 푸시 알림 권한 요청 타이밍도 이번에 바꾸나요?
수진: 네, 첫 실행 말고 두 번째 세션에서 띄우는 걸로 기획 확정됐어요
태호: 오케이 반영하겠습니다
수진: 아 그리고 아이콘 에셋 오늘 밤에 제플린에 올려둘게요
태호: 감사합니다 ㅎㅎ",QA 전에 온보딩 B안 프로토타입 한 번 같이 봐요. 수요일 오전 어떠세요?,v25
6,v25_work_app_1,misdirect_v25,부적절,work_infra,work_app,hard,group,formal,plain,14,"민규: 이전 대상 서비스 목록 시트에 정리해뒀습니다. 확인 부탁드려요
재현: 스테이징은 이번 주에 먼저 옮기고, 운영은 토요일 새벽 점검 때 진행하는 거죠?
민규: 네, 토요일 새벽 2시부터 6시까지 점검 공지 나갔습니다
나: DB 마이그레이션 리허설은 언제 하나요?
민규: 목요일 밤에 스테이징에서 한 번 돌려볼 예정입니다
재현: RDS 파라미터 그룹은 기존 값 그대로 복사하면 되나요?
민규: 타임존이랑 커넥션 수만 바꾸고 나머지는 동일하게 갑니다
나: 이전 후 DNS TTL은 미리 줄여둘게요
재현: 로드밸런서 헬스체크 경로도 새 서버 기준으로 바꿔야 해요
민규: 그건 제가 인프라 레포에 PR 올려두겠습니다
재현: 구버전 서버는 언제까지 유지하나요?
민규: 일주일 모니터링하고 문제 없으면 다음 주말에 내립니다
나: 롤백 시나리오 문서도 이따 공유드릴게요
민규: 좋습니다. 리허설 전에 다 같이 한 번 읽어보죠",QA 전에 온보딩 B안 프로토타입 한 번 같이 봐요. 수요일 오전 어떠세요?,v25
7,v25_work_infra_1,matched_v25,적절,work_infra,work_infra,-,group,formal,plain,14,"민규: 이전 대상 서비스 목록 시트에 정리해뒀습니다. 확인 부탁드려요
재현: 스테이징은 이번 주에 먼저 옮기고, 운영은 토요일 새벽 점검 때 진행하는 거죠?
민규: 네, 토요일 새벽 2시부터 6시까지 점검 공지 나갔습니다
나: DB 마이그레이션 리허설은 언제 하나요?
민규: 목요일 밤에 스테이징에서 한 번 돌려볼 예정입니다
재현: RDS 파라미터 그룹은 기존 값 그대로 복사하면 되나요?
민규: 타임존이랑 커넥션 수만 바꾸고 나머지는 동일하게 갑니다
나: 이전 후 DNS TTL은 미리 줄여둘게요
재현: 로드밸런서 헬스체크 경로도 새 서버 기준으로 바꿔야 해요
민규: 그건 제가 인프라 레포에 PR 올려두겠습니다
재현: 구버전 서버는 언제까지 유지하나요?
민규: 일주일 모니터링하고 문제 없으면 다음 주말에 내립니다
나: 롤백 시나리오 문서도 이따 공유드릴게요
민규: 좋습니다. 리허설 전에 다 같이 한 번 읽어보죠",토요일 새벽 점검 때 저는 1시 반까지 접속해 있겠습니다,v25
8,v25_work_infra_1,misdirect_v25,부적절,work_app,work_infra,hard,group,formal,plain,14,"수진: 온보딩 화면 시안 2개 버전 공유드려요. A안은 3단계, B안은 스와이프형이에요
태호: 저는 B안이 나은 것 같네요. 개발 공수는 비슷합니다
나: 저도 B안에 한 표요. 다만 첫 화면 문구는 좀 다듬어야 할 듯해요
수진: 문구는 마케팅쪽 확인 받아볼게요
태호: 그리고 v3.2 브랜치에 로그인 리팩토링 올려뒀습니다. 리뷰 부탁드려요
나: 넵 오늘 중으로 볼게요
수진: 목요일 QA 일정은 확정된 건가요?
태호: 네, 목요일 오후 2시부터고 QA팀 두 분 들어오십니다
나: 그럼 수요일까지는 온보딩 플로우 머지돼야겠네요
태호: 푸시 알림 권한 요청 타이밍도 이번에 바꾸나요?
수진: 네, 첫 실행 말고 두 번째 세션에서 띄우는 걸로 기획 확정됐어요
태호: 오케이 반영하겠습니다
수진: 아 그리고 아이콘 에셋 오늘 밤에 제플린에 올려둘게요
태호: 감사합니다 ㅎㅎ",토요일 새벽 점검 때 저는 1시 반까지 접속해 있겠습니다,v25
9,v25_work_app_2,matched_v25,적절,work_app,work_app,-,group,formal,plain,14,"수진: 온보딩 화면 시안 2개 버전 공유드려요. A안은 3단계, B안은 스와이프형이에요
태호: 저는 B안이 나은 것 같네요. 개발 공수는 비슷합니다
나: 저도 B안에 한 표요. 다만 첫 화면 문구는 좀 다듬어야 할 듯해요
수진: 문구는 마케팅쪽 확인 받아볼게요
태호: 그리고 v3.2 브랜치에 로그인 리팩토링 올려뒀습니다. 리뷰 부탁드려요
나: 넵 오늘 중으로 볼게요
수진: 목요일 QA 일정은 확정된 건가요?
태호: 네, 목요일 오후 2시부터고 QA팀 두 분 들어오십니다
나: 그럼 수요일까지는 온보딩 플로우 머지돼야겠네요
태호: 푸시 알림 권한 요청 타이밍도 이번에 바꾸나요?
수진: 네, 첫 실행 말고 두 번째 세션에서 띄우는 걸로 기획 확정됐어요
태호: 오케이 반영하겠습니다
수진: 아 그리고 아이콘 에셋 오늘 밤에 제플린에 올려둘게요
태호: 감사합니다 ㅎㅎ",제플린 에셋 확인했는데 탭바 아이콘만 2x가 빠진 것 같아요,v25
10,v25_work_app_2,misdirect_v25,부적절,work_infra,work_app,hard,group,formal,plain,14,"민규: 이전 대상 서비스 목록 시트에 정리해뒀습니다. 확인 부탁드려요
재현: 스테이징은 이번 주에 먼저 옮기고, 운영은 토요일 새벽 점검 때 진행하는 거죠?
민규: 네, 토요일 새벽 2시부터 6시까지 점검 공지 나갔습니다
나: DB 마이그레이션 리허설은 언제 하나요?
민규: 목요일 밤에 스테이징에서 한 번 돌려볼 예정입니다
재현: RDS 파라미터 그룹은 기존 값 그대로 복사하면 되나요?
민규: 타임존이랑 커넥션 수만 바꾸고 나머지는 동일하게 갑니다
나: 이전 후 DNS TTL은 미리 줄여둘게요
재현: 로드밸런서 헬스체크 경로도 새 서버 기준으로 바꿔야 해요
민규: 그건 제가 인프라 레포에 PR 올려두겠습니다
재현: 구버전 서버는 언제까지 유지하나요?
민규: 일주일 모니터링하고 문제 없으면 다음 주말에 내립니다
나: 롤백 시나리오 문서도 이따 공유드릴게요
민규: 좋습니다. 리허설 전에 다 같이 한 번 읽어보죠",제플린 에셋 확인했는데 탭바 아이콘만 2x가 빠진 것 같아요,v25
11,v25_work_infra_2,matched_v25,적절,work_infra,work_infra,-,group,formal,plain,14,"민규: 이전 대상 서비스 목록 시트에 정리해뒀습니다. 확인 부탁드려요
재현: 스테이징은 이번 주에 먼저 옮기고, 운영은 토요일 새벽 점검 때 진행하는 거죠?
민규: 네, 토요일 새벽 2시부터 6시까지 점검 공지 나갔습니다
나: DB 마이그레이션 리허설은 언제 하나요?
민규: 목요일 밤에 스테이징에서 한 번 돌려볼 예정입니다
재현: RDS 파라미터 그룹은 기존 값 그대로 복사하면 되나요?
민규: 타임존이랑 커넥션 수만 바꾸고 나머지는 동일하게 갑니다
나: 이전 후 DNS TTL은 미리 줄여둘게요
재현: 로드밸런서 헬스체크 경로도 새 서버 기준으로 바꿔야 해요
민규: 그건 제가 인프라 레포에 PR 올려두겠습니다
재현: 구버전 서버는 언제까지 유지하나요?
민규: 일주일 모니터링하고 문제 없으면 다음 주말에 내립니다
나: 롤백 시나리오 문서도 이따 공유드릴게요
민규: 좋습니다. 리허설 전에 다 같이 한 번 읽어보죠","TTL 300으로 줄여뒀고, 이전 끝나면 원복하겠습니다",v25
12,v25_work_infra_2,misdirect_v25,부적절,work_app,work_infra,hard,group,formal,plain,14,"수진: 온보딩 화면 시안 2개 버전 공유드려요. A안은 3단계, B안은 스와이프형이에요
태호: 저는 B안이 나은 것 같네요. 개발 공수는 비슷합니다
나: 저도 B안에 한 표요. 다만 첫 화면 문구는 좀 다듬어야 할 듯해요
수진: 문구는 마케팅쪽 확인 받아볼게요
태호: 그리고 v3.2 브랜치에 로그인 리팩토링 올려뒀습니다. 리뷰 부탁드려요
나: 넵 오늘 중으로 볼게요
수진: 목요일 QA 일정은 확정된 건가요?
태호: 네, 목요일 오후 2시부터고 QA팀 두 분 들어오십니다
나: 그럼 수요일까지는 온보딩 플로우 머지돼야겠네요
태호: 푸시 알림 권한 요청 타이밍도 이번에 바꾸나요?
수진: 네, 첫 실행 말고 두 번째 세션에서 띄우는 걸로 기획 확정됐어요
태호: 오케이 반영하겠습니다
수진: 아 그리고 아이콘 에셋 오늘 밤에 제플린에 올려둘게요
태호: 감사합니다 ㅎㅎ","TTL 300으로 줄여뒀고, 이전 끝나면 원복하겠습니다",v25
13,v25_work_app_3,matched_v25,적절,work_app,work_app,-,group,formal,plain,14,"수진: 온보딩 화면 시안 2개 버전 공유드려요. A안은 3단계, B안은 스와이프형이에요
태호: 저는 B안이 나은 것 같네요. 개발 공수는 비슷합니다
나: 저도 B안에 한 표요. 다만 첫 화면 문구는 좀 다듬어야 할 듯해요
수진: 문구는 마케팅쪽 확인 받아볼게요
태호: 그리고 v3.2 브랜치에 로그인 리팩토링 올려뒀습니다. 리뷰 부탁드려요
나: 넵 오늘 중으로 볼게요
수진: 목요일 QA 일정은 확정된 건가요?
태호: 네, 목요일 오후 2시부터고 QA팀 두 분 들어오십니다
나: 그럼 수요일까지는 온보딩 플로우 머지돼야겠네요
태호: 푸시 알림 권한 요청 타이밍도 이번에 바꾸나요?
수진: 네, 첫 실행 말고 두 번째 세션에서 띄우는 걸로 기획 확정됐어요
태호: 오케이 반영하겠습니다
수진: 아 그리고 아이콘 에셋 오늘 밤에 제플린에 올려둘게요
태호: 감사합니다 ㅎㅎ",푸시 권한 문구도 바뀐 기획 기준으로 수정해서 올렸습니다,v25
14,v25_work_app_3,misdirect_v25,부적절,work_infra,work_app,hard,group,formal,plain,14,"민규: 이전 대상 서비스 목록 시트에 정리해뒀습니다. 확인 부탁드려요
재현: 스테이징은 이번 주에 먼저 옮기고, 운영은 토요일 새벽 점검 때 진행하는 거죠?
민규: 네, 토요일 새벽 2시부터 6시까지 점검 공지 나갔습니다
나: DB 마이그레이션 리허설은 언제 하나요?
민규: 목요일 밤에 스테이징에서 한 번 돌려볼 예정입니다
재현: RDS 파라미터 그룹은 기존 값 그대로 복사하면 되나요?
민규: 타임존이랑 커넥션 수만 바꾸고 나머지는 동일하게 갑니다
나: 이전 후 DNS TTL은 미리 줄여둘게요
재현: 로드밸런서 헬스체크 경로도 새 서버 기준으로 바꿔야 해요
민규: 그건 제가 인프라 레포에 PR 올려두겠습니다
재현: 구버전 서버는 언제까지 유지하나요?
민규: 일주일 모니터링하고 문제 없으면 다음 주말에 내립니다
나: 롤백 시나리오 문서도 이따 공유드릴게요
민규: 좋습니다. 리허설 전에 다 같이 한 번 읽어보죠",푸시 권한 문구도 바뀐 기획 기준으로 수정해서 올렸습니다,v25
15,v25_work_infra_3,matched_v25,적절,work_infra,work_infra,-,group,formal,plain,14,"민규: 이전 대상 서비스 목록 시트에 정리해뒀습니다. 확인 부탁드려요
재현: 스테이징은 이번 주에 먼저 옮기고, 운영은 토요일 새벽 점검 때 진행하는 거죠?
민규: 네, 토요일 새벽 2시부터 6시까지 점검 공지 나갔습니다
나: DB 마이그레이션 리허설은 언제 하나요?
민규: 목요일 밤에 스테이징에서 한 번 돌려볼 예정입니다
재현: RDS 파라미터 그룹은 기존 값 그대로 복사하면 되나요?
민규: 타임존이랑 커넥션 수만 바꾸고 나머지는 동일하게 갑니다
나: 이전 후 DNS TTL은 미리 줄여둘게요
재현: 로드밸런서 헬스체크 경로도 새 서버 기준으로 바꿔야 해요
민규: 그건 제가 인프라 레포에 PR 올려두겠습니다
재현: 구버전 서버는 언제까지 유지하나요?
민규: 일주일 모니터링하고 문제 없으면 다음 주말에 내립니다
나: 롤백 시나리오 문서도 이따 공유드릴게요
민규: 좋습니다. 리허설 전에 다 같이 한 번 읽어보죠",목요일 리허설에서 마이그레이션 소요 시간부터 재보죠. 점검 4시간 안에 끝나는지 봐야 해요,v25
16,v25_work_infra_3,misdirect_v25,부적절,work_app,work_infra,hard,group,formal,plain,14,"수진: 온보딩 화면 시안 2개 버전 공유드려요. A안은 3단계, B안은 스와이프형이에요
태호: 저는 B안이 나은 것 같네요. 개발 공수는 비슷합니다
나: 저도 B안에 한 표요. 다만 첫 화면 문구는 좀 다듬어야 할 듯해요
수진: 문구는 마케팅쪽 확인 받아볼게요
태호: 그리고 v3.2 브랜치에 로그인 리팩토링 올려뒀습니다. 리뷰 부탁드려요
나: 넵 오늘 중으로 볼게요
수진: 목요일 QA 일정은 확정된 건가요?
태호: 네, 목요일 오후 2시부터고 QA팀 두 분 들어오십니다
나: 그럼 수요일까지는 온보딩 플로우 머지돼야겠네요
태호: 푸시 알림 권한 요청 타이밍도 이번에 바꾸나요?
수진: 네, 첫 실행 말고 두 번째 세션에서 띄우는 걸로 기획 확정됐어요
태호: 오케이 반영하겠습니다
수진: 아 그리고 아이콘 에셋 오늘 밤에 제플린에 올려둘게요
태호: 감사합니다 ㅎㅎ",목요일 리허설에서 마이그레이션 소요 시간부터 재보죠. 점검 4시간 안에 끝나는지 봐야 해요,v25
17,v25_work_app_4,matched_v25,적절,work_app,work_app,-,group,formal,plain,14,"수진: 온보딩 화면 시안 2개 버전 공유드려요. A안은 3단계, B안은 스와이프형이에요
태호: 저는 B안이 나은 것 같네요. 개발 공수는 비슷합니다
나: 저도 B안에 한 표요. 다만 첫 화면 문구는 좀 다듬어야 할 듯해요
수진: 문구는 마케팅쪽 확인 받아볼게요
태호: 그리고 v3.2 브랜치에 로그인 리팩토링 올려뒀습니다. 리뷰 부탁드려요
나: 넵 오늘 중으로 볼게요
수진: 목요일 QA 일정은 확정된 건가요?
태호: 네, 목요일 오후 2시부터고 QA팀 두 분 들어오십니다
나: 그럼 수요일까지는 온보딩 플로우 머지돼야겠네요
태호: 푸시 알림 권한 요청 타이밍도 이번에 바꾸나요?
수진: 네, 첫 실행 말고 두 번째 세션에서 띄우는 걸로 기획 확정됐어요
태호: 오케이 반영하겠습니다
수진: 아 그리고 아이콘 에셋 오늘 밤에 제플린에 올려둘게요
태호: 감사합니다 ㅎㅎ",목요일 QA 때 저는 온보딩이랑 로그인 플로우 위주로 시나리오 준비할게요,v25
18,v25_work_app_4,misdirect_v25,부적절,work_infra,work_app,hard,group,formal,plain,14,"민규: 이전 대상 서비스 목록 시트에 정리해뒀습니다. 확인 부탁드려요
재현: 스테이징은 이번 주에 먼저 옮기고, 운영은 토요일 새벽 점검 때 진행하는 거죠?
민규: 네, 토요일 새벽 2시부터 6시까지 점검 공지 나갔습니다
나: DB 마이그레이션 리허설은 언제 하나요?
민규: 목요일 밤에 스테이징에서 한 번 돌려볼 예정입니다
재현: RDS 파라미터 그룹은 기존 값 그대로 복사하면 되나요?
민규: 타임존이랑 커넥션 수만 바꾸고 나머지는 동일하게 갑니다
나: 이전 후 DNS TTL은 미리 줄여둘게요
재현: 로드밸런서 헬스체크 경로도 새 서버 기준으로 바꿔야 해요
민규: 그건 제가 인프라 레포에 PR 올려두겠습니다
재현: 구버전 서버는 언제까지 유지하나요?
민규: 일주일 모니터링하고 문제 없으면 다음 주말에 내립니다
나: 롤백 시나리오 문서도 이따 공유드릴게요
민규: 좋습니다. 리허설 전에 다 같이 한 번 읽어보죠",목요일 QA 때 저는 온보딩이랑 로그인 플로우 위주로 시나리오 준비할게요,v25
19,v25_work_infra_4,matched_v25,적절,work_infra,work_infra,-,group,formal,plain,14,"민규: 이전 대상 서비스 목록 시트에 정리해뒀습니다. 확인 부탁드려요
재현: 스테이징은 이번 주에 먼저 옮기고, 운영은 토요일 새벽 점검 때 진행하는 거죠?
민규: 네, 토요일 새벽 2시부터 6시까지 점검 공지 나갔습니다
나: DB 마이그레이션 리허설은 언제 하나요?
민규: 목요일 밤에 스테이징에서 한 번 돌려볼 예정입니다
재현: RDS 파라미터 그룹은 기존 값 그대로 복사하면 되나요?
민규: 타임존이랑 커넥션 수만 바꾸고 나머지는 동일하게 갑니다
나: 이전 후 DNS TTL은 미리 줄여둘게요
재현: 로드밸런서 헬스체크 경로도 새 서버 기준으로 바꿔야 해요
민규: 그건 제가 인프라 레포에 PR 올려두겠습니다
재현: 구버전 서버는 언제까지 유지하나요?
민규: 일주일 모니터링하고 문제 없으면 다음 주말에 내립니다
나: 롤백 시나리오 문서도 이따 공유드릴게요
민규: 좋습니다. 리허설 전에 다 같이 한 번 읽어보죠",민규님 헬스체크 PR 봤는데 경로가 구버전 걸로 들어가 있어요. 확인 부탁드려요,v25
20,v25_work_infra_4,misdirect_v25,부적절,work_app,work_infra,hard,group,formal,plain,14,"수진: 온보딩 화면 시안 2개 버전 공유드려요. A안은 3단계, B안은 스와이프형이에요
태호: 저는 B안이 나은 것 같네요. 개발 공수는 비슷합니다
나: 저도 B안에 한 표요. 다만 첫 화면 문구는 좀 다듬어야 할 듯해요
수진: 문구는 마케팅쪽 확인 받아볼게요
태호: 그리고 v3.2 브랜치에 로그인 리팩토링 올려뒀습니다. 리뷰 부탁드려요
나: 넵 오늘 중으로 볼게요
수진: 목요일 QA 일정은 확정된 건가요?
태호: 네, 목요일 오후 2시부터고 QA팀 두 분 들어오십니다
나: 그럼 수요일까지는 온보딩 플로우 머지돼야겠네요
태호: 푸시 알림 권한 요청 타이밍도 이번에 바꾸나요?
수진: 네, 첫 실행 말고 두 번째 세션에서 띄우는 걸로 기획 확정됐어요
태호: 오케이 반영하겠습니다
수진: 아 그리고 아이콘 에셋 오늘 밤에 제플린에 올려둘게요
태호: 감사합니다 ㅎㅎ",민규님 헬스체크 PR 봤는데 경로가 구버전 걸로 들어가 있어요. 확인 부탁드려요,v25
21,v25_work_app_5,matched_v25,적절,work_app,work_app,-,group,formal,plain,14,"수진: 온보딩 화면 시안 2개 버전 공유드려요. A안은 3단계, B안은 스와이프형이에요
태호: 저는 B안이 나은 것 같네요. 개발 공수는 비슷합니다
나: 저도 B안에 한 표요. 다만 첫 화면 문구는 좀 다듬어야 할 듯해요
수진: 문구는 마케팅쪽 확인 받아볼게요
태호: 그리고 v3.2 브랜치에 로그인 리팩토링 올려뒀습니다. 리뷰 부탁드려요
나: 넵 오늘 중으로 볼게요
수진: 목요일 QA 일정은 확정된 건가요?
태호: 네, 목요일 오후 2시부터고 QA팀 두 분 들어오십니다
나: 그럼 수요일까지는 온보딩 플로우 머지돼야겠네요
태호: 푸시 알림 권한 요청 타이밍도 이번에 바꾸나요?
수진: 네, 첫 실행 말고 두 번째 세션에서 띄우는 걸로 기획 확정됐어요
태호: 오케이 반영하겠습니다
수진: 아 그리고 아이콘 에셋 오늘 밤에 제플린에 올려둘게요
태호: 감사합니다 ㅎㅎ",v3.2에 마이페이지 쪽 컨플릭트 나서 방금 해결해뒀어요,v25
22,v25_work_app_5,misdirect_v25,부적절,work_infra,work_app,hard,group,formal,plain,14,"민규: 이전 대상 서비스 목록 시트에 정리해뒀습니다. 확인 부탁드려요
재현: 스테이징은 이번 주에 먼저 옮기고, 운영은 토요일 새벽 점검 때 진행하는 거죠?
민규: 네, 토요일 새벽 2시부터 6시까지 점검 공지 나갔습니다
나: DB 마이그레이션 리허설은 언제 하나요?
민규: 목요일 밤에 스테이징에서 한 번 돌려볼 예정입니다
재현: RDS 파라미터 그룹은 기존 값 그대로 복사하면 되나요?
민규: 타임존이랑 커넥션 수만 바꾸고 나머지는 동일하게 갑니다
나: 이전 후 DNS TTL은 미리 줄여둘게요
재현: 로드밸런서 헬스체크 경로도 새 서버 기준으로 바꿔야 해요
민규: 그건 제가 인프라 레포에 PR 올려두겠습니다
재현: 구버전 서버는 언제까지 유지하나요?
민규: 일주일 모니터링하고 문제 없으면 다음 주말에 내립니다
나: 롤백 시나리오 문서도 이따 공유드릴게요
민규: 좋습니다. 리허설 전에 다 같이 한 번 읽어보죠",v3.2에 마이페이지 쪽 컨플릭트 나서 방금 해결해뒀어요,v25
23,v25_work_infra_5,matched_v25,적절,work_infra,work_infra,-,group,formal,plain,14,"민규: 이전 대상 서비스 목록 시트에 정리해뒀습니다. 확인 부탁드려요
재현: 스테이징은 이번 주에 먼저 옮기고, 운영은 토요일 새벽 점검 때 진행하는 거죠?
민규: 네, 토요일 새벽 2시부터 6시까지 점검 공지 나갔습니다
나: DB 마이그레이션 리허설은 언제 하나요?
민규: 목요일 밤에 스테이징에서 한 번 돌려볼 예정입니다
재현: RDS 파라미터 그룹은 기존 값 그대로 복사하면 되나요?
민규: 타임존이랑 커넥션 수만 바꾸고 나머지는 동일하게 갑니다
나: 이전 후 DNS TTL은 미리 줄여둘게요
재현: 로드밸런서 헬스체크 경로도 새 서버 기준으로 바꿔야 해요
민규: 그건 제가 인프라 레포에 PR 올려두겠습니다
재현: 구버전 서버는 언제까지 유지하나요?
민규: 일주일 모니터링하고 문제 없으면 다음 주말에 내립니다
나: 롤백 시나리오 문서도 이따 공유드릴게요
민규: 좋습니다. 리허설 전에 다 같이 한 번 읽어보죠",스테이징 이전 후에 배치 잡 시간대도 새 타임존 기준인지 한 번 봐주세요,v25
24,v25_work_infra_5,misdirect_v25,부적절,work_app,work_infra,hard,group,formal,plain,14,"수진: 온보딩 화면 시안 2개 버전 공유드려요. A안은 3단계, B안은 스와이프형이에요
태호: 저는 B안이 나은 것 같네요. 개발 공수는 비슷합니다
나: 저도 B안에 한 표요. 다만 첫 화면 문구는 좀 다듬어야 할 듯해요
수진: 문구는 마케팅쪽 확인 받아볼게요
태호: 그리고 v3.2 브랜치에 로그인 리팩토링 올려뒀습니다. 리뷰 부탁드려요
나: 넵 오늘 중으로 볼게요
수진: 목요일 QA 일정은 확정된 건가요?
태호: 네, 목요일 오후 2시부터고 QA팀 두 분 들어오십니다
나: 그럼 수요일까지는 온보딩 플로우 머지돼야겠네요
태호: 푸시 알림 권한 요청 타이밍도 이번에 바꾸나요?
수진: 네, 첫 실행 말고 두 번째 세션에서 띄우는 걸로 기획 확정됐어요
태호: 오케이 반영하겠습니다
수진: 아 그리고 아이콘 에셋 오늘 밤에 제플린에 올려둘게요
태호: 감사합니다 ㅎㅎ",스테이징 이전 후에 배치 잡 시간대도 새 타임존 기준인지 한 번 봐주세요,v25
25,v25_work_app_6,matched_v25,적절,work_app,work_app,-,group,formal,plain,14,"수진: 온보딩 화면 시안 2개 버전 공유드려요. A안은 3단계, B안은 스와이프형이에요
태호: 저는 B안이 나은 것 같네요. 개발 공수는 비슷합니다
나: 저도 B안에 한 표요. 다만 첫 화면 문구는 좀 다듬어야 할 듯해요
수진: 문구는 마케팅쪽 확인 받아볼게요
태호: 그리고 v3.2 브랜치에 로그인 리팩토링 올려뒀습니다. 리뷰 부탁드려요
나: 넵 오늘 중으로 볼게요
수진: 목요일 QA 일정은 확정된 건가요?
태호: 네, 목요일 오후 2시부터고 QA팀 두 분 들어오십니다
나: 그럼 수요일까지는 온보딩 플로우 머지돼야겠네요
태호: 푸시 알림 권한 요청 타이밍도 이번에 바꾸나요?
수진: 네, 첫 실행 말고 두 번째 세션에서 띄우는 걸로 기획 확정됐어요
태호: 오케이 반영하겠습니다
수진: 아 그리고 아이콘 에셋 오늘 밤에 제플린에 올려둘게요
태호: 감사합니다 ㅎㅎ",첫 화면 문구 마케팅 피드백 왔나요? 수요일 머지 전에 반영하고 싶어서요,v25
26,v25_work_app_6,misdirect_v25,부적절,work_infra,work_app,hard,group,formal,plain,14,"민규: 이전 대상 서비스 목록 시트에 정리해뒀습니다. 확인 부탁드려요
재현: 스테이징은 이번 주에 먼저 옮기고, 운영은 토요일 새벽 점검 때 진행하는 거죠?
민규: 네, 토요일 새벽 2시부터 6시까지 점검 공지 나갔습니다
나: DB 마이그레이션 리허설은 언제 하나요?
민규: 목요일 밤에 스테이징에서 한 번 돌려볼 예정입니다
재현: RDS 파라미터 그룹은 기존 값 그대로 복사하면 되나요?
민규: 타임존이랑 커넥션 수만 바꾸고 나머지는 동일하게 갑니다
나: 이전 후 DNS TTL은 미리 줄여둘게요
재현: 로드밸런서 헬스체크 경로도 새 서버 기준으로 바꿔야 해요
민규: 그건 제가 인프라 레포에 PR 올려두겠습니다
재현: 구버전 서버는 언제까지 유지하나요?
민규: 일주일 모니터링하고 문제 없으면 다음 주말에 내립니다
나: 롤백 시나리오 문서도 이따 공유드릴게요
민규: 좋습니다. 리허설 전에 다 같이 한 번 읽어보죠",첫 화면 문구 마케팅 피드백 왔나요? 수요일 머지 전에 반영하고 싶어서요,v25
27,v25_work_infra_6,matched_v25,적절,work_infra,work_infra,-,group,formal,plain,14,"민규: 이전 대상 서비스 목록 시트에 정리해뒀습니다. 확인 부탁드려요
재현: 스테이징은 이번 주에 먼저 옮기고, 운영은 토요일 새벽 점검 때 진행하는 거죠?
민규: 네, 토요일 새벽 2시부터 6시까지 점검 공지 나갔습니다
나: DB 마이그레이션 리허설은 언제 하나요?
민규: 목요일 밤에 스테이징에서 한 번 돌려볼 예정입니다
재현: RDS 파라미터 그룹은 기존 값 그대로 복사하면 되나요?
민규: 타임존이랑 커넥션 수만 바꾸고 나머지는 동일하게 갑니다
나: 이전 후 DNS TTL은 미리 줄여둘게요
재현: 로드밸런서 헬스체크 경로도 새 서버 기준으로 바꿔야 해요
민규: 그건 제가 인프라 레포에 PR 올려두겠습니다
재현: 구버전 서버는 언제까지 유지하나요?
민규: 일주일 모니터링하고 문제 없으면 다음 주말에 내립니다
나: 롤백 시나리오 문서도 이따 공유드릴게요
민규: 좋습니다. 리허설 전에 다 같이 한 번 읽어보죠",점검 공지에 앱 푸시도 나가나요? 고객센터 쪽에 미리 공유해두면 좋을 것 같아요,v25
28,v25_work_infra_6,misdirect_v25,부적절,work_app,work_infra,hard,group,formal,plain,14,"수진: 온보딩 화면 시안 2개 버전 공유드려요. A안은 3단계, B안은 스와이프형이에요
태호: 저는 B안이 나은 것 같네요. 개발 공수는 비슷합니다
나: 저도 B안에 한 표요. 다만 첫 화면 문구는 좀 다듬어야 할 듯해요
수진: 문구는 마케팅쪽 확인 받아볼게요
태호: 그리고 v3.2 브랜치에 로그인 리팩토링 올려뒀습니다. 리뷰 부탁드려요
나: 넵 오늘 중으로 볼게요
수진: 목요일 QA 일정은 확정된 건가요?
태호: 네, 목요일 오후 2시부터고 QA팀 두 분 들어오십니다
나: 그럼 수요일까지는 온보딩 플로우 머지돼야겠네요
태호: 푸시 알림 권한 요청 타이밍도 이번에 바꾸나요?
수진: 네, 첫 실행 말고 두 번째 세션에서 띄우는 걸로 기획 확정됐어요
태호: 오케이 반영하겠습니다
수진: 아 그리고 아이콘 에셋 오늘 밤에 제플린에 올려둘게요
태호: 감사합니다 ㅎㅎ",점검 공지에 앱 푸시도 나가나요? 고객센터 쪽에 미리 공유해두면 좋을 것 같아요,v25
29,v25_mkt_0,matched_v25,적절,mkt,mkt,-,1:1,formal,plain,11,"다연: 인플루언서 리스트 1차로 추려서 시트에 올렸어요
나: 오 빠르네요. 뷰티 쪽 비중이 좀 높던데 의도한 거예요?
다연: 네, 초반엔 뷰티 위주로 가고 2주차에 라이프스타일로 확장하려고요
나: 금요일 라이브 커머스 리허설은 몇 시예요?
다연: 오후 4시요. 스튜디오는 예약해뒀어요
다연: 아 그리고 예산 300에서 320으로 늘었어요. 팀장님 컨펌 받았습니다
나: 잘됐네요. 그럼 마이크로 인플루언서 두 명 더 추가할까요?
다연: 좋아요. 후보 있으면 시트에 넣어주세요
나: 넵. 협찬 가이드 문서도 오늘 초안 공유할게요
다연: 라이브 때 쓸 샘플은 내일 창고에서 도착 예정이에요
다연: 대본은 제가 목요일까지 정리할게요",협찬 가이드 초안 올렸어요. 해시태그 필수 문구만 다연님이 한 번 봐주세요,v25
30,v25_mkt_0,misdirect_v25,부적절,hire,mkt,hard,1:1,formal,plain,11,"선배: 이번 백엔드 포지션 서류 12명 들어왔어요
나: 생각보다 많네요. 1차 스크리닝 나눠서 할까요?
선배: 좋아요. 제가 앞 6명 볼게요
나: 그럼 저는 뒤 6명 보고 내일까지 코멘트 남길게요
선배: 과제 평가 기준표도 이번에 손보면 좋겠어요. 지난번엔 채점 편차가 컸어서
나: 항목별 배점을 더 잘게 나누는 방향으로 초안 잡아볼게요
선배: 수요일 2시 면접은 확정됐고, 면접관은 저랑 팀장님이에요
나: 회의실은 제가 예약해둘게요
선배: 지원자 한 분이 일정 변경을 요청했는데, 목요일 오전 가능한지 물어봐줄래요?
나: 넵, 메일 보내고 결과 공유드릴게요
선배: 고마워요. 채용 채널별 유입도 이번 주에 한 번 정리해봐요",협찬 가이드 초안 올렸어요. 해시태그 필수 문구만 다연님이 한 번 봐주세요,v25
31,v25_hire_0,matched_v25,적절,hire,hire,-,1:1,formal,plain,11,"선배: 이번 백엔드 포지션 서류 12명 들어왔어요
나: 생각보다 많네요. 1차 스크리닝 나눠서 할까요?
선배: 좋아요. 제가 앞 6명 볼게요
나: 그럼 저는 뒤 6명 보고 내일까지 코멘트 남길게요
선배: 과제 평가 기준표도 이번에 손보면 좋겠어요. 지난번엔 채점 편차가 컸어서
나: 항목별 배점을 더 잘게 나누는 방향으로 초안 잡아볼게요
선배: 수요일 2시 면접은 확정됐고, 면접관은 저랑 팀장님이에요
나: 회의실은 제가 예약해둘게요
선배: 지원자 한 분이 일정 변경을 요청했는데, 목요일 오전 가능한지 물어봐줄래요?
나: 넵, 메일 보내고 결과 공유드릴게요
선배: 고마워요. 채용 채널별 유입도 이번 주에 한 번 정리해봐요",뒤 6명 스크리닝 끝냈어요. 두 분은 과제 없이 바로 면접 가도 될 것 같아요,v25
32,v25_hire_0,misdirect_v25,부적절,mkt,hire,hard,1:1,formal,plain,11,"다연: 인플루언서 리스트 1차로 추려서 시트에 올렸어요
나: 오 빠르네요. 뷰티 쪽 비중이 좀 높던데 의도한 거예요?
다연: 네, 초반엔 뷰티 위주로 가고 2주차에 라이프스타일로 확장하려고요
나: 금요일 라이브 커머스 리허설은 몇 시예요?
다연: 오후 4시요. 스튜디오는 예약해뒀어요
다연: 아 그리고 예산 300에서 320으로 늘었어요. 팀장님 컨펌 받았습니다
나: 잘됐네요. 그럼 마이크로 인플루언서 두 명 더 추가할까요?
다연: 좋아요. 후보 있으면 시트에 넣어주세요
나: 넵. 협찬 가이드 문서도 오늘 초안 공유할게요
다연: 라이브 때 쓸 샘플은 내일 창고에서 도착 예정이에요
다연: 대본은 제가 목요일까지 정리할게요",뒤 6명 스크리닝 끝냈어요. 두 분은 과제 없이 바로 면접 가도 될 것 같아요,v25
33,v25_mkt_1,matched_v25,적절,mkt,mkt,-,1:1,formal,plain,11,"다연: 인플루언서 리스트 1차로 추려서 시트에 올렸어요
나: 오 빠르네요. 뷰티 쪽 비중이 좀 높던데 의도한 거예요?
다연: 네, 초반엔 뷰티 위주로 가고 2주차에 라이프스타일로 확장하려고요
나: 금요일 라이브 커머스 리허설은 몇 시예요?
다연: 오후 4시요. 스튜디오는 예약해뒀어요
다연: 아 그리고 예산 300에서 320으로 늘었어요. 팀장님 컨펌 받았습니다
나: 잘됐네요. 그럼 마이크로 인플루언서 두 명 더 추가할까요?
다연: 좋아요. 후보 있으면 시트에 넣어주세요
나: 넵. 협찬 가이드 문서도 오늘 초안 공유할게요
다연: 라이브 때 쓸 샘플은 내일 창고에서 도착 예정이에요
다연: 대본은 제가 목요일까지 정리할게요",마이크로 후보 두 명 시트에 추가했어요. 팔로워는 적은데 참여율이 좋아요,v25
34,v25_mkt_1,misdirect_v25,부적절,hire,mkt,hard,1:1,formal,plain,11,"선배: 이번 백엔드 포지션 서류 12명 들어왔어요
나: 생각보다 많네요. 1차 스크리닝 나눠서 할까요?
선배: 좋아요. 제가 앞 6명 볼게요
나: 그럼 저는 뒤 6명 보고 내일까지 코멘트 남길게요
선배: 과제 평가 기준표도 이번에 손보면 좋겠어요. 지난번엔 채점 편차가 컸어서
나: 항목별 배점을 더 잘게 나누는 방향으로 초안 잡아볼게요
선배: 수요일 2시 면접은 확정됐고, 면접관은 저랑 팀장님이에요
나: 회의실은 제가 예약해둘게요
선배: 지원자 한 분이 일정 변경을 요청했는데, 목요일 오전 가능한지 물어봐줄래요?
나: 넵, 메일 보내고 결과 공유드릴게요
선배: 고마워요. 채용 채널별 유입도 이번 주에 한 번 정리해봐요",마이크로 후보 두 명 시트에 추가했어요. 팔로워는 적은데 참여율이 좋아요,v25
35,v25_hire_1,matched_v25,적절,hire,hire,-,1:1,formal,plain,11,"선배: 이번 백엔드 포지션 서류 12명 들어왔어요
나: 생각보다 많네요. 1차 스크리닝 나눠서 할까요?
선배: 좋아요. 제가 앞 6명 볼게요
나: 그럼 저는 뒤 6명 보고 내일까지 코멘트 남길게요
선배: 과제 평가 기준표도 이번에 손보면 좋겠어요. 지난번엔 채점 편차가 컸어서
나: 항목별 배점을 더 잘게 나누는 방향으로 초안 잡아볼게요
선배: 수요일 2시 면접은 확정됐고, 면접관은 저랑 팀장님이에요
나: 회의실은 제가 예약해둘게요
선배: 지원자 한 분이 일정 변경을 요청했는데, 목요일 오전 가능한지 물어봐줄래요?
나: 넵, 메일 보내고 결과 공유드릴게요
선배: 고마워요. 채용 채널별 유입도 이번 주에 한 번 정리해봐요",평가 기준표 초안 공유드려요. 코드 품질 배점을 40으로 올려봤어요,v25
36,v25_hire_1,misdirect_v25,부적절,mkt,hire,hard,1:1,formal,plain,11,"다연: 인플루언서 리스트 1차로 추려서 시트에 올렸어요
나: 오 빠르네요. 뷰티 쪽 비중이 좀 높던데 의도한 거예요?
다연: 네, 초반엔 뷰티 위주로 가고 2주차에 라이프스타일로 확장하려고요
나: 금요일 라이브 커머스 리허설은 몇 시예요?
다연: 오후 4시요. 스튜디오는 예약해뒀어요
다연: 아 그리고 예산 300에서 320으로 늘었어요. 팀장님 컨펌 받았습니다
나: 잘됐네요. 그럼 마이크로 인플루언서 두 명 더 추가할까요?
다연: 좋아요. 후보 있으면 시트에 넣어주세요
나: 넵. 협찬 가이드 문서도 오늘 초안 공유할게요
다연: 라이브 때 쓸 샘플은 내일 창고에서 도착 예정이에요
다연: 대본은 제가 목요일까지 정리할게요",평가 기준표 초안 공유드려요. 코드 품질 배점을 40으로 올려봤어요,v25
37,v25_mkt_2,matched_v25,적절,mkt,mkt,-,1:1,formal,plain,11,"다연: 인플루언서 리스트 1차로 추려서 시트에 올렸어요
나: 오 빠르네요. 뷰티 쪽 비중이 좀 높던데 의도한 거예요?
다연: 네, 초반엔 뷰티 위주로 가고 2주차에 라이프스타일로 확장하려고요
나: 금요일 라이브 커머스 리허설은 몇 시예요?
다연: 오후 4시요. 스튜디오는 예약해뒀어요
다연: 아 그리고 예산 300에서 320으로 늘었어요. 팀장님 컨펌 받았습니다
나: 잘됐네요. 그럼 마이크로 인플루언서 두 명 더 추가할까요?
다연: 좋아요. 후보 있으면 시트에 넣어주세요
나: 넵. 협찬 가이드 문서도 오늘 초안 공유할게요
다연: 라이브 때 쓸 샘플은 내일 창고에서 도착 예정이에요
다연: 대본은 제가 목요일까지 정리할게요",금요일 리허설 전에 샘플 상태 같이 확인해요. 배송 오면 알려주세요,v25
38,v25_mkt_2,misdirect_v25,부적절,hire,mkt,hard,1:1,formal,plain,11,"선배: 이번 백엔드 포지션 서류 12명 들어왔어요
나: 생각보다 많네요. 1차 스크리닝 나눠서 할까요?
선배: 좋아요. 제가 앞 6명 볼게요
나: 그럼 저는 뒤 6명 보고 내일까지 코멘트 남길게요
선배: 과제 평가 기준표도 이번에 손보면 좋겠어요. 지난번엔 채점 편차가 컸어서
나: 항목별 배점을 더 잘게 나누는 방향으로 초안 잡아볼게요
선배: 수요일 2시 면접은 확정됐고, 면접관은 저랑 팀장님이에요
나: 회의실은 제가 예약해둘게요
선배: 지원자 한 분이 일정 변경을 요청했는데, 목요일 오전 가능한지 물어봐줄래요?
나: 넵, 메일 보내고 결과 공유드릴게요
선배: 고마워요. 채용 채널별 유입도 이번 주에 한 번 정리해봐요",금요일 리허설 전에 샘플 상태 같이 확인해요. 배송 오면 알려주세요,v25
39,v25_hire_2,matched_v25,적절,hire,hire,-,1:1,formal,plain,11,"선배: 이번 백엔드 포지션 서류 12명 들어왔어요
나: 생각보다 많네요. 1차 스크리닝 나눠서 할까요?
선배: 좋아요. 제가 앞 6명 볼게요
나: 그럼 저는 뒤 6명 보고 내일까지 코멘트 남길게요
선배: 과제 평가 기준표도 이번에 손보면 좋겠어요. 지난번엔 채점 편차가 컸어서
나: 항목별 배점을 더 잘게 나누는 방향으로 초안 잡아볼게요
선배: 수요일 2시 면접은 확정됐고, 면접관은 저랑 팀장님이에요
나: 회의실은 제가 예약해둘게요
선배: 지원자 한 분이 일정 변경을 요청했는데, 목요일 오전 가능한지 물어봐줄래요?
나: 넵, 메일 보내고 결과 공유드릴게요
선배: 고마워요. 채용 채널별 유입도 이번 주에 한 번 정리해봐요",지원자분 목요일 오전 가능하다고 답 왔어요. 10시로 잡을까요?,v25
40,v25_hire_2,misdirect_v25,부적절,mkt,hire,hard,1:1,formal,plain,11,"다연: 인플루언서 리스트 1차로 추려서 시트에 올렸어요
나: 오 빠르네요. 뷰티 쪽 비중이 좀 높던데 의도한 거예요?
다연: 네, 초반엔 뷰티 위주로 가고 2주차에 라이프스타일로 확장하려고요
나: 금요일 라이브 커머스 리허설은 몇 시예요?
다연: 오후 4시요. 스튜디오는 예약해뒀어요
다연: 아 그리고 예산 300에서 320으로 늘었어요. 팀장님 컨펌 받았습니다
나: 잘됐네요. 그럼 마이크로 인플루언서 두 명 더 추가할까요?
다연: 좋아요. 후보 있으면 시트에 넣어주세요
나: 넵. 협찬 가이드 문서도 오늘 초안 공유할게요
다연: 라이브 때 쓸 샘플은 내일 창고에서 도착 예정이에요
다연: 대본은 제가 목요일까지 정리할게요",지원자분 목요일 오전 가능하다고 답 왔어요. 10시로 잡을까요?,v25
41,v25_mkt_3,matched_v25,적절,mkt,mkt,-,1:1,formal,plain,11,"다연: 인플루언서 리스트 1차로 추려서 시트에 올렸어요
나: 오 빠르네요. 뷰티 쪽 비중이 좀 높던데 의도한 거예요?
다연: 네, 초반엔 뷰티 위주로 가고 2주차에 라이프스타일로 확장하려고요
나: 금요일 라이브 커머스 리허설은 몇 시예요?
다연: 오후 4시요. 스튜디오는 예약해뒀어요
다연: 아 그리고 예산 300에서 320으로 늘었어요. 팀장님 컨펌 받았습니다
나: 잘됐네요. 그럼 마이크로 인플루언서 두 명 더 추가할까요?
다연: 좋아요. 후보 있으면 시트에 넣어주세요
나: 넵. 협찬 가이드 문서도 오늘 초안 공유할게요
다연: 라이브 때 쓸 샘플은 내일 창고에서 도착 예정이에요
다연: 대본은 제가 목요일까지 정리할게요",라이브 대본에 늘어난 예산으로 경품 하나 더 넣는 건 어때요?,v25
42,v25_mkt_3,misdirect_v25,부적절,hire,mkt,hard,1:1,formal,plain,11,"선배: 이번 백엔드 포지션 서류 12명 들어왔어요
나: 생각보다 많네요. 1차 스크리닝 나눠서 할까요?
선배: 좋아요. 제가 앞 6명 볼게요
나: 그럼 저는 뒤 6명 보고 내일까지 코멘트 남길게요
선배: 과제 평가 기준표도 이번에 손보면 좋겠어요. 지난번엔 채점 편차가 컸어서
나: 항목별 배점을 더 잘게 나누는 방향으로 초안 잡아볼게요
선배: 수요일 2시 면접은 확정됐고, 면접관은 저랑 팀장님이에요
나: 회의실은 제가 예약해둘게요
선배: 지원자 한 분이 일정 변경을 요청했는데, 목요일 오전 가능한지 물어봐줄래요?
나: 넵, 메일 보내고 결과 공유드릴게요
선배: 고마워요. 채용 채널별 유입도 이번 주에 한 번 정리해봐요",라이브 대본에 늘어난 예산으로 경품 하나 더 넣는 건 어때요?,v25
43,v25_hire_3,matched_v25,적절,hire,hire,-,1:1,formal,plain,11,"선배: 이번 백엔드 포지션 서류 12명 들어왔어요
나: 생각보다 많네요. 1차 스크리닝 나눠서 할까요?
선배: 좋아요. 제가 앞 6명 볼게요
나: 그럼 저는 뒤 6명 보고 내일까지 코멘트 남길게요
선배: 과제 평가 기준표도 이번에 손보면 좋겠어요. 지난번엔 채점 편차가 컸어서
나: 항목별 배점을 더 잘게 나누는 방향으로 초안 잡아볼게요
선배: 수요일 2시 면접은 확정됐고, 면접관은 저랑 팀장님이에요
나: 회의실은 제가 예약해둘게요
선배: 지원자 한 분이 일정 변경을 요청했는데, 목요일 오전 가능한지 물어봐줄래요?
나: 넵, 메일 보내고 결과 공유드릴게요
선배: 고마워요. 채용 채널별 유입도 이번 주에 한 번 정리해봐요",수요일 2시 면접 회의실은 3층 B로 예약했습니다,v25
44,v25_hire_3,misdirect_v25,부적절,mkt,hire,hard,1:1,formal,plain,11,"다연: 인플루언서 리스트 1차로 추려서 시트에 올렸어요
나: 오 빠르네요. 뷰티 쪽 비중이 좀 높던데 의도한 거예요?
다연: 네, 초반엔 뷰티 위주로 가고 2주차에 라이프스타일로 확장하려고요
나: 금요일 라이브 커머스 리허설은 몇 시예요?
다연: 오후 4시요. 스튜디오는 예약해뒀어요
다연: 아 그리고 예산 300에서 320으로 늘었어요. 팀장님 컨펌 받았습니다
나: 잘됐네요. 그럼 마이크로 인플루언서 두 명 더 추가할까요?
다연: 좋아요. 후보 있으면 시트에 넣어주세요
나: 넵. 협찬 가이드 문서도 오늘 초안 공유할게요
다연: 라이브 때 쓸 샘플은 내일 창고에서 도착 예정이에요
다연: 대본은 제가 목요일까지 정리할게요",수요일 2시 면접 회의실은 3층 B로 예약했습니다,v25
45,v25_mkt_4,matched_v25,적절,mkt,mkt,-,1:1,formal,plain,11,"다연: 인플루언서 리스트 1차로 추려서 시트에 올렸어요
나: 오 빠르네요. 뷰티 쪽 비중이 좀 높던데 의도한 거예요?
다연: 네, 초반엔 뷰티 위주로 가고 2주차에 라이프스타일로 확장하려고요
나: 금요일 라이브 커머스 리허설은 몇 시예요?
다연: 오후 4시요. 스튜디오는 예약해뒀어요
다연: 아 그리고 예산 300에서 320으로 늘었어요. 팀장님 컨펌 받았습니다
나: 잘됐네요. 그럼 마이크로 인플루언서 두 명 더 추가할까요?
다연: 좋아요. 후보 있으면 시트에 넣어주세요
나: 넵. 협찬 가이드 문서도 오늘 초안 공유할게요
다연: 라이브 때 쓸 샘플은 내일 창고에서 도착 예정이에요
다연: 대본은 제가 목요일까지 정리할게요",뷰티 인플루언서 중에 지난번 협업했던 분은 단가 다시 받아볼게요,v25
46,v25_mkt_4,misdirect_v25,부적절,hire,mkt,hard,1:1,formal,plain,11,"선배: 이번 백엔드 포지션 서류 12명 들어왔어요
나: 생각보다 많네요. 1차 스크리닝 나눠서 할까요?
선배: 좋아요. 제가 앞 6명 볼게요
나: 그럼 저는 뒤 6명 보고 내일까지 코멘트 남길게요
선배: 과제 평가 기준표도 이번에 손보면 좋겠어요. 지난번엔 채점 편차가 컸어서
나: 항목별 배점을 더 잘게 나누는 방향으로 초안 잡아볼게요
선배: 수요일 2시 면접은 확정됐고, 면접관은 저랑 팀장님이에요
나: 회의실은 제가 예약해둘게요
선배: 지원자 한 분이 일정 변경을 요청했는데, 목요일 오전 가능한지 물어봐줄래요?
나: 넵, 메일 보내고 결과 공유드릴게요
선배: 고마워요. 채용 채널별 유입도 이번 주에 한 번 정리해봐요",뷰티 인플루언서 중에 지난번 협업했던 분은 단가 다시 받아볼게요,v25
47,v25_hire_4,matched_v25,적절,hire,hire,-,1:1,formal,plain,11,"선배: 이번 백엔드 포지션 서류 12명 들어왔어요
나: 생각보다 많네요. 1차 스크리닝 나눠서 할까요?
선배: 좋아요. 제가 앞 6명 볼게요
나: 그럼 저는 뒤 6명 보고 내일까지 코멘트 남길게요
선배: 과제 평가 기준표도 이번에 손보면 좋겠어요. 지난번엔 채점 편차가 컸어서
나: 항목별 배점을 더 잘게 나누는 방향으로 초안 잡아볼게요
선배: 수요일 2시 면접은 확정됐고, 면접관은 저랑 팀장님이에요
나: 회의실은 제가 예약해둘게요
선배: 지원자 한 분이 일정 변경을 요청했는데, 목요일 오전 가능한지 물어봐줄래요?
나: 넵, 메일 보내고 결과 공유드릴게요
선배: 고마워요. 채용 채널별 유입도 이번 주에 한 번 정리해봐요",채널별 유입 정리해보니 추천 입사가 절반이네요. 리퍼럴 보상 안내 다시 띄울까요?,v25
48,v25_hire_4,misdirect_v25,부적절,mkt,hire,hard,1:1,formal,plain,11,"다연: 인플루언서 리스트 1차로 추려서 시트에 올렸어요
나: 오 빠르네요. 뷰티 쪽 비중이 좀 높던데 의도한 거예요?
다연: 네, 초반엔 뷰티 위주로 가고 2주차에 라이프스타일로 확장하려고요
나: 금요일 라이브 커머스 리허설은 몇 시예요?
다연: 오후 4시요. 스튜디오는 예약해뒀어요
다연: 아 그리고 예산 300에서 320으로 늘었어요. 팀장님 컨펌 받았습니다
나: 잘됐네요. 그럼 마이크로 인플루언서 두 명 더 추가할까요?
다연: 좋아요. 후보 있으면 시트에 넣어주세요
나: 넵. 협찬 가이드 문서도 오늘 초안 공유할게요
다연: 라이브 때 쓸 샘플은 내일 창고에서 도착 예정이에요
다연: 대본은 제가 목요일까지 정리할게요",채널별 유입 정리해보니 추천 입사가 절반이네요. 리퍼럴 보상 안내 다시 띄울까요?,v25
49,v25_mkt_5,matched_v25,적절,mkt,mkt,-,1:1,formal,plain,11,"다연: 인플루언서 리스트 1차로 추려서 시트에 올렸어요
나: 오 빠르네요. 뷰티 쪽 비중이 좀 높던데 의도한 거예요?
다연: 네, 초반엔 뷰티 위주로 가고 2주차에 라이프스타일로 확장하려고요
나: 금요일 라이브 커머스 리허설은 몇 시예요?
다연: 오후 4시요. 스튜디오는 예약해뒀어요
다연: 아 그리고 예산 300에서 320으로 늘었어요. 팀장님 컨펌 받았습니다
나: 잘됐네요. 그럼 마이크로 인플루언서 두 명 더 추가할까요?
다연: 좋아요. 후보 있으면 시트에 넣어주세요
나: 넵. 협찬 가이드 문서도 오늘 초안 공유할게요
다연: 라이브 때 쓸 샘플은 내일 창고에서 도착 예정이에요
다연: 대본은 제가 목요일까지 정리할게요",스튜디오 예약 확인증 저한테도 공유해줄래요? 품의 올릴 때 첨부해야 해서요,v25
50,v25_mkt_5,misdirect_v25,부적절,hire,mkt,hard,1:1,formal,plain,11,"선배: 이번 백엔드 포지션 서류 12명 들어왔어요
나: 생각보다 많네요. 1차 스크리닝 나눠서 할까요?
선배: 좋아요. 제가 앞 6명 볼게요
나: 그럼 저는 뒤 6명 보고 내일까지 코멘트 남길게요
선배: 과제 평가 기준표도 이번에 손보면 좋겠어요. 지난번엔 채점 편차가 컸어서
나: 항목별 배점을 더 잘게 나누는 방향으로 초안 잡아볼게요
선배: 수요일 2시 면접은 확정됐고, 면접관은 저랑 팀장님이에요
나: 회의실은 제가 예약해둘게요
선배: 지원자 한 분이 일정 변경을 요청했는데, 목요일 오전 가능한지 물어봐줄래요?
나: 넵, 메일 보내고 결과 공유드릴게요
선배: 고마워요. 채용 채널별 유입도 이번 주에 한 번 정리해봐요",스튜디오 예약 확인증 저한테도 공유해줄래요? 품의 올릴 때 첨부해야 해서요,v25
51,v25_hire_5,matched_v25,적절,hire,hire,-,1:1,formal,plain,11,"선배: 이번 백엔드 포지션 서류 12명 들어왔어요
나: 생각보다 많네요. 1차 스크리닝 나눠서 할까요?
선배: 좋아요. 제가 앞 6명 볼게요
나: 그럼 저는 뒤 6명 보고 내일까지 코멘트 남길게요
선배: 과제 평가 기준표도 이번에 손보면 좋겠어요. 지난번엔 채점 편차가 컸어서
나: 항목별 배점을 더 잘게 나누는 방향으로 초안 잡아볼게요
선배: 수요일 2시 면접은 확정됐고, 면접관은 저랑 팀장님이에요
나: 회의실은 제가 예약해둘게요
선배: 지원자 한 분이 일정 변경을 요청했는데, 목요일 오전 가능한지 물어봐줄래요?
나: 넵, 메일 보내고 결과 공유드릴게요
선배: 고마워요. 채용 채널별 유입도 이번 주에 한 번 정리해봐요",지원자 서류 중에 포트폴리오 링크 깨진 분이 있어서 재요청해뒀어요,v25
52,v25_hire_5,misdirect_v25,부적절,mkt,hire,hard,1:1,formal,plain,11,"다연: 인플루언서 리스트 1차로 추려서 시트에 올렸어요
나: 오 빠르네요. 뷰티 쪽 비중이 좀 높던데 의도한 거예요?
다연: 네, 초반엔 뷰티 위주로 가고 2주차에 라이프스타일로 확장하려고요
나: 금요일 라이브 커머스 리허설은 몇 시예요?
다연: 오후 4시요. 스튜디오는 예약해뒀어요
다연: 아 그리고 예산 300에서 320으로 늘었어요. 팀장님 컨펌 받았습니다
나: 잘됐네요. 그럼 마이크로 인플루언서 두 명 더 추가할까요?
다연: 좋아요. 후보 있으면 시트에 넣어주세요
나: 넵. 협찬 가이드 문서도 오늘 초안 공유할게요
다연: 라이브 때 쓸 샘플은 내일 창고에서 도착 예정이에요
다연: 대본은 제가 목요일까지 정리할게요",지원자 서류 중에 포트폴리오 링크 깨진 분이 있어서 재요청해뒀어요,v25
53,v25_mkt_6,matched_v25,적절,mkt,mkt,-,1:1,formal,plain,11,"다연: 인플루언서 리스트 1차로 추려서 시트에 올렸어요
나: 오 빠르네요. 뷰티 쪽 비중이 좀 높던데 의도한 거예요?
다연: 네, 초반엔 뷰티 위주로 가고 2주차에 라이프스타일로 확장하려고요
나: 금요일 라이브 커머스 리허설은 몇 시예요?
다연: 오후 4시요. 스튜디오는 예약해뒀어요
다연: 아 그리고 예산 300에서 320으로 늘었어요. 팀장님 컨펌 받았습니다
나: 잘됐네요. 그럼 마이크로 인플루언서 두 명 더 추가할까요?
다연: 좋아요. 후보 있으면 시트에 넣어주세요
나: 넵. 협찬 가이드 문서도 오늘 초안 공유할게요
다연: 라이브 때 쓸 샘플은 내일 창고에서 도착 예정이에요
다연: 대본은 제가 목요일까지 정리할게요",2주차 라이프스타일 확장 리스트는 다음 주 화요일까지 뽑아볼게요,v25
54,v25_mkt_6,misdirect_v25,부적절,hire,mkt,hard,1:1,formal,plain,11,"선배: 이번 백엔드 포지션 서류 12명 들어왔어요
나: 생각보다 많네요. 1차 스크리닝 나눠서 할까요?
선배: 좋아요. 제가 앞 6명 볼게요
나: 그럼 저는 뒤 6명 보고 내일까지 코멘트 남길게요
선배: 과제 평가 기준표도 이번에 손보면 좋겠어요. 지난번엔 채점 편차가 컸어서
나: 항목별 배점을 더 잘게 나누는 방향으로 초안 잡아볼게요
선배: 수요일 2시 면접은 확정됐고, 면접관은 저랑 팀장님이에요
나: 회의실은 제가 예약해둘게요
선배: 지원자 한 분이 일정 변경을 요청했는데, 목요일 오전 가능한지 물어봐줄래요?
나: 넵, 메일 보내고 결과 공유드릴게요
선배: 고마워요. 채용 채널별 유입도 이번 주에 한 번 정리해봐요",2주차 라이프스타일 확장 리스트는 다음 주 화요일까지 뽑아볼게요,v25
55,v25_hire_6,matched_v25,적절,hire,hire,-,1:1,formal,plain,11,"선배: 이번 백엔드 포지션 서류 12명 들어왔어요
나: 생각보다 많네요. 1차 스크리닝 나눠서 할까요?
선배: 좋아요. 제가 앞 6명 볼게요
나: 그럼 저는 뒤 6명 보고 내일까지 코멘트 남길게요
선배: 과제 평가 기준표도 이번에 손보면 좋겠어요. 지난번엔 채점 편차가 컸어서
나: 항목별 배점을 더 잘게 나누는 방향으로 초안 잡아볼게요
선배: 수요일 2시 면접은 확정됐고, 면접관은 저랑 팀장님이에요
나: 회의실은 제가 예약해둘게요
선배: 지원자 한 분이 일정 변경을 요청했는데, 목요일 오전 가능한지 물어봐줄래요?
나: 넵, 메일 보내고 결과 공유드릴게요
선배: 고마워요. 채용 채널별 유입도 이번 주에 한 번 정리해봐요",면접 질문지도 기준표 항목에 맞춰서 업데이트해둘게요,v25
56,v25_hire_6,misdirect_v25,부적절,mkt,hire,hard,1:1,formal,plain,11,"다연: 인플루언서 리스트 1차로 추려서 시트에 올렸어요
나: 오 빠르네요. 뷰티 쪽 비중이 좀 높던데 의도한 거예요?
다연: 네, 초반엔 뷰티 위주로 가고 2주차에 라이프스타일로 확장하려고요
나: 금요일 라이브 커머스 리허설은 몇 시예요?
다연: 오후 4시요. 스튜디오는 예약해뒀어요
다연: 아 그리고 예산 300에서 320으로 늘었어요. 팀장님 컨펌 받았습니다
나: 잘됐네요. 그럼 마이크로 인플루언서 두 명 더 추가할까요?
다연: 좋아요. 후보 있으면 시트에 넣어주세요
나: 넵. 협찬 가이드 문서도 오늘 초안 공유할게요
다연: 라이브 때 쓸 샘플은 내일 창고에서 도착 예정이에요
다연: 대본은 제가 목요일까지 정리할게요",면접 질문지도 기준표 항목에 맞춰서 업데이트해둘게요,v25
57,v25_teamproj_0,matched_v25,적절,teamproj,teamproj,-,group,casual,kakao,14,"민지: 설문 결과 정리 끝났어! 응답 214개 모임
준호: 오 생각보다 많이 모였네요
나: 고생했어 ㅋㅋ 그래프는 내가 만들게
민지: 목차는 지난번에 정한 대로 4파트로 가는 거지?
준호: 네, 저는 3파트 사례분석 맡을게요
나: 그럼 난 1, 2파트 초안 잡을게
민지: 화요일 리허설 전까지 각자 파트 PPT 올리기로 해요
준호: 발표는 누가 해요?
민지: 교수님이 전원 발표라고 하셨어 ㅠㅠ 파트별로 나눠서 하자
나: ㅋㅋㅋ 어쩔 수 없지
준호: 템플릿은 제가 깔끔한 거 찾아둘게요
민지: 참고문헌 양식 APA로 통일하는 거 잊지 마!
준호: 넵넵
민지: 그럼 화요일 6시 도서관에서 보자",설문 그래프 5개 만들어서 공유폴더에 올렸어 ㅋㅋ 색만 템플릿에 맞춰줘,v25
58,v25_teamproj_0,misdirect_v25,부적절,club,teamproj,hard,group,casual,kakao,13,"소연: 부스 위치 확정됐어! 대운동장 입구 쪽 B7
재민: 오 명당이네 ㅋㅋ
나: 현수막 시안은 어제 올린 걸로 가는 거지?
소연: 응 그걸로 인쇄 맡기자. 금요일까지 나온대
재민: 물품 구매 리스트 정리했는데 예산 5만원 초과야 ㅠㅠ
소연: 어디서 줄이지... 앞치마를 빌리는 걸로 바꿀까?
나: 학생회에서 빌려준다고 했던 것 같은데 물어볼게
재민: 금요일 설치는 몇 시부터야?
소연: 오후 3시부터 가능하대. 수업 없는 사람 위주로 오면 될 듯
재민: 나 3시 수업이라 4시 반에 갈게 ㅠ
소연: ㅇㅋㅇㅋ 부스 운영 시간표는 내가 폼으로 돌릴게
나: 잔돈이랑 계산용 QR도 준비해야 해
소연: 맞다, 그건 회계한테 말해둘게",설문 그래프 5개 만들어서 공유폴더에 올렸어 ㅋㅋ 색만 템플릿에 맞춰줘,v25
59,v25_club_0,matched_v25,적절,club,club,-,group,casual,kakao,13,"소연: 부스 위치 확정됐어! 대운동장 입구 쪽 B7
재민: 오 명당이네 ㅋㅋ
나: 현수막 시안은 어제 올린 걸로 가는 거지?
소연: 응 그걸로 인쇄 맡기자. 금요일까지 나온대
재민: 물품 구매 리스트 정리했는데 예산 5만원 초과야 ㅠㅠ
소연: 어디서 줄이지... 앞치마를 빌리는 걸로 바꿀까?
나: 학생회에서 빌려준다고 했던 것 같은데 물어볼게
재민: 금요일 설치는 몇 시부터야?
소연: 오후 3시부터 가능하대. 수업 없는 사람 위주로 오면 될 듯
재민: 나 3시 수업이라 4시 반에 갈게 ㅠ
소연: ㅇㅋㅇㅋ 부스 운영 시간표는 내가 폼으로 돌릴게
나: 잔돈이랑 계산용 QR도 준비해야 해
소연: 맞다, 그건 회계한테 말해둘게",학생회에 물어봤는데 앞치마 10장 빌려준대! 예산 문제 해결 ㅋㅋ,v25
60,v25_club_0,misdirect_v25,부적절,teamproj,club,hard,group,casual,kakao,14,"민지: 설문 결과 정리 끝났어! 응답 214개 모임
준호: 오 생각보다 많이 모였네요
나: 고생했어 ㅋㅋ 그래프는 내가 만들게
민지: 목차는 지난번에 정한 대로 4파트로 가는 거지?
준호: 네, 저는 3파트 사례분석 맡을게요
나: 그럼 난 1, 2파트 초안 잡을게
민지: 화요일 리허설 전까지 각자 파트 PPT 올리기로 해요
준호: 발표는 누가 해요?
민지: 교수님이 전원 발표라고 하셨어 ㅠㅠ 파트별로 나눠서 하자
나: ㅋㅋㅋ 어쩔 수 없지
준호: 템플릿은 제가 깔끔한 거 찾아둘게요
민지: 참고문헌 양식 APA로 통일하는 거 잊지 마!
준호: 넵넵
민지: 그럼 화요일 6시 도서관에서 보자",학생회에 물어봤는데 앞치마 10장 빌려준대! 예산 문제 해결 ㅋㅋ,v25
61,v25_teamproj_1,matched_v25,적절,teamproj,teamproj,-,group,casual,kakao,14,"민지: 설문 결과 정리 끝났어! 응답 214개 모임
준호: 오 생각보다 많이 모였네요
나: 고생했어 ㅋㅋ 그래프는 내가 만들게
민지: 목차는 지난번에 정한 대로 4파트로 가는 거지?
준호: 네, 저는 3파트 사례분석 맡을게요
나: 그럼 난 1, 2파트 초안 잡을게
민지: 화요일 리허설 전까지 각자 파트 PPT 올리기로 해요
준호: 발표는 누가 해요?
민지: 교수님이 전원 발표라고 하셨어 ㅠㅠ 파트별로 나눠서 하자
나: ㅋㅋㅋ 어쩔 수 없지
준호: 템플릿은 제가 깔끔한 거 찾아둘게요
민지: 참고문헌 양식 APA로 통일하는 거 잊지 마!
준호: 넵넵
민지: 그럼 화요일 6시 도서관에서 보자",1파트 초안 올렸는데 서론이 좀 길어서 리허설 때 같이 줄여보자,v25
62,v25_teamproj_1,misdirect_v25,부적절,club,teamproj,hard,group,casual,kakao,13,"소연: 부스 위치 확정됐어! 대운동장 입구 쪽 B7
재민: 오 명당이네 ㅋㅋ
나: 현수막 시안은 어제 올린 걸로 가는 거지?
소연: 응 그걸로 인쇄 맡기자. 금요일까지 나온대
재민: 물품 구매 리스트 정리했는데 예산 5만원 초과야 ㅠㅠ
소연: 어디서 줄이지... 앞치마를 빌리는 걸로 바꿀까?
나: 학생회에서 빌려준다고 했던 것 같은데 물어볼게
재민: 금요일 설치는 몇 시부터야?
소연: 오후 3시부터 가능하대. 수업 없는 사람 위주로 오면 될 듯
재민: 나 3시 수업이라 4시 반에 갈게 ㅠ
소연: ㅇㅋㅇㅋ 부스 운영 시간표는 내가 폼으로 돌릴게
나: 잔돈이랑 계산용 QR도 준비해야 해
소연: 맞다, 그건 회계한테 말해둘게",1파트 초안 올렸는데 서론이 좀 길어서 리허설 때 같이 줄여보자,v25
63,v25_club_1,matched_v25,적절,club,club,-,group,casual,kakao,13,"소연: 부스 위치 확정됐어! 대운동장 입구 쪽 B7
재민: 오 명당이네 ㅋㅋ
나: 현수막 시안은 어제 올린 걸로 가는 거지?
소연: 응 그걸로 인쇄 맡기자. 금요일까지 나온대
재민: 물품 구매 리스트 정리했는데 예산 5만원 초과야 ㅠㅠ
소연: 어디서 줄이지... 앞치마를 빌리는 걸로 바꿀까?
나: 학생회에서 빌려준다고 했던 것 같은데 물어볼게
재민: 금요일 설치는 몇 시부터야?
소연: 오후 3시부터 가능하대. 수업 없는 사람 위주로 오면 될 듯
재민: 나 3시 수업이라 4시 반에 갈게 ㅠ
소연: ㅇㅋㅇㅋ 부스 운영 시간표는 내가 폼으로 돌릴게
나: 잔돈이랑 계산용 QR도 준비해야 해
소연: 맞다, 그건 회계한테 말해둘게","금요일 3시 설치 나 갈 수 있어, 짐은 동방에서 미리 옮겨두자",v25
64,v25_club_1,misdirect_v25,부적절,teamproj,club,hard,group,casual,kakao,14,"민지: 설문 결과 정리 끝났어! 응답 214개 모임
준호: 오 생각보다 많이 모였네요
나: 고생했어 ㅋㅋ 그래프는 내가 만들게
민지: 목차는 지난번에 정한 대로 4파트로 가는 거지?
준호: 네, 저는 3파트 사례분석 맡을게요
나: 그럼 난 1, 2파트 초안 잡을게
민지: 화요일 리허설 전까지 각자 파트 PPT 올리기로 해요
준호: 발표는 누가 해요?
민지: 교수님이 전원 발표라고 하셨어 ㅠㅠ 파트별로 나눠서 하자
나: ㅋㅋㅋ 어쩔 수 없지
준호: 템플릿은 제가 깔끔한 거 찾아둘게요
민지: 참고문헌 양식 APA로 통일하는 거 잊지 마!
준호: 넵넵
민지: 그럼 화요일 6시 도서관에서 보자","금요일 3시 설치 나 갈 수 있어, 짐은 동방에서 미리 옮겨두자",v25
65,v25_teamproj_2,matched_v25,적절,teamproj,teamproj,-,group,casual,kakao,14,"민지: 설문 결과 정리 끝났어! 응답 214개 모임
준호: 오 생각보다 많이 모였네요
나: 고생했어 ㅋㅋ 그래프는 내가 만들게
민지: 목차는 지난번에 정한 대로 4파트로 가는 거지?
준호: 네, 저는 3파트 사례분석 맡을게요
나: 그럼 난 1, 2파트 초안 잡을게
민지: 화요일 리허설 전까지 각자 파트 PPT 올리기로 해요
준호: 발표는 누가 해요?
민지: 교수님이 전원 발표라고 하셨어 ㅠㅠ 파트별로 나눠서 하자
나: ㅋㅋㅋ 어쩔 수 없지
준호: 템플릿은 제가 깔끔한 거 찾아둘게요
민지: 참고문헌 양식 APA로 통일하는 거 잊지 마!
준호: 넵넵
민지: 그럼 화요일 6시 도서관에서 보자","화요일 리허설할 스터디룸 내가 예약해둘게, 3번방 잡았어",v25
66,v25_teamproj_2,misdirect_v25,부적절,club,teamproj,hard,group,casual,kakao,13,"소연: 부스 위치 확정됐어! 대운동장 입구 쪽 B7
재민: 오 명당이네 ㅋㅋ
나: 현수막 시안은 어제 올린 걸로 가는 거지?
소연: 응 그걸로 인쇄 맡기자. 금요일까지 나온대
재민: 물품 구매 리스트 정리했는데 예산 5만원 초과야 ㅠㅠ
소연: 어디서 줄이지... 앞치마를 빌리는 걸로 바꿀까?
나: 학생회에서 빌려준다고 했던 것 같은데 물어볼게
재민: 금요일 설치는 몇 시부터야?
소연: 오후 3시부터 가능하대. 수업 없는 사람 위주로 오면 될 듯
재민: 나 3시 수업이라 4시 반에 갈게 ㅠ
소연: ㅇㅋㅇㅋ 부스 운영 시간표는 내가 폼으로 돌릴게
나: 잔돈이랑 계산용 QR도 준비해야 해
소연: 맞다, 그건 회계한테 말해둘게","화요일 리허설할 스터디룸 내가 예약해둘게, 3번방 잡았어",v25
67,v25_club_2,matched_v25,적절,club,club,-,group,casual,kakao,13,"소연: 부스 위치 확정됐어! 대운동장 입구 쪽 B7
재민: 오 명당이네 ㅋㅋ
나: 현수막 시안은 어제 올린 걸로 가는 거지?
소연: 응 그걸로 인쇄 맡기자. 금요일까지 나온대
재민: 물품 구매 리스트 정리했는데 예산 5만원 초과야 ㅠㅠ
소연: 어디서 줄이지... 앞치마를 빌리는 걸로 바꿀까?
나: 학생회에서 빌려준다고 했던 것 같은데 물어볼게
재민: 금요일 설치는 몇 시부터야?
소연: 오후 3시부터 가능하대. 수업 없는 사람 위주로 오면 될 듯
재민: 나 3시 수업이라 4시 반에 갈게 ㅠ
소연: ㅇㅋㅇㅋ 부스 운영 시간표는 내가 폼으로 돌릴게
나: 잔돈이랑 계산용 QR도 준비해야 해
소연: 맞다, 그건 회계한테 말해둘게",현수막 인쇄 접수했어. 금요일 오전 수령으로 걸어둠,v25
68,v25_club_2,misdirect_v25,부적절,teamproj,club,hard,group,casual,kakao,14,"민지: 설문 결과 정리 끝났어! 응답 214개 모임
준호: 오 생각보다 많이 모였네요
나: 고생했어 ㅋㅋ 그래프는 내가 만들게
민지: 목차는 지난번에 정한 대로 4파트로 가는 거지?
준호: 네, 저는 3파트 사례분석 맡을게요
나: 그럼 난 1, 2파트 초안 잡을게
민지: 화요일 리허설 전까지 각자 파트 PPT 올리기로 해요
준호: 발표는 누가 해요?
민지: 교수님이 전원 발표라고 하셨어 ㅠㅠ 파트별로 나눠서 하자
나: ㅋㅋㅋ 어쩔 수 없지
준호: 템플릿은 제가 깔끔한 거 찾아둘게요
민지: 참고문헌 양식 APA로 통일하는 거 잊지 마!
준호: 넵넵
민지: 그럼 화요일 6시 도서관에서 보자",현수막 인쇄 접수했어. 금요일 오전 수령으로 걸어둠,v25
69,v25_teamproj_3,matched_v25,적절,teamproj,teamproj,-,group,casual,kakao,14,"민지: 설문 결과 정리 끝났어! 응답 214개 모임
준호: 오 생각보다 많이 모였네요
나: 고생했어 ㅋㅋ 그래프는 내가 만들게
민지: 목차는 지난번에 정한 대로 4파트로 가는 거지?
준호: 네, 저는 3파트 사례분석 맡을게요
나: 그럼 난 1, 2파트 초안 잡을게
민지: 화요일 리허설 전까지 각자 파트 PPT 올리기로 해요
준호: 발표는 누가 해요?
민지: 교수님이 전원 발표라고 하셨어 ㅠㅠ 파트별로 나눠서 하자
나: ㅋㅋㅋ 어쩔 수 없지
준호: 템플릿은 제가 깔끔한 거 찾아둘게요
민지: 참고문헌 양식 APA로 통일하는 거 잊지 마!
준호: 넵넵
민지: 그럼 화요일 6시 도서관에서 보자",준호가 찾은 템플릿 좋다 ㅋㅋ 나도 그걸로 옮길게,v25
70,v25_teamproj_3,misdirect_v25,부적절,club,teamproj,hard,group,casual,kakao,13,"소연: 부스 위치 확정됐어! 대운동장 입구 쪽 B7
재민: 오 명당이네 ㅋㅋ
나: 현수막 시안은 어제 올린 걸로 가는 거지?
소연: 응 그걸로 인쇄 맡기자. 금요일까지 나온대
재민: 물품 구매 리스트 정리했는데 예산 5만원 초과야 ㅠㅠ
소연: 어디서 줄이지... 앞치마를 빌리는 걸로 바꿀까?
나: 학생회에서 빌려준다고 했던 것 같은데 물어볼게
재민: 금요일 설치는 몇 시부터야?
소연: 오후 3시부터 가능하대. 수업 없는 사람 위주로 오면 될 듯
재민: 나 3시 수업이라 4시 반에 갈게 ㅠ
소연: ㅇㅋㅇㅋ 부스 운영 시간표는 내가 폼으로 돌릴게
나: 잔돈이랑 계산용 QR도 준비해야 해
소연: 맞다, 그건 회계한테 말해둘게",준호가 찾은 템플릿 좋다 ㅋㅋ 나도 그걸로 옮길게,v25
71,v25_club_3,matched_v25,적절,club,club,-,group,casual,kakao,13,"소연: 부스 위치 확정됐어! 대운동장 입구 쪽 B7
재민: 오 명당이네 ㅋㅋ
나: 현수막 시안은 어제 올린 걸로 가는 거지?
소연: 응 그걸로 인쇄 맡기자. 금요일까지 나온대
재민: 물품 구매 리스트 정리했는데 예산 5만원 초과야 ㅠㅠ
소연: 어디서 줄이지... 앞치마를 빌리는 걸로 바꿀까?
나: 학생회에서 빌려준다고 했던 것 같은데 물어볼게
재민: 금요일 설치는 몇 시부터야?
소연: 오후 3시부터 가능하대. 수업 없는 사람 위주로 오면 될 듯
재민: 나 3시 수업이라 4시 반에 갈게 ㅠ
소연: ㅇㅋㅇㅋ 부스 운영 시간표는 내가 폼으로 돌릴게
나: 잔돈이랑 계산용 QR도 준비해야 해
소연: 맞다, 그건 회계한테 말해둘게","부스 운영 시간표 폼 나도 제출했어, 토요일 오전으로 넣음",v25
72,v25_club_3,misdirect_v25,부적절,teamproj,club,hard,group,casual,kakao,14,"민지: 설문 결과 정리 끝났어! 응답 214개 모임
준호: 오 생각보다 많이 모였네요
나: 고생했어 ㅋㅋ 그래프는 내가 만들게
민지: 목차는 지난번에 정한 대로 4파트로 가는 거지?
준호: 네, 저는 3파트 사례분석 맡을게요
나: 그럼 난 1, 2파트 초안 잡을게
민지: 화요일 리허설 전까지 각자 파트 PPT 올리기로 해요
준호: 발표는 누가 해요?
민지: 교수님이 전원 발표라고 하셨어 ㅠㅠ 파트별로 나눠서 하자
나: ㅋㅋㅋ 어쩔 수 없지
준호: 템플릿은 제가 깔끔한 거 찾아둘게요
민지: 참고문헌 양식 APA로 통일하는 거 잊지 마!
준호: 넵넵
민지: 그럼 화요일 6시 도서관에서 보자","부스 운영 시간표 폼 나도 제출했어, 토요일 오전으로 넣음",v25
73,v25_teamproj_4,matched_v25,적절,teamproj,teamproj,-,group,casual,kakao,14,"민지: 설문 결과 정리 끝났어! 응답 214개 모임
준호: 오 생각보다 많이 모였네요
나: 고생했어 ㅋㅋ 그래프는 내가 만들게
민지: 목차는 지난번에 정한 대로 4파트로 가는 거지?
준호: 네, 저는 3파트 사례분석 맡을게요
나: 그럼 난 1, 2파트 초안 잡을게
민지: 화요일 리허설 전까지 각자 파트 PPT 올리기로 해요
준호: 발표는 누가 해요?
민지: 교수님이 전원 발표라고 하셨어 ㅠㅠ 파트별로 나눠서 하자
나: ㅋㅋㅋ 어쩔 수 없지
준호: 템플릿은 제가 깔끔한 거 찾아둘게요
민지: 참고문헌 양식 APA로 통일하는 거 잊지 마!
준호: 넵넵
민지: 그럼 화요일 6시 도서관에서 보자","APA 양식 헷갈리면 학교 도서관 가이드 링크 있어, 방에 올려둘게",v25
74,v25_teamproj_4,misdirect_v25,부적절,club,teamproj,hard,group,casual,kakao,13,"소연: 부스 위치 확정됐어! 대운동장 입구 쪽 B7
재민: 오 명당이네 ㅋㅋ
나: 현수막 시안은 어제 올린 걸로 가는 거지?
소연: 응 그걸로 인쇄 맡기자. 금요일까지 나온대
재민: 물품 구매 리스트 정리했는데 예산 5만원 초과야 ㅠㅠ
소연: 어디서 줄이지... 앞치마를 빌리는 걸로 바꿀까?
나: 학생회에서 빌려준다고 했던 것 같은데 물어볼게
재민: 금요일 설치는 몇 시부터야?
소연: 오후 3시부터 가능하대. 수업 없는 사람 위주로 오면 될 듯
재민: 나 3시 수업이라 4시 반에 갈게 ㅠ
소연: ㅇㅋㅇㅋ 부스 운영 시간표는 내가 폼으로 돌릴게
나: 잔돈이랑 계산용 QR도 준비해야 해
소연: 맞다, 그건 회계한테 말해둘게","APA 양식 헷갈리면 학교 도서관 가이드 링크 있어, 방에 올려둘게",v25
75,v25_club_4,matched_v25,적절,club,club,-,group,casual,kakao,13,"소연: 부스 위치 확정됐어! 대운동장 입구 쪽 B7
재민: 오 명당이네 ㅋㅋ
나: 현수막 시안은 어제 올린 걸로 가는 거지?
소연: 응 그걸로 인쇄 맡기자. 금요일까지 나온대
재민: 물품 구매 리스트 정리했는데 예산 5만원 초과야 ㅠㅠ
소연: 어디서 줄이지... 앞치마를 빌리는 걸로 바꿀까?
나: 학생회에서 빌려준다고 했던 것 같은데 물어볼게
재민: 금요일 설치는 몇 시부터야?
소연: 오후 3시부터 가능하대. 수업 없는 사람 위주로 오면 될 듯
재민: 나 3시 수업이라 4시 반에 갈게 ㅠ
소연: ㅇㅋㅇㅋ 부스 운영 시간표는 내가 폼으로 돌릴게
나: 잔돈이랑 계산용 QR도 준비해야 해
소연: 맞다, 그건 회계한테 말해둘게","QR 결제는 회계 계좌로 만들어달라고 했어, 내일 나온대",v25
76,v25_club_4,misdirect_v25,부적절,teamproj,club,hard,group,casual,kakao,14,"민지: 설문 결과 정리 끝났어! 응답 214개 모임
준호: 오 생각보다 많이 모였네요
나: 고생했어 ㅋㅋ 그래프는 내가 만들게
민지: 목차는 지난번에 정한 대로 4파트로 가는 거지?
준호: 네, 저는 3파트 사례분석 맡을게요
나: 그럼 난 1, 2파트 초안 잡을게
민지: 화요일 리허설 전까지 각자 파트 PPT 올리기로 해요
준호: 발표는 누가 해요?
민지: 교수님이 전원 발표라고 하셨어 ㅠㅠ 파트별로 나눠서 하자
나: ㅋㅋㅋ 어쩔 수 없지
준호: 템플릿은 제가 깔끔한 거 찾아둘게요
민지: 참고문헌 양식 APA로 통일하는 거 잊지 마!
준호: 넵넵
민지: 그럼 화요일 6시 도서관에서 보자","QR 결제는 회계 계좌로 만들어달라고 했어, 내일 나온대",v25
77,v25_teamproj_5,matched_v25,적절,teamproj,teamproj,-,group,casual,kakao,14,"민지: 설문 결과 정리 끝났어! 응답 214개 모임
준호: 오 생각보다 많이 모였네요
나: 고생했어 ㅋㅋ 그래프는 내가 만들게
민지: 목차는 지난번에 정한 대로 4파트로 가는 거지?
준호: 네, 저는 3파트 사례분석 맡을게요
나: 그럼 난 1, 2파트 초안 잡을게
민지: 화요일 리허설 전까지 각자 파트 PPT 올리기로 해요
준호: 발표는 누가 해요?
민지: 교수님이 전원 발표라고 하셨어 ㅠㅠ 파트별로 나눠서 하자
나: ㅋㅋㅋ 어쩔 수 없지
준호: 템플릿은 제가 깔끔한 거 찾아둘게요
민지: 참고문헌 양식 APA로 통일하는 거 잊지 마!
준호: 넵넵
민지: 그럼 화요일 6시 도서관에서 보자",2파트에 설문 교차분석 넣으면 좋을 것 같은데 민지가 원본 시트 공유해줄래?,v25
78,v25_teamproj_5,misdirect_v25,부적절,club,teamproj,hard,group,casual,kakao,13,"소연: 부스 위치 확정됐어! 대운동장 입구 쪽 B7
재민: 오 명당이네 ㅋㅋ
나: 현수막 시안은 어제 올린 걸로 가는 거지?
소연: 응 그걸로 인쇄 맡기자. 금요일까지 나온대
재민: 물품 구매 리스트 정리했는데 예산 5만원 초과야 ㅠㅠ
소연: 어디서 줄이지... 앞치마를 빌리는 걸로 바꿀까?
나: 학생회에서 빌려준다고 했던 것 같은데 물어볼게
재민: 금요일 설치는 몇 시부터야?
소연: 오후 3시부터 가능하대. 수업 없는 사람 위주로 오면 될 듯
재민: 나 3시 수업이라 4시 반에 갈게 ㅠ
소연: ㅇㅋㅇㅋ 부스 운영 시간표는 내가 폼으로 돌릴게
나: 잔돈이랑 계산용 QR도 준비해야 해
소연: 맞다, 그건 회계한테 말해둘게",2파트에 설문 교차분석 넣으면 좋을 것 같은데 민지가 원본 시트 공유해줄래?,v25
79,v25_club_5,matched_v25,적절,club,club,-,group,casual,kakao,13,"소연: 부스 위치 확정됐어! 대운동장 입구 쪽 B7
재민: 오 명당이네 ㅋㅋ
나: 현수막 시안은 어제 올린 걸로 가는 거지?
소연: 응 그걸로 인쇄 맡기자. 금요일까지 나온대
재민: 물품 구매 리스트 정리했는데 예산 5만원 초과야 ㅠㅠ
소연: 어디서 줄이지... 앞치마를 빌리는 걸로 바꿀까?
나: 학생회에서 빌려준다고 했던 것 같은데 물어볼게
재민: 금요일 설치는 몇 시부터야?
소연: 오후 3시부터 가능하대. 수업 없는 사람 위주로 오면 될 듯
재민: 나 3시 수업이라 4시 반에 갈게 ㅠ
소연: ㅇㅋㅇㅋ 부스 운영 시간표는 내가 폼으로 돌릴게
나: 잔돈이랑 계산용 QR도 준비해야 해
소연: 맞다, 그건 회계한테 말해둘게","B7이면 전기 쓸 수 있는지 확인해야 해, 온장고 돌려야 하잖아",v25
80,v25_club_5,misdirect_v25,부적절,teamproj,club,hard,group,casual,kakao,14,"민지: 설문 결과 정리 끝났어! 응답 214개 모임
준호: 오 생각보다 많이 모였네요
나: 고생했어 ㅋㅋ 그래프는 내가 만들게
민지: 목차는 지난번에 정한 대로 4파트로 가는 거지?
준호: 네, 저는 3파트 사례분석 맡을게요
나: 그럼 난 1, 2파트 초안 잡을게
민지: 화요일 리허설 전까지 각자 파트 PPT 올리기로 해요
준호: 발표는 누가 해요?
민지: 교수님이 전원 발표라고 하셨어 ㅠㅠ 파트별로 나눠서 하자
나: ㅋㅋㅋ 어쩔 수 없지
준호: 템플릿은 제가 깔끔한 거 찾아둘게요
민지: 참고문헌 양식 APA로 통일하는 거 잊지 마!
준호: 넵넵
민지: 그럼 화요일 6시 도서관에서 보자","B7이면 전기 쓸 수 있는지 확인해야 해, 온장고 돌려야 하잖아",v25
81,v25_teamproj_6,matched_v25,적절,teamproj,teamproj,-,group,casual,kakao,14,"민지: 설문 결과 정리 끝났어! 응답 214개 모임
준호: 오 생각보다 많이 모였네요
나: 고생했어 ㅋㅋ 그래프는 내가 만들게
민지: 목차는 지난번에 정한 대로 4파트로 가는 거지?
준호: 네, 저는 3파트 사례분석 맡을게요
나: 그럼 난 1, 2파트 초안 잡을게
민지: 화요일 리허설 전까지 각자 파트 PPT 올리기로 해요
준호: 발표는 누가 해요?
민지: 교수님이 전원 발표라고 하셨어 ㅠㅠ 파트별로 나눠서 하자
나: ㅋㅋㅋ 어쩔 수 없지
준호: 템플릿은 제가 깔끔한 거 찾아둘게요
민지: 참고문헌 양식 APA로 통일하는 거 잊지 마!
준호: 넵넵
민지: 그럼 화요일 6시 도서관에서 보자","리허설 때 타이머 재면서 하자, 파트당 4분 넘으면 줄여야 해",v25
82,v25_teamproj_6,misdirect_v25,부적절,club,teamproj,hard,group,casual,kakao,13,"소연: 부스 위치 확정됐어! 대운동장 입구 쪽 B7
재민: 오 명당이네 ㅋㅋ
나: 현수막 시안은 어제 올린 걸로 가는 거지?
소연: 응 그걸로 인쇄 맡기자. 금요일까지 나온대
재민: 물품 구매 리스트 정리했는데 예산 5만원 초과야 ㅠㅠ
소연: 어디서 줄이지... 앞치마를 빌리는 걸로 바꿀까?
나: 학생회에서 빌려준다고 했던 것 같은데 물어볼게
재민: 금요일 설치는 몇 시부터야?
소연: 오후 3시부터 가능하대. 수업 없는 사람 위주로 오면 될 듯
재민: 나 3시 수업이라 4시 반에 갈게 ㅠ
소연: ㅇㅋㅇㅋ 부스 운영 시간표는 내가 폼으로 돌릴게
나: 잔돈이랑 계산용 QR도 준비해야 해
소연: 맞다, 그건 회계한테 말해둘게","리허설 때 타이머 재면서 하자, 파트당 4분 넘으면 줄여야 해",v25
83,v25_club_6,matched_v25,적절,club,club,-,group,casual,kakao,13,"소연: 부스 위치 확정됐어! 대운동장 입구 쪽 B7
재민: 오 명당이네 ㅋㅋ
나: 현수막 시안은 어제 올린 걸로 가는 거지?
소연: 응 그걸로 인쇄 맡기자. 금요일까지 나온대
재민: 물품 구매 리스트 정리했는데 예산 5만원 초과야 ㅠㅠ
소연: 어디서 줄이지... 앞치마를 빌리는 걸로 바꿀까?
나: 학생회에서 빌려준다고 했던 것 같은데 물어볼게
재민: 금요일 설치는 몇 시부터야?
소연: 오후 3시부터 가능하대. 수업 없는 사람 위주로 오면 될 듯
재민: 나 3시 수업이라 4시 반에 갈게 ㅠ
소연: ㅇㅋㅇㅋ 부스 운영 시간표는 내가 폼으로 돌릴게
나: 잔돈이랑 계산용 QR도 준비해야 해
소연: 맞다, 그건 회계한테 말해둘게","홍보 스토리는 내가 목요일에 올릴게, 현수막 시안에서 사진 두 장만 쓸게",v25
84,v25_club_6,misdirect_v25,부적절,teamproj,club,hard,group,casual,kakao,14,"민지: 설문 결과 정리 끝났어! 응답 214개 모임
준호: 오 생각보다 많이 모였네요
나: 고생했어 ㅋㅋ 그래프는 내가 만들게
민지: 목차는 지난번에 정한 대로 4파트로 가는 거지?
준호: 네, 저는 3파트 사례분석 맡을게요
나: 그럼 난 1, 2파트 초안 잡을게
민지: 화요일 리허설 전까지 각자 파트 PPT 올리기로 해요
준호: 발표는 누가 해요?
민지: 교수님이 전원 발표라고 하셨어 ㅠㅠ 파트별로 나눠서 하자
나: ㅋㅋㅋ 어쩔 수 없지
준호: 템플릿은 제가 깔끔한 거 찾아둘게요
민지: 참고문헌 양식 APA로 통일하는 거 잊지 마!
준호: 넵넵
민지: 그럼 화요일 6시 도서관에서 보자","홍보 스토리는 내가 목요일에 올릴게, 현수막 시안에서 사진 두 장만 쓸게",v25
85,v25_trip_0,matched_v25,적절,trip,trip,-,group,casual,kakao,15,"유나: 얘들아 항공권 지금 특가 떴어!!
세진: 헐 얼마
유나: 왕복 6만 8천원, 다음 달 둘째 주
세진: 미쳤다 바로 사자
나: ㄱㄱ 나 연차 그 주로 낼게
유나: ㅇㅋ 그럼 내가 셋 다 잡아도 돼? 돈은 나중에 보내줘
세진: 응응 부탁해!!
유나: 결제 완료 ㅋㅋㅋ 금요일 아침 출발, 일요일 밤 도착이야
나: 최고다 진짜 ㅋㅋㅋ
세진: 숙소는 애월 쪽으로 볼까? 지난번에 협재는 가봤으니까
유나: 좋아 오션뷰로 찾아보자
세진: 렌터카는 내가 알아볼게, 경차면 충분하지?
나: ㅇㅇ 충분 우리 짐도 별로 없잖아
유나: 흑돼지 맛집은 미리 예약해야 한대! 리스트 공유할게
세진: 벌써 설렌다 ㅋㅋㅋ",연차 승인됐다!! 제주 가는 금요일 새벽부터 자유의 몸 ㅋㅋㅋ,v25
86,v25_trip_0,misdirect_v25,부적절,hike,trip,hard,group,formal,plain,11,"총무: 이번 일요일 북한산 정기산행 공지합니다~
영진: 코스는 어디로 가나요?
총무: 우이동에서 백운대 찍고 내려오는 걸로요. 4시간 정도 봅니다
영진: 좋네요 ㅎㅎ 몇 시 집결이에요?
총무: 북한산우이역 2번 출구, 아침 8시요
나: 참석합니다! 오랜만에 백운대네요
총무: 하산 후에 두부집 예약해둘게요 ㅎㅎ
영진: 캬 그 집 파전이죠
총무: 일요일 오후에 비 예보가 조금 있어서 우비 챙겨오세요
나: 넵 확인했습니다
총무: 신입 두 분도 오시니까 다들 잘 챙겨주세요~",연차 승인됐다!! 제주 가는 금요일 새벽부터 자유의 몸 ㅋㅋㅋ,v25
87,v25_hike_0,matched_v25,적절,hike,hike,-,group,formal,plain,11,"총무: 이번 일요일 북한산 정기산행 공지합니다~
영진: 코스는 어디로 가나요?
총무: 우이동에서 백운대 찍고 내려오는 걸로요. 4시간 정도 봅니다
영진: 좋네요 ㅎㅎ 몇 시 집결이에요?
총무: 북한산우이역 2번 출구, 아침 8시요
나: 참석합니다! 오랜만에 백운대네요
총무: 하산 후에 두부집 예약해둘게요 ㅎㅎ
영진: 캬 그 집 파전이죠
총무: 일요일 오후에 비 예보가 조금 있어서 우비 챙겨오세요
나: 넵 확인했습니다
총무: 신입 두 분도 오시니까 다들 잘 챙겨주세요~",스틱 여분 있으면 신입분들 빌려드리게 두 개 챙겨갈게요,v25
88,v25_hike_0,misdirect_v25,부적절,trip,hike,hard,group,casual,kakao,15,"유나: 얘들아 항공권 지금 특가 떴어!!
세진: 헐 얼마
유나: 왕복 6만 8천원, 다음 달 둘째 주
세진: 미쳤다 바로 사자
나: ㄱㄱ 나 연차 그 주로 낼게
유나: ㅇㅋ 그럼 내가 셋 다 잡아도 돼? 돈은 나중에 보내줘
세진: 응응 부탁해!!
유나: 결제 완료 ㅋㅋㅋ 금요일 아침 출발, 일요일 밤 도착이야
나: 최고다 진짜 ㅋㅋㅋ
세진: 숙소는 애월 쪽으로 볼까? 지난번에 협재는 가봤으니까
유나: 좋아 오션뷰로 찾아보자
세진: 렌터카는 내가 알아볼게, 경차면 충분하지?
나: ㅇㅇ 충분 우리 짐도 별로 없잖아
유나: 흑돼지 맛집은 미리 예약해야 한대! 리스트 공유할게
세진: 벌써 설렌다 ㅋㅋㅋ",스틱 여분 있으면 신입분들 빌려드리게 두 개 챙겨갈게요,v25
89,v25_trip_1,matched_v25,적절,trip,trip,-,group,casual,kakao,15,"유나: 얘들아 항공권 지금 특가 떴어!!
세진: 헐 얼마
유나: 왕복 6만 8천원, 다음 달 둘째 주
세진: 미쳤다 바로 사자
나: ㄱㄱ 나 연차 그 주로 낼게
유나: ㅇㅋ 그럼 내가 셋 다 잡아도 돼? 돈은 나중에 보내줘
세진: 응응 부탁해!!
유나: 결제 완료 ㅋㅋㅋ 금요일 아침 출발, 일요일 밤 도착이야
나: 최고다 진짜 ㅋㅋㅋ
세진: 숙소는 애월 쪽으로 볼까? 지난번에 협재는 가봤으니까
유나: 좋아 오션뷰로 찾아보자
세진: 렌터카는 내가 알아볼게, 경차면 충분하지?
나: ㅇㅇ 충분 우리 짐도 별로 없잖아
유나: 흑돼지 맛집은 미리 예약해야 한대! 리스트 공유할게
세진: 벌써 설렌다 ㅋㅋㅋ",유나야 항공권값 방금 보냈어~ 확인해줘,v25
90,v25_trip_1,misdirect_v25,부적절,hike,trip,hard,group,formal,plain,11,"총무: 이번 일요일 북한산 정기산행 공지합니다~
영진: 코스는 어디로 가나요?
총무: 우이동에서 백운대 찍고 내려오는 걸로요. 4시간 정도 봅니다
영진: 좋네요 ㅎㅎ 몇 시 집결이에요?
총무: 북한산우이역 2번 출구, 아침 8시요
나: 참석합니다! 오랜만에 백운대네요
총무: 하산 후에 두부집 예약해둘게요 ㅎㅎ
영진: 캬 그 집 파전이죠
총무: 일요일 오후에 비 예보가 조금 있어서 우비 챙겨오세요
나: 넵 확인했습니다
총무: 신입 두 분도 오시니까 다들 잘 챙겨주세요~",유나야 항공권값 방금 보냈어~ 확인해줘,v25
91,v25_hike_1,matched_v25,적절,hike,hike,-,group,formal,plain,11,"총무: 이번 일요일 북한산 정기산행 공지합니다~
영진: 코스는 어디로 가나요?
총무: 우이동에서 백운대 찍고 내려오는 걸로요. 4시간 정도 봅니다
영진: 좋네요 ㅎㅎ 몇 시 집결이에요?
총무: 북한산우이역 2번 출구, 아침 8시요
나: 참석합니다! 오랜만에 백운대네요
총무: 하산 후에 두부집 예약해둘게요 ㅎㅎ
영진: 캬 그 집 파전이죠
총무: 일요일 오후에 비 예보가 조금 있어서 우비 챙겨오세요
나: 넵 확인했습니다
총무: 신입 두 분도 오시니까 다들 잘 챙겨주세요~","8시 집결 확인했습니다, 저는 7시 50분까지 우이역에 가 있을게요",v25
92,v25_hike_1,misdirect_v25,부적절,trip,hike,hard,group,casual,kakao,15,"유나: 얘들아 항공권 지금 특가 떴어!!
세진: 헐 얼마
유나: 왕복 6만 8천원, 다음 달 둘째 주
세진: 미쳤다 바로 사자
나: ㄱㄱ 나 연차 그 주로 낼게
유나: ㅇㅋ 그럼 내가 셋 다 잡아도 돼? 돈은 나중에 보내줘
세진: 응응 부탁해!!
유나: 결제 완료 ㅋㅋㅋ 금요일 아침 출발, 일요일 밤 도착이야
나: 최고다 진짜 ㅋㅋㅋ
세진: 숙소는 애월 쪽으로 볼까? 지난번에 협재는 가봤으니까
유나: 좋아 오션뷰로 찾아보자
세진: 렌터카는 내가 알아볼게, 경차면 충분하지?
나: ㅇㅇ 충분 우리 짐도 별로 없잖아
유나: 흑돼지 맛집은 미리 예약해야 한대! 리스트 공유할게
세진: 벌써 설렌다 ㅋㅋㅋ","8시 집결 확인했습니다, 저는 7시 50분까지 우이역에 가 있을게요",v25
93,v25_trip_2,matched_v25,적절,trip,trip,-,group,casual,kakao,15,"유나: 얘들아 항공권 지금 특가 떴어!!
세진: 헐 얼마
유나: 왕복 6만 8천원, 다음 달 둘째 주
세진: 미쳤다 바로 사자
나: ㄱㄱ 나 연차 그 주로 낼게
유나: ㅇㅋ 그럼 내가 셋 다 잡아도 돼? 돈은 나중에 보내줘
세진: 응응 부탁해!!
유나: 결제 완료 ㅋㅋㅋ 금요일 아침 출발, 일요일 밤 도착이야
나: 최고다 진짜 ㅋㅋㅋ
세진: 숙소는 애월 쪽으로 볼까? 지난번에 협재는 가봤으니까
유나: 좋아 오션뷰로 찾아보자
세진: 렌터카는 내가 알아볼게, 경차면 충분하지?
나: ㅇㅇ 충분 우리 짐도 별로 없잖아
유나: 흑돼지 맛집은 미리 예약해야 한대! 리스트 공유할게
세진: 벌써 설렌다 ㅋㅋㅋ","애월 숙소 후보 3개 찾음!! 링크 올릴게, 다 오션뷰야",v25
94,v25_trip_2,misdirect_v25,부적절,hike,trip,hard,group,formal,plain,11,"총무: 이번 일요일 북한산 정기산행 공지합니다~
영진: 코스는 어디로 가나요?
총무: 우이동에서 백운대 찍고 내려오는 걸로요. 4시간 정도 봅니다
영진: 좋네요 ㅎㅎ 몇 시 집결이에요?
총무: 북한산우이역 2번 출구, 아침 8시요
나: 참석합니다! 오랜만에 백운대네요
총무: 하산 후에 두부집 예약해둘게요 ㅎㅎ
영진: 캬 그 집 파전이죠
총무: 일요일 오후에 비 예보가 조금 있어서 우비 챙겨오세요
나: 넵 확인했습니다
총무: 신입 두 분도 오시니까 다들 잘 챙겨주세요~","애월 숙소 후보 3개 찾음!! 링크 올릴게, 다 오션뷰야",v25
95,v25_hike_2,matched_v25,적절,hike,hike,-,group,formal,plain,11,"총무: 이번 일요일 북한산 정기산행 공지합니다~
영진: 코스는 어디로 가나요?
총무: 우이동에서 백운대 찍고 내려오는 걸로요. 4시간 정도 봅니다
영진: 좋네요 ㅎㅎ 몇 시 집결이에요?
총무: 북한산우이역 2번 출구, 아침 8시요
나: 참석합니다! 오랜만에 백운대네요
총무: 하산 후에 두부집 예약해둘게요 ㅎㅎ
영진: 캬 그 집 파전이죠
총무: 일요일 오후에 비 예보가 조금 있어서 우비 챙겨오세요
나: 넵 확인했습니다
총무: 신입 두 분도 오시니까 다들 잘 챙겨주세요~","두부집 인원에 저 +1 해주세요, 동생이 같이 가고 싶다네요",v25
96,v25_hike_2,misdirect_v25,부적절,trip,hike,hard,group,casual,kakao,15,"유나: 얘들아 항공권 지금 특가 떴어!!
세진: 헐 얼마
유나: 왕복 6만 8천원, 다음 달 둘째 주
세진: 미쳤다 바로 사자
나: ㄱㄱ 나 연차 그 주로 낼게
유나: ㅇㅋ 그럼 내가 셋 다 잡아도 돼? 돈은 나중에 보내줘
세진: 응응 부탁해!!
유나: 결제 완료 ㅋㅋㅋ 금요일 아침 출발, 일요일 밤 도착이야
나: 최고다 진짜 ㅋㅋㅋ
세진: 숙소는 애월 쪽으로 볼까? 지난번에 협재는 가봤으니까
유나: 좋아 오션뷰로 찾아보자
세진: 렌터카는 내가 알아볼게, 경차면 충분하지?
나: ㅇㅇ 충분 우리 짐도 별로 없잖아
유나: 흑돼지 맛집은 미리 예약해야 한대! 리스트 공유할게
세진: 벌써 설렌다 ㅋㅋㅋ","두부집 인원에 저 +1 해주세요, 동생이 같이 가고 싶다네요",v25
97,v25_trip_3,matched_v25,적절,trip,trip,-,group,casual,kakao,15,"유나: 얘들아 항공권 지금 특가 떴어!!
세진: 헐 얼마
유나: 왕복 6만 8천원, 다음 달 둘째 주
세진: 미쳤다 바로 사자
나: ㄱㄱ 나 연차 그 주로 낼게
유나: ㅇㅋ 그럼 내가 셋 다 잡아도 돼? 돈은 나중에 보내줘
세진: 응응 부탁해!!
유나: 결제 완료 ㅋㅋㅋ 금요일 아침 출발, 일요일 밤 도착이야
나: 최고다 진짜 ㅋㅋㅋ
세진: 숙소는 애월 쪽으로 볼까? 지난번에 협재는 가봤으니까
유나: 좋아 오션뷰로 찾아보자
세진: 렌터카는 내가 알아볼게, 경차면 충분하지?
나: ㅇㅇ 충분 우리 짐도 별로 없잖아
유나: 흑돼지 맛집은 미리 예약해야 한대! 리스트 공유할게
세진: 벌써 설렌다 ㅋㅋㅋ","흑돼지집은 토요일 저녁으로 예약하자, 리스트에서 두 번째 집 어때",v25
98,v25_trip_3,misdirect_v25,부적절,hike,trip,hard,group,formal,plain,11,"총무: 이번 일요일 북한산 정기산행 공지합니다~
영진: 코스는 어디로 가나요?
총무: 우이동에서 백운대 찍고 내려오는 걸로요. 4시간 정도 봅니다
영진: 좋네요 ㅎㅎ 몇 시 집결이에요?
총무: 북한산우이역 2번 출구, 아침 8시요
나: 참석합니다! 오랜만에 백운대네요
총무: 하산 후에 두부집 예약해둘게요 ㅎㅎ
영진: 캬 그 집 파전이죠
총무: 일요일 오후에 비 예보가 조금 있어서 우비 챙겨오세요
나: 넵 확인했습니다
총무: 신입 두 분도 오시니까 다들 잘 챙겨주세요~","흑돼지집은 토요일 저녁으로 예약하자, 리스트에서 두 번째 집 어때",v25
99,v25_hike_3,matched_v25,적절,hike,hike,-,group,formal,plain,11,"총무: 이번 일요일 북한산 정기산행 공지합니다~
영진: 코스는 어디로 가나요?
총무: 우이동에서 백운대 찍고 내려오는 걸로요. 4시간 정도 봅니다
영진: 좋네요 ㅎㅎ 몇 시 집결이에요?
총무: 북한산우이역 2번 출구, 아침 8시요
나: 참석합니다! 오랜만에 백운대네요
총무: 하산 후에 두부집 예약해둘게요 ㅎㅎ
영진: 캬 그 집 파전이죠
총무: 일요일 오후에 비 예보가 조금 있어서 우비 챙겨오세요
나: 넵 확인했습니다
총무: 신입 두 분도 오시니까 다들 잘 챙겨주세요~","우비 말고 바람막이도 챙기는 게 좋겠어요, 백운대 정상은 바람이 셉니다",v25
100,v25_hike_3,misdirect_v25,부적절,trip,hike,hard,group,casual,kakao,15,"유나: 얘들아 항공권 지금 특가 떴어!!
세진: 헐 얼마
유나: 왕복 6만 8천원, 다음 달 둘째 주
세진: 미쳤다 바로 사자
나: ㄱㄱ 나 연차 그 주로 낼게
유나: ㅇㅋ 그럼 내가 셋 다 잡아도 돼? 돈은 나중에 보내줘
세진: 응응 부탁해!!
유나: 결제 완료 ㅋㅋㅋ 금요일 아침 출발, 일요일 밤 도착이야
나: 최고다 진짜 ㅋㅋㅋ
세진: 숙소는 애월 쪽으로 볼까? 지난번에 협재는 가봤으니까
유나: 좋아 오션뷰로 찾아보자
세진: 렌터카는 내가 알아볼게, 경차면 충분하지?
나: ㅇㅇ 충분 우리 짐도 별로 없잖아
유나: 흑돼지 맛집은 미리 예약해야 한대! 리스트 공유할게
세진: 벌써 설렌다 ㅋㅋㅋ","우비 말고 바람막이도 챙기는 게 좋겠어요, 백운대 정상은 바람이 셉니다",v25
101,v25_trip_4,matched_v25,적절,trip,trip,-,group,casual,kakao,15,"유나: 얘들아 항공권 지금 특가 떴어!!
세진: 헐 얼마
유나: 왕복 6만 8천원, 다음 달 둘째 주
세진: 미쳤다 바로 사자
나: ㄱㄱ 나 연차 그 주로 낼게
유나: ㅇㅋ 그럼 내가 셋 다 잡아도 돼? 돈은 나중에 보내줘
세진: 응응 부탁해!!
유나: 결제 완료 ㅋㅋㅋ 금요일 아침 출발, 일요일 밤 도착이야
나: 최고다 진짜 ㅋㅋㅋ
세진: 숙소는 애월 쪽으로 볼까? 지난번에 협재는 가봤으니까
유나: 좋아 오션뷰로 찾아보자
세진: 렌터카는 내가 알아볼게, 경차면 충분하지?
나: ㅇㅇ 충분 우리 짐도 별로 없잖아
유나: 흑돼지 맛집은 미리 예약해야 한대! 리스트 공유할게
세진: 벌써 설렌다 ㅋㅋㅋ",우도도 갈까? 일요일 오전에 배 타면 시간 될 것 같은데,v25
102,v25_trip_4,misdirect_v25,부적절,hike,trip,hard,group,formal,plain,11,"총무: 이번 일요일 북한산 정기산행 공지합니다~
영진: 코스는 어디로 가나요?
총무: 우이동에서 백운대 찍고 내려오는 걸로요. 4시간 정도 봅니다
영진: 좋네요 ㅎㅎ 몇 시 집결이에요?
총무: 북한산우이역 2번 출구, 아침 8시요
나: 참석합니다! 오랜만에 백운대네요
총무: 하산 후에 두부집 예약해둘게요 ㅎㅎ
영진: 캬 그 집 파전이죠
총무: 일요일 오후에 비 예보가 조금 있어서 우비 챙겨오세요
나: 넵 확인했습니다
총무: 신입 두 분도 오시니까 다들 잘 챙겨주세요~",우도도 갈까? 일요일 오전에 배 타면 시간 될 것 같은데,v25
103,v25_hike_4,matched_v25,적절,hike,hike,-,group,formal,plain,11,"총무: 이번 일요일 북한산 정기산행 공지합니다~
영진: 코스는 어디로 가나요?
총무: 우이동에서 백운대 찍고 내려오는 걸로요. 4시간 정도 봅니다
영진: 좋네요 ㅎㅎ 몇 시 집결이에요?
총무: 북한산우이역 2번 출구, 아침 8시요
나: 참석합니다! 오랜만에 백운대네요
총무: 하산 후에 두부집 예약해둘게요 ㅎㅎ
영진: 캬 그 집 파전이죠
총무: 일요일 오후에 비 예보가 조금 있어서 우비 챙겨오세요
나: 넵 확인했습니다
총무: 신입 두 분도 오시니까 다들 잘 챙겨주세요~",지난 산행 사진 정리해서 방에 올렸어요~ 필요하신 분 저장하세요,v25
104,v25_hike_4,misdirect_v25,부적절,trip,hike,hard,group,casual,kakao,15,"유나: 얘들아 항공권 지금 특가 떴어!!
세진: 헐 얼마
유나: 왕복 6만 8천원, 다음 달 둘째 주
세진: 미쳤다 바로 사자
나: ㄱㄱ 나 연차 그 주로 낼게
유나: ㅇㅋ 그럼 내가 셋 다 잡아도 돼? 돈은 나중에 보내줘
세진: 응응 부탁해!!
유나: 결제 완료 ㅋㅋㅋ 금요일 아침 출발, 일요일 밤 도착이야
나: 최고다 진짜 ㅋㅋㅋ
세진: 숙소는 애월 쪽으로 볼까? 지난번에 협재는 가봤으니까
유나: 좋아 오션뷰로 찾아보자
세진: 렌터카는 내가 알아볼게, 경차면 충분하지?
나: ㅇㅇ 충분 우리 짐도 별로 없잖아
유나: 흑돼지 맛집은 미리 예약해야 한대! 리스트 공유할게
세진: 벌써 설렌다 ㅋㅋㅋ",지난 산행 사진 정리해서 방에 올렸어요~ 필요하신 분 저장하세요,v25
105,v25_trip_5,matched_v25,적절,trip,trip,-,group,casual,kakao,15,"유나: 얘들아 항공권 지금 특가 떴어!!
세진: 헐 얼마
유나: 왕복 6만 8천원, 다음 달 둘째 주
세진: 미쳤다 바로 사자
나: ㄱㄱ 나 연차 그 주로 낼게
유나: ㅇㅋ 그럼 내가 셋 다 잡아도 돼? 돈은 나중에 보내줘
세진: 응응 부탁해!!
유나: 결제 완료 ㅋㅋㅋ 금요일 아침 출발, 일요일 밤 도착이야
나: 최고다 진짜 ㅋㅋㅋ
세진: 숙소는 애월 쪽으로 볼까? 지난번에 협재는 가봤으니까
유나: 좋아 오션뷰로 찾아보자
세진: 렌터카는 내가 알아볼게, 경차면 충분하지?
나: ㅇㅇ 충분 우리 짐도 별로 없잖아
유나: 흑돼지 맛집은 미리 예약해야 한대! 리스트 공유할게
세진: 벌써 설렌다 ㅋㅋㅋ",렌터카 세진이가 알아본다고 했지? 보험은 완전자차로 하자,v25
106,v25_trip_5,misdirect_v25,부적절,hike,trip,hard,group,formal,plain,11,"총무: 이번 일요일 북한산 정기산행 공지합니다~
영진: 코스는 어디로 가나요?
총무: 우이동에서 백운대 찍고 내려오는 걸로요. 4시간 정도 봅니다
영진: 좋네요 ㅎㅎ 몇 시 집결이에요?
총무: 북한산우이역 2번 출구, 아침 8시요
나: 참석합니다! 오랜만에 백운대네요
총무: 하산 후에 두부집 예약해둘게요 ㅎㅎ
영진: 캬 그 집 파전이죠
총무: 일요일 오후에 비 예보가 조금 있어서 우비 챙겨오세요
나: 넵 확인했습니다
총무: 신입 두 분도 오시니까 다들 잘 챙겨주세요~",렌터카 세진이가 알아본다고 했지? 보험은 완전자차로 하자,v25
107,v25_hike_5,matched_v25,적절,hike,hike,-,group,formal,plain,11,"총무: 이번 일요일 북한산 정기산행 공지합니다~
영진: 코스는 어디로 가나요?
총무: 우이동에서 백운대 찍고 내려오는 걸로요. 4시간 정도 봅니다
영진: 좋네요 ㅎㅎ 몇 시 집결이에요?
총무: 북한산우이역 2번 출구, 아침 8시요
나: 참석합니다! 오랜만에 백운대네요
총무: 하산 후에 두부집 예약해둘게요 ㅎㅎ
영진: 캬 그 집 파전이죠
총무: 일요일 오후에 비 예보가 조금 있어서 우비 챙겨오세요
나: 넵 확인했습니다
총무: 신입 두 분도 오시니까 다들 잘 챙겨주세요~",하산은 도선사 쪽인가요? 무릎이 안 좋아서 완만한 코스면 좋아서요,v25
108,v25_hike_5,misdirect_v25,부적절,trip,hike,hard,group,casual,kakao,15,"유나: 얘들아 항공권 지금 특가 떴어!!
세진: 헐 얼마
유나: 왕복 6만 8천원, 다음 달 둘째 주
세진: 미쳤다 바로 사자
나: ㄱㄱ 나 연차 그 주로 낼게
유나: ㅇㅋ 그럼 내가 셋 다 잡아도 돼? 돈은 나중에 보내줘
세진: 응응 부탁해!!
유나: 결제 완료 ㅋㅋㅋ 금요일 아침 출발, 일요일 밤 도착이야
나: 최고다 진짜 ㅋㅋㅋ
세진: 숙소는 애월 쪽으로 볼까? 지난번에 협재는 가봤으니까
유나: 좋아 오션뷰로 찾아보자
세진: 렌터카는 내가 알아볼게, 경차면 충분하지?
나: ㅇㅇ 충분 우리 짐도 별로 없잖아
유나: 흑돼지 맛집은 미리 예약해야 한대! 리스트 공유할게
세진: 벌써 설렌다 ㅋㅋㅋ",하산은 도선사 쪽인가요? 무릎이 안 좋아서 완만한 코스면 좋아서요,v25
109,v25_trip_6,matched_v25,적절,trip,trip,-,group,casual,kakao,15,"유나: 얘들아 항공권 지금 특가 떴어!!
세진: 헐 얼마
유나: 왕복 6만 8천원, 다음 달 둘째 주
세진: 미쳤다 바로 사자
나: ㄱㄱ 나 연차 그 주로 낼게
유나: ㅇㅋ 그럼 내가 셋 다 잡아도 돼? 돈은 나중에 보내줘
세진: 응응 부탁해!!
유나: 결제 완료 ㅋㅋㅋ 금요일 아침 출발, 일요일 밤 도착이야
나: 최고다 진짜 ㅋㅋㅋ
세진: 숙소는 애월 쪽으로 볼까? 지난번에 협재는 가봤으니까
유나: 좋아 오션뷰로 찾아보자
세진: 렌터카는 내가 알아볼게, 경차면 충분하지?
나: ㅇㅇ 충분 우리 짐도 별로 없잖아
유나: 흑돼지 맛집은 미리 예약해야 한대! 리스트 공유할게
세진: 벌써 설렌다 ㅋㅋㅋ",캐리어 하나로 짐 합칠 사람 ㅋㅋ 나 백팩만 갈 거야,v25
110,v25_trip_6,misdirect_v25,부적절,hike,trip,hard,group,formal,plain,11,"총무: 이번 일요일 북한산 정기산행 공지합니다~
영진: 코스는 어디로 가나요?
총무: 우이동에서 백운대 찍고 내려오는 걸로요. 4시간 정도 봅니다
영진: 좋네요 ㅎㅎ 몇 시 집결이에요?
총무: 북한산우이역 2번 출구, 아침 8시요
나: 참석합니다! 오랜만에 백운대네요
총무: 하산 후에 두부집 예약해둘게요 ㅎㅎ
영진: 캬 그 집 파전이죠
총무: 일요일 오후에 비 예보가 조금 있어서 우비 챙겨오세요
나: 넵 확인했습니다
총무: 신입 두 분도 오시니까 다들 잘 챙겨주세요~",캐리어 하나로 짐 합칠 사람 ㅋㅋ 나 백팩만 갈 거야,v25
111,v25_hike_6,matched_v25,적절,hike,hike,-,group,formal,plain,11,"총무: 이번 일요일 북한산 정기산행 공지합니다~
영진: 코스는 어디로 가나요?
총무: 우이동에서 백운대 찍고 내려오는 걸로요. 4시간 정도 봅니다
영진: 좋네요 ㅎㅎ 몇 시 집결이에요?
총무: 북한산우이역 2번 출구, 아침 8시요
나: 참석합니다! 오랜만에 백운대네요
총무: 하산 후에 두부집 예약해둘게요 ㅎㅎ
영진: 캬 그 집 파전이죠
총무: 일요일 오후에 비 예보가 조금 있어서 우비 챙겨오세요
나: 넵 확인했습니다
총무: 신입 두 분도 오시니까 다들 잘 챙겨주세요~",간식으로 에너지바 넉넉히 사갈게요 ㅎㅎ,v25
112,v25_hike_6,misdirect_v25,부적절,trip,hike,hard,group,casual,kakao,15,"유나: 얘들아 항공권 지금 특가 떴어!!
세진: 헐 얼마
유나: 왕복 6만 8천원, 다음 달 둘째 주
세진: 미쳤다 바로 사자
나: ㄱㄱ 나 연차 그 주로 낼게
유나: ㅇㅋ 그럼 내가 셋 다 잡아도 돼? 돈은 나중에 보내줘
세진: 응응 부탁해!!
유나: 결제 완료 ㅋㅋㅋ 금요일 아침 출발, 일요일 밤 도착이야
나: 최고다 진짜 ㅋㅋㅋ
세진: 숙소는 애월 쪽으로 볼까? 지난번에 협재는 가봤으니까
유나: 좋아 오션뷰로 찾아보자
세진: 렌터카는 내가 알아볼게, 경차면 충분하지?
나: ㅇㅇ 충분 우리 짐도 별로 없잖아
유나: 흑돼지 맛집은 미리 예약해야 한대! 리스트 공유할게
세진: 벌써 설렌다 ㅋㅋㅋ",간식으로 에너지바 넉넉히 사갈게요 ㅎㅎ,v25
113,v25_family_0,matched_v25,적절,family,family,-,group,casual,kakao,12,"엄마: 이번 주말에 김장할 건데 다들 몇 시에 올 수 있니
동생: 나는 토요일 아침에 갈게~
아빠: 배추는 금요일에 절여놓을게
나: 나도 토요일 오전까지 갈게요
엄마: 그래, 점심은 수육 삶아줄게
동생: 앗싸 ㅋㅋㅋ
엄마: 그리고 다음 주 아빠 생신 식당 어디로 할지 정해야 해
동생: 지난번 그 한정식집 어때? 아빠 좋아하셨잖아
나: 거기 좋았지, 내가 예약해볼게요
아빠: 비싼 데 말고 아무데나 괜찮다
엄마: 무슨 소리예요, 생신인데 ㅋㅋ
동생: 언니가 예약하면 나는 케이크 준비할게!",한정식집 다음 주 토요일 저녁 6시로 예약했어요~ 룸으로 잡음,v25
114,v25_family_0,misdirect_v25,부적절,alumni,family,medium,group,casual,kakao,11,"태윤: 얘들아 다음 주 토요일에 한 번 뭉치자
서준: 오 좋다 얼마 만이냐
민아: 나 그날 오후엔 되는데 저녁은 몇 시?
태윤: 7시쯤? 신촌 어때, 다 중간이잖아
서준: 신촌 ㅇㅋ 그 닭갈비집 아직 있나 ㅋㅋ
민아: 있어 ㅋㅋㅋ 지난달에 지나가다 봤어
태윤: 그럼 거기서 보고 2차는 가서 정하자
서준: 근데 지혜도 부를까? 걔 요즘 연락 되냐
민아: 내가 물어볼게! 아마 될걸
태윤: ㅇㅋ 그럼 일단 토요일 7시 신촌 확정
민아: 캘린더에 박아둔다 ㅋㅋ",한정식집 다음 주 토요일 저녁 6시로 예약했어요~ 룸으로 잡음,v25
115,v25_alumni_0,matched_v25,적절,alumni,alumni,-,group,casual,kakao,11,"태윤: 얘들아 다음 주 토요일에 한 번 뭉치자
서준: 오 좋다 얼마 만이냐
민아: 나 그날 오후엔 되는데 저녁은 몇 시?
태윤: 7시쯤? 신촌 어때, 다 중간이잖아
서준: 신촌 ㅇㅋ 그 닭갈비집 아직 있나 ㅋㅋ
민아: 있어 ㅋㅋㅋ 지난달에 지나가다 봤어
태윤: 그럼 거기서 보고 2차는 가서 정하자
서준: 근데 지혜도 부를까? 걔 요즘 연락 되냐
민아: 내가 물어볼게! 아마 될걸
태윤: ㅇㅋ 그럼 일단 토요일 7시 신촌 확정
민아: 캘린더에 박아둔다 ㅋㅋ",토요일 7시 ㅇㅋ!! 나 그날 낮에 일 있어서 좀 늦으면 먼저 시작해,v25
116,v25_alumni_0,misdirect_v25,부적절,family,alumni,medium,group,casual,kakao,12,"엄마: 이번 주말에 김장할 건데 다들 몇 시에 올 수 있니
동생: 나는 토요일 아침에 갈게~
아빠: 배추는 금요일에 절여놓을게
나: 나도 토요일 오전까지 갈게요
엄마: 그래, 점심은 수육 삶아줄게
동생: 앗싸 ㅋㅋㅋ
엄마: 그리고 다음 주 아빠 생신 식당 어디로 할지 정해야 해
동생: 지난번 그 한정식집 어때? 아빠 좋아하셨잖아
나: 거기 좋았지, 내가 예약해볼게요
아빠: 비싼 데 말고 아무데나 괜찮다
엄마: 무슨 소리예요, 생신인데 ㅋㅋ
동생: 언니가 예약하면 나는 케이크 준비할게!",토요일 7시 ㅇㅋ!! 나 그날 낮에 일 있어서 좀 늦으면 먼저 시작해,v25
117,v25_family_1,matched_v25,적절,family,family,-,group,casual,kakao,12,"엄마: 이번 주말에 김장할 건데 다들 몇 시에 올 수 있니
동생: 나는 토요일 아침에 갈게~
아빠: 배추는 금요일에 절여놓을게
나: 나도 토요일 오전까지 갈게요
엄마: 그래, 점심은 수육 삶아줄게
동생: 앗싸 ㅋㅋㅋ
엄마: 그리고 다음 주 아빠 생신 식당 어디로 할지 정해야 해
동생: 지난번 그 한정식집 어때? 아빠 좋아하셨잖아
나: 거기 좋았지, 내가 예약해볼게요
아빠: 비싼 데 말고 아무데나 괜찮다
엄마: 무슨 소리예요, 생신인데 ㅋㅋ
동생: 언니가 예약하면 나는 케이크 준비할게!","김장 때 고무장갑 새 거 사갈게요, 작년에 다 찢어졌잖아 ㅋㅋ",v25
118,v25_family_1,misdirect_v25,부적절,alumni,family,medium,group,casual,kakao,11,"태윤: 얘들아 다음 주 토요일에 한 번 뭉치자
서준: 오 좋다 얼마 만이냐
민아: 나 그날 오후엔 되는데 저녁은 몇 시?
태윤: 7시쯤? 신촌 어때, 다 중간이잖아
서준: 신촌 ㅇㅋ 그 닭갈비집 아직 있나 ㅋㅋ
민아: 있어 ㅋㅋㅋ 지난달에 지나가다 봤어
태윤: 그럼 거기서 보고 2차는 가서 정하자
서준: 근데 지혜도 부를까? 걔 요즘 연락 되냐
민아: 내가 물어볼게! 아마 될걸
태윤: ㅇㅋ 그럼 일단 토요일 7시 신촌 확정
민아: 캘린더에 박아둔다 ㅋㅋ","김장 때 고무장갑 새 거 사갈게요, 작년에 다 찢어졌잖아 ㅋㅋ",v25
119,v25_alumni_1,matched_v25,적절,alumni,alumni,-,group,casual,kakao,11,"태윤: 얘들아 다음 주 토요일에 한 번 뭉치자
서준: 오 좋다 얼마 만이냐
민아: 나 그날 오후엔 되는데 저녁은 몇 시?
태윤: 7시쯤? 신촌 어때, 다 중간이잖아
서준: 신촌 ㅇㅋ 그 닭갈비집 아직 있나 ㅋㅋ
민아: 있어 ㅋㅋㅋ 지난달에 지나가다 봤어
태윤: 그럼 거기서 보고 2차는 가서 정하자
서준: 근데 지혜도 부를까? 걔 요즘 연락 되냐
민아: 내가 물어볼게! 아마 될걸
태윤: ㅇㅋ 그럼 일단 토요일 7시 신촌 확정
민아: 캘린더에 박아둔다 ㅋㅋ","닭갈비집 예약 내가 할게, 지혜 오면 5명으로 잡는다?",v25
120,v25_alumni_1,misdirect_v25,부적절,family,alumni,medium,group,casual,kakao,12,"엄마: 이번 주말에 김장할 건데 다들 몇 시에 올 수 있니
동생: 나는 토요일 아침에 갈게~
아빠: 배추는 금요일에 절여놓을게
나: 나도 토요일 오전까지 갈게요
엄마: 그래, 점심은 수육 삶아줄게
동생: 앗싸 ㅋㅋㅋ
엄마: 그리고 다음 주 아빠 생신 식당 어디로 할지 정해야 해
동생: 지난번 그 한정식집 어때? 아빠 좋아하셨잖아
나: 거기 좋았지, 내가 예약해볼게요
아빠: 비싼 데 말고 아무데나 괜찮다
엄마: 무슨 소리예요, 생신인데 ㅋㅋ
동생: 언니가 예약하면 나는 케이크 준비할게!","닭갈비집 예약 내가 할게, 지혜 오면 5명으로 잡는다?",v25
121,v25_family_2,matched_v25,적절,family,family,-,group,casual,kakao,12,"엄마: 이번 주말에 김장할 건데 다들 몇 시에 올 수 있니
동생: 나는 토요일 아침에 갈게~
아빠: 배추는 금요일에 절여놓을게
나: 나도 토요일 오전까지 갈게요
엄마: 그래, 점심은 수육 삶아줄게
동생: 앗싸 ㅋㅋㅋ
엄마: 그리고 다음 주 아빠 생신 식당 어디로 할지 정해야 해
동생: 지난번 그 한정식집 어때? 아빠 좋아하셨잖아
나: 거기 좋았지, 내가 예약해볼게요
아빠: 비싼 데 말고 아무데나 괜찮다
엄마: 무슨 소리예요, 생신인데 ㅋㅋ
동생: 언니가 예약하면 나는 케이크 준비할게!","엄마 수육 양념 좀 알려줘요, 나도 집에서 해보게",v25
122,v25_family_2,misdirect_v25,부적절,alumni,family,medium,group,casual,kakao,11,"태윤: 얘들아 다음 주 토요일에 한 번 뭉치자
서준: 오 좋다 얼마 만이냐
민아: 나 그날 오후엔 되는데 저녁은 몇 시?
태윤: 7시쯤? 신촌 어때, 다 중간이잖아
서준: 신촌 ㅇㅋ 그 닭갈비집 아직 있나 ㅋㅋ
민아: 있어 ㅋㅋㅋ 지난달에 지나가다 봤어
태윤: 그럼 거기서 보고 2차는 가서 정하자
서준: 근데 지혜도 부를까? 걔 요즘 연락 되냐
민아: 내가 물어볼게! 아마 될걸
태윤: ㅇㅋ 그럼 일단 토요일 7시 신촌 확정
민아: 캘린더에 박아둔다 ㅋㅋ","엄마 수육 양념 좀 알려줘요, 나도 집에서 해보게",v25
123,v25_alumni_2,matched_v25,적절,alumni,alumni,-,group,casual,kakao,11,"태윤: 얘들아 다음 주 토요일에 한 번 뭉치자
서준: 오 좋다 얼마 만이냐
민아: 나 그날 오후엔 되는데 저녁은 몇 시?
태윤: 7시쯤? 신촌 어때, 다 중간이잖아
서준: 신촌 ㅇㅋ 그 닭갈비집 아직 있나 ㅋㅋ
민아: 있어 ㅋㅋㅋ 지난달에 지나가다 봤어
태윤: 그럼 거기서 보고 2차는 가서 정하자
서준: 근데 지혜도 부를까? 걔 요즘 연락 되냐
민아: 내가 물어볼게! 아마 될걸
태윤: ㅇㅋ 그럼 일단 토요일 7시 신촌 확정
민아: 캘린더에 박아둔다 ㅋㅋ",지혜 온대?? 오면 진짜 완전체다 ㅋㅋㅋ,v25
124,v25_alumni_2,misdirect_v25,부적절,family,alumni,medium,group,casual,kakao,12,"엄마: 이번 주말에 김장할 건데 다들 몇 시에 올 수 있니
동생: 나는 토요일 아침에 갈게~
아빠: 배추는 금요일에 절여놓을게
나: 나도 토요일 오전까지 갈게요
엄마: 그래, 점심은 수육 삶아줄게
동생: 앗싸 ㅋㅋㅋ
엄마: 그리고 다음 주 아빠 생신 식당 어디로 할지 정해야 해
동생: 지난번 그 한정식집 어때? 아빠 좋아하셨잖아
나: 거기 좋았지, 내가 예약해볼게요
아빠: 비싼 데 말고 아무데나 괜찮다
엄마: 무슨 소리예요, 생신인데 ㅋㅋ
동생: 언니가 예약하면 나는 케이크 준비할게!",지혜 온대?? 오면 진짜 완전체다 ㅋㅋㅋ,v25
125,v25_family_3,matched_v25,적절,family,family,-,group,casual,kakao,12,"엄마: 이번 주말에 김장할 건데 다들 몇 시에 올 수 있니
동생: 나는 토요일 아침에 갈게~
아빠: 배추는 금요일에 절여놓을게
나: 나도 토요일 오전까지 갈게요
엄마: 그래, 점심은 수육 삶아줄게
동생: 앗싸 ㅋㅋㅋ
엄마: 그리고 다음 주 아빠 생신 식당 어디로 할지 정해야 해
동생: 지난번 그 한정식집 어때? 아빠 좋아하셨잖아
나: 거기 좋았지, 내가 예약해볼게요
아빠: 비싼 데 말고 아무데나 괜찮다
엄마: 무슨 소리예요, 생신인데 ㅋㅋ
동생: 언니가 예약하면 나는 케이크 준비할게!",토요일에 남는 김치통 두 개 가져갈게요,v25
126,v25_family_3,misdirect_v25,부적절,alumni,family,medium,group,casual,kakao,11,"태윤: 얘들아 다음 주 토요일에 한 번 뭉치자
서준: 오 좋다 얼마 만이냐
민아: 나 그날 오후엔 되는데 저녁은 몇 시?
태윤: 7시쯤? 신촌 어때, 다 중간이잖아
서준: 신촌 ㅇㅋ 그 닭갈비집 아직 있나 ㅋㅋ
민아: 있어 ㅋㅋㅋ 지난달에 지나가다 봤어
태윤: 그럼 거기서 보고 2차는 가서 정하자
서준: 근데 지혜도 부를까? 걔 요즘 연락 되냐
민아: 내가 물어볼게! 아마 될걸
태윤: ㅇㅋ 그럼 일단 토요일 7시 신촌 확정
민아: 캘린더에 박아둔다 ㅋㅋ",토요일에 남는 김치통 두 개 가져갈게요,v25
127,v25_alumni_3,matched_v25,적절,alumni,alumni,-,group,casual,kakao,11,"태윤: 얘들아 다음 주 토요일에 한 번 뭉치자
서준: 오 좋다 얼마 만이냐
민아: 나 그날 오후엔 되는데 저녁은 몇 시?
태윤: 7시쯤? 신촌 어때, 다 중간이잖아
서준: 신촌 ㅇㅋ 그 닭갈비집 아직 있나 ㅋㅋ
민아: 있어 ㅋㅋㅋ 지난달에 지나가다 봤어
태윤: 그럼 거기서 보고 2차는 가서 정하자
서준: 근데 지혜도 부를까? 걔 요즘 연락 되냐
민아: 내가 물어볼게! 아마 될걸
태윤: ㅇㅋ 그럼 일단 토요일 7시 신촌 확정
민아: 캘린더에 박아둔다 ㅋㅋ",2차는 닭갈비집 앞 볼링장 어때 ㅋㅋ 오랜만에 치자,v25
128,v25_alumni_3,misdirect_v25,부적절,family,alumni,medium,group,casual,kakao,12,"엄마: 이번 주말에 김장할 건데 다들 몇 시에 올 수 있니
동생: 나는 토요일 아침에 갈게~
아빠: 배추는 금요일에 절여놓을게
나: 나도 토요일 오전까지 갈게요
엄마: 그래, 점심은 수육 삶아줄게
동생: 앗싸 ㅋㅋㅋ
엄마: 그리고 다음 주 아빠 생신 식당 어디로 할지 정해야 해
동생: 지난번 그 한정식집 어때? 아빠 좋아하셨잖아
나: 거기 좋았지, 내가 예약해볼게요
아빠: 비싼 데 말고 아무데나 괜찮다
엄마: 무슨 소리예요, 생신인데 ㅋㅋ
동생: 언니가 예약하면 나는 케이크 준비할게!",2차는 닭갈비집 앞 볼링장 어때 ㅋㅋ 오랜만에 치자,v25
129,v25_family_4,matched_v25,적절,family,family,-,group,casual,kakao,12,"엄마: 이번 주말에 김장할 건데 다들 몇 시에 올 수 있니
동생: 나는 토요일 아침에 갈게~
아빠: 배추는 금요일에 절여놓을게
나: 나도 토요일 오전까지 갈게요
엄마: 그래, 점심은 수육 삶아줄게
동생: 앗싸 ㅋㅋㅋ
엄마: 그리고 다음 주 아빠 생신 식당 어디로 할지 정해야 해
동생: 지난번 그 한정식집 어때? 아빠 좋아하셨잖아
나: 거기 좋았지, 내가 예약해볼게요
아빠: 비싼 데 말고 아무데나 괜찮다
엄마: 무슨 소리예요, 생신인데 ㅋㅋ
동생: 언니가 예약하면 나는 케이크 준비할게!","아빠 생신 선물은 동생이랑 같이 준비하기로 했어요, 기대하세요 ㅋㅋ",v25
130,v25_family_4,misdirect_v25,부적절,alumni,family,medium,group,casual,kakao,11,"태윤: 얘들아 다음 주 토요일에 한 번 뭉치자
서준: 오 좋다 얼마 만이냐
민아: 나 그날 오후엔 되는데 저녁은 몇 시?
태윤: 7시쯤? 신촌 어때, 다 중간이잖아
서준: 신촌 ㅇㅋ 그 닭갈비집 아직 있나 ㅋㅋ
민아: 있어 ㅋㅋㅋ 지난달에 지나가다 봤어
태윤: 그럼 거기서 보고 2차는 가서 정하자
서준: 근데 지혜도 부를까? 걔 요즘 연락 되냐
민아: 내가 물어볼게! 아마 될걸
태윤: ㅇㅋ 그럼 일단 토요일 7시 신촌 확정
민아: 캘린더에 박아둔다 ㅋㅋ","아빠 생신 선물은 동생이랑 같이 준비하기로 했어요, 기대하세요 ㅋㅋ",v25
131,v25_alumni_4,matched_v25,적절,alumni,alumni,-,group,casual,kakao,11,"태윤: 얘들아 다음 주 토요일에 한 번 뭉치자
서준: 오 좋다 얼마 만이냐
민아: 나 그날 오후엔 되는데 저녁은 몇 시?
태윤: 7시쯤? 신촌 어때, 다 중간이잖아
서준: 신촌 ㅇㅋ 그 닭갈비집 아직 있나 ㅋㅋ
민아: 있어 ㅋㅋㅋ 지난달에 지나가다 봤어
태윤: 그럼 거기서 보고 2차는 가서 정하자
서준: 근데 지혜도 부를까? 걔 요즘 연락 되냐
민아: 내가 물어볼게! 아마 될걸
태윤: ㅇㅋ 그럼 일단 토요일 7시 신촌 확정
민아: 캘린더에 박아둔다 ㅋㅋ",나 폴라로이드 들고 간다 ㅋㅋ 고3 때처럼 단체샷 찍자,v25
132,v25_alumni_4,misdirect_v25,부적절,family,alumni,medium,group,casual,kakao,12,"엄마: 이번 주말에 김장할 건데 다들 몇 시에 올 수 있니
동생: 나는 토요일 아침에 갈게~
아빠: 배추는 금요일에 절여놓을게
나: 나도 토요일 오전까지 갈게요
엄마: 그래, 점심은 수육 삶아줄게
동생: 앗싸 ㅋㅋㅋ
엄마: 그리고 다음 주 아빠 생신 식당 어디로 할지 정해야 해
동생: 지난번 그 한정식집 어때? 아빠 좋아하셨잖아
나: 거기 좋았지, 내가 예약해볼게요
아빠: 비싼 데 말고 아무데나 괜찮다
엄마: 무슨 소리예요, 생신인데 ㅋㅋ
동생: 언니가 예약하면 나는 케이크 준비할게!",나 폴라로이드 들고 간다 ㅋㅋ 고3 때처럼 단체샷 찍자,v25
133,v25_family_5,matched_v25,적절,family,family,-,group,casual,kakao,12,"엄마: 이번 주말에 김장할 건데 다들 몇 시에 올 수 있니
동생: 나는 토요일 아침에 갈게~
아빠: 배추는 금요일에 절여놓을게
나: 나도 토요일 오전까지 갈게요
엄마: 그래, 점심은 수육 삶아줄게
동생: 앗싸 ㅋㅋㅋ
엄마: 그리고 다음 주 아빠 생신 식당 어디로 할지 정해야 해
동생: 지난번 그 한정식집 어때? 아빠 좋아하셨잖아
나: 거기 좋았지, 내가 예약해볼게요
아빠: 비싼 데 말고 아무데나 괜찮다
엄마: 무슨 소리예요, 생신인데 ㅋㅋ
동생: 언니가 예약하면 나는 케이크 준비할게!",금요일에 배추 절이는 거 도와드리러 저녁에 잠깐 들를게요,v25
134,v25_family_5,misdirect_v25,부적절,alumni,family,medium,group,casual,kakao,11,"태윤: 얘들아 다음 주 토요일에 한 번 뭉치자
서준: 오 좋다 얼마 만이냐
민아: 나 그날 오후엔 되는데 저녁은 몇 시?
태윤: 7시쯤? 신촌 어때, 다 중간이잖아
서준: 신촌 ㅇㅋ 그 닭갈비집 아직 있나 ㅋㅋ
민아: 있어 ㅋㅋㅋ 지난달에 지나가다 봤어
태윤: 그럼 거기서 보고 2차는 가서 정하자
서준: 근데 지혜도 부를까? 걔 요즘 연락 되냐
민아: 내가 물어볼게! 아마 될걸
태윤: ㅇㅋ 그럼 일단 토요일 7시 신촌 확정
민아: 캘린더에 박아둔다 ㅋㅋ",금요일에 배추 절이는 거 도와드리러 저녁에 잠깐 들를게요,v25
135,v25_alumni_5,matched_v25,적절,alumni,alumni,-,group,casual,kakao,11,"태윤: 얘들아 다음 주 토요일에 한 번 뭉치자
서준: 오 좋다 얼마 만이냐
민아: 나 그날 오후엔 되는데 저녁은 몇 시?
태윤: 7시쯤? 신촌 어때, 다 중간이잖아
서준: 신촌 ㅇㅋ 그 닭갈비집 아직 있나 ㅋㅋ
민아: 있어 ㅋㅋㅋ 지난달에 지나가다 봤어
태윤: 그럼 거기서 보고 2차는 가서 정하자
서준: 근데 지혜도 부를까? 걔 요즘 연락 되냐
민아: 내가 물어볼게! 아마 될걸
태윤: ㅇㅋ 그럼 일단 토요일 7시 신촌 확정
민아: 캘린더에 박아둔다 ㅋㅋ",신촌역 3번 출구에서 6시 50분에 만나서 같이 들어가자,v25
136,v25_alumni_5,misdirect_v25,부적절,family,alumni,medium,group,casual,kakao,12,"엄마: 이번 주말에 김장할 건데 다들 몇 시에 올 수 있니
동생: 나는 토요일 아침에 갈게~
아빠: 배추는 금요일에 절여놓을게
나: 나도 토요일 오전까지 갈게요
엄마: 그래, 점심은 수육 삶아줄게
동생: 앗싸 ㅋㅋㅋ
엄마: 그리고 다음 주 아빠 생신 식당 어디로 할지 정해야 해
동생: 지난번 그 한정식집 어때? 아빠 좋아하셨잖아
나: 거기 좋았지, 내가 예약해볼게요
아빠: 비싼 데 말고 아무데나 괜찮다
엄마: 무슨 소리예요, 생신인데 ㅋㅋ
동생: 언니가 예약하면 나는 케이크 준비할게!",신촌역 3번 출구에서 6시 50분에 만나서 같이 들어가자,v25
137,v25_family_6,matched_v25,적절,family,family,-,group,casual,kakao,12,"엄마: 이번 주말에 김장할 건데 다들 몇 시에 올 수 있니
동생: 나는 토요일 아침에 갈게~
아빠: 배추는 금요일에 절여놓을게
나: 나도 토요일 오전까지 갈게요
엄마: 그래, 점심은 수육 삶아줄게
동생: 앗싸 ㅋㅋㅋ
엄마: 그리고 다음 주 아빠 생신 식당 어디로 할지 정해야 해
동생: 지난번 그 한정식집 어때? 아빠 좋아하셨잖아
나: 거기 좋았지, 내가 예약해볼게요
아빠: 비싼 데 말고 아무데나 괜찮다
엄마: 무슨 소리예요, 생신인데 ㅋㅋ
동생: 언니가 예약하면 나는 케이크 준비할게!",케이크는 동생이 한다니까 나는 생신 때 꽃 사갈게 ㅋㅋ,v25
138,v25_family_6,misdirect_v25,부적절,alumni,family,medium,group,casual,kakao,11,"태윤: 얘들아 다음 주 토요일에 한 번 뭉치자
서준: 오 좋다 얼마 만이냐
민아: 나 그날 오후엔 되는데 저녁은 몇 시?
태윤: 7시쯤? 신촌 어때, 다 중간이잖아
서준: 신촌 ㅇㅋ 그 닭갈비집 아직 있나 ㅋㅋ
민아: 있어 ㅋㅋㅋ 지난달에 지나가다 봤어
태윤: 그럼 거기서 보고 2차는 가서 정하자
서준: 근데 지혜도 부를까? 걔 요즘 연락 되냐
민아: 내가 물어볼게! 아마 될걸
태윤: ㅇㅋ 그럼 일단 토요일 7시 신촌 확정
민아: 캘린더에 박아둔다 ㅋㅋ",케이크는 동생이 한다니까 나는 생신 때 꽃 사갈게 ㅋㅋ,v25
139,v25_alumni_6,matched_v25,적절,alumni,alumni,-,group,casual,kakao,11,"태윤: 얘들아 다음 주 토요일에 한 번 뭉치자
서준: 오 좋다 얼마 만이냐
민아: 나 그날 오후엔 되는데 저녁은 몇 시?
태윤: 7시쯤? 신촌 어때, 다 중간이잖아
서준: 신촌 ㅇㅋ 그 닭갈비집 아직 있나 ㅋㅋ
민아: 있어 ㅋㅋㅋ 지난달에 지나가다 봤어
태윤: 그럼 거기서 보고 2차는 가서 정하자
서준: 근데 지혜도 부를까? 걔 요즘 연락 되냐
민아: 내가 물어볼게! 아마 될걸
태윤: ㅇㅋ 그럼 일단 토요일 7시 신촌 확정
민아: 캘린더에 박아둔다 ㅋㅋ",이번에 모이면 겨울에 당일치기 여행 가는 것도 얘기해보자,v25
140,v25_alumni_6,misdirect_v25,부적절,family,alumni,medium,group,casual,kakao,12,"엄마: 이번 주말에 김장할 건데 다들 몇 시에 올 수 있니
동생: 나는 토요일 아침에 갈게~
아빠: 배추는 금요일에 절여놓을게
나: 나도 토요일 오전까지 갈게요
엄마: 그래, 점심은 수육 삶아줄게
동생: 앗싸 ㅋㅋㅋ
엄마: 그리고 다음 주 아빠 생신 식당 어디로 할지 정해야 해
동생: 지난번 그 한정식집 어때? 아빠 좋아하셨잖아
나: 거기 좋았지, 내가 예약해볼게요
아빠: 비싼 데 말고 아무데나 괜찮다
엄마: 무슨 소리예요, 생신인데 ㅋㅋ
동생: 언니가 예약하면 나는 케이크 준비할게!",이번에 모이면 겨울에 당일치기 여행 가는 것도 얘기해보자,v25
141,v25_bff_0,matched_v25,적절,bff,bff,-,1:1,casual,kakao,12,"하늘: 야 소개팅남한테 답장 왔어!!!
나: ㅋㅋㅋㅋ 뭐래뭐래
하늘: 주말에 시간 되냐고 물어봄
나: 오 적극적인데? 너는 저번에 만나보니 어땠어
하늘: 대화는 잘 통했어, 근데 확신이 안 서 ㅠㅠ
나: 두 번은 만나봐야 알지, 첫 만남으로 어케 알아 ㅋㅋ
하늘: 그치?? 근데 주말에 보자는 건 좀 빠른가
나: 빠르긴 뭐가 빨라, 좋으니까 보자는 거지
하늘: 아 몰라 떨려 ㅋㅋㅋ 뭐라고 답하지
나: 솔직하게 토요일 좋다고 해~
하늘: ㅇㅋ 보낸다?? 보냈어!!
하늘: 헐 바로 답장 옴, 토요일 2시에 성수동에서 보재!! 나 뭐 입지 진짜",성수동이면 그 편집샵 거리네 ㅋㅋ 저번에 산 초록 원피스 입어,v25
142,v25_bff_0,misdirect_v25,부적절,bro,bff,medium,1:1,casual,kakao,11,"형: 야 너 자취방 에어컨 고쳤냐
나: 아직 ㅠㅠ 주인아저씨한테 말했는데 감감무소식
형: 이 더위에 그게 뭐냐 ㅋㅋ 빨리 다시 연락해봐
나: 오늘 다시 전화해보려고
형: 안 되면 엄마한테 말해, 계약서에 수리 의무 있을걸
나: ㅇㅋ 확인해볼게
형: 다음 주에 본가 올 거지? 엄마가 물어보시던데
나: 가야지, 토요일에 가려고
형: 잘됐네 나도 토요일에 가. 같이 저녁 먹겠다
형: 올 때 엄마 안경 새로 한 거 갖다드려야 해서 너한테 맡길게
형: 금요일에 퀵으로 보낼 테니까 받으면 톡 줘",성수동이면 그 편집샵 거리네 ㅋㅋ 저번에 산 초록 원피스 입어,v25
143,v25_bro_0,matched_v25,적절,bro,bro,-,1:1,casual,kakao,11,"형: 야 너 자취방 에어컨 고쳤냐
나: 아직 ㅠㅠ 주인아저씨한테 말했는데 감감무소식
형: 이 더위에 그게 뭐냐 ㅋㅋ 빨리 다시 연락해봐
나: 오늘 다시 전화해보려고
형: 안 되면 엄마한테 말해, 계약서에 수리 의무 있을걸
나: ㅇㅋ 확인해볼게
형: 다음 주에 본가 올 거지? 엄마가 물어보시던데
나: 가야지, 토요일에 가려고
형: 잘됐네 나도 토요일에 가. 같이 저녁 먹겠다
형: 올 때 엄마 안경 새로 한 거 갖다드려야 해서 너한테 맡길게
형: 금요일에 퀵으로 보낼 테니까 받으면 톡 줘",주인아저씨한테 다시 전화했더니 내일 에어컨 기사님 보내준대 ㅋㅋ 드디어,v25
144,v25_bro_0,misdirect_v25,부적절,bff,bro,medium,1:1,casual,kakao,12,"하늘: 야 소개팅남한테 답장 왔어!!!
나: ㅋㅋㅋㅋ 뭐래뭐래
하늘: 주말에 시간 되냐고 물어봄
나: 오 적극적인데? 너는 저번에 만나보니 어땠어
하늘: 대화는 잘 통했어, 근데 확신이 안 서 ㅠㅠ
나: 두 번은 만나봐야 알지, 첫 만남으로 어케 알아 ㅋㅋ
하늘: 그치?? 근데 주말에 보자는 건 좀 빠른가
나: 빠르긴 뭐가 빨라, 좋으니까 보자는 거지
하늘: 아 몰라 떨려 ㅋㅋㅋ 뭐라고 답하지
나: 솔직하게 토요일 좋다고 해~
하늘: ㅇㅋ 보낸다?? 보냈어!!
하늘: 헐 바로 답장 옴, 토요일 2시에 성수동에서 보재!! 나 뭐 입지 진짜",주인아저씨한테 다시 전화했더니 내일 에어컨 기사님 보내준대 ㅋㅋ 드디어,v25
145,v25_bff_1,matched_v25,적절,bff,bff,-,1:1,casual,kakao,12,"하늘: 야 소개팅남한테 답장 왔어!!!
나: ㅋㅋㅋㅋ 뭐래뭐래
하늘: 주말에 시간 되냐고 물어봄
나: 오 적극적인데? 너는 저번에 만나보니 어땠어
하늘: 대화는 잘 통했어, 근데 확신이 안 서 ㅠㅠ
나: 두 번은 만나봐야 알지, 첫 만남으로 어케 알아 ㅋㅋ
하늘: 그치?? 근데 주말에 보자는 건 좀 빠른가
나: 빠르긴 뭐가 빨라, 좋으니까 보자는 거지
하늘: 아 몰라 떨려 ㅋㅋㅋ 뭐라고 답하지
나: 솔직하게 토요일 좋다고 해~
하늘: ㅇㅋ 보낸다?? 보냈어!!
하늘: 헐 바로 답장 옴, 토요일 2시에 성수동에서 보재!! 나 뭐 입지 진짜",떨지 말고 소개팅남한테 질문 많이 해~ 너 긴장하면 말 빨라지는 거 알지 ㅋㅋ,v25
146,v25_bff_1,misdirect_v25,부적절,bro,bff,medium,1:1,casual,kakao,11,"형: 야 너 자취방 에어컨 고쳤냐
나: 아직 ㅠㅠ 주인아저씨한테 말했는데 감감무소식
형: 이 더위에 그게 뭐냐 ㅋㅋ 빨리 다시 연락해봐
나: 오늘 다시 전화해보려고
형: 안 되면 엄마한테 말해, 계약서에 수리 의무 있을걸
나: ㅇㅋ 확인해볼게
형: 다음 주에 본가 올 거지? 엄마가 물어보시던데
나: 가야지, 토요일에 가려고
형: 잘됐네 나도 토요일에 가. 같이 저녁 먹겠다
형: 올 때 엄마 안경 새로 한 거 갖다드려야 해서 너한테 맡길게
형: 금요일에 퀵으로 보낼 테니까 받으면 톡 줘",떨지 말고 소개팅남한테 질문 많이 해~ 너 긴장하면 말 빨라지는 거 알지 ㅋㅋ,v25
147,v25_bro_1,matched_v25,적절,bro,bro,-,1:1,casual,kakao,11,"형: 야 너 자취방 에어컨 고쳤냐
나: 아직 ㅠㅠ 주인아저씨한테 말했는데 감감무소식
형: 이 더위에 그게 뭐냐 ㅋㅋ 빨리 다시 연락해봐
나: 오늘 다시 전화해보려고
형: 안 되면 엄마한테 말해, 계약서에 수리 의무 있을걸
나: ㅇㅋ 확인해볼게
형: 다음 주에 본가 올 거지? 엄마가 물어보시던데
나: 가야지, 토요일에 가려고
형: 잘됐네 나도 토요일에 가. 같이 저녁 먹겠다
형: 올 때 엄마 안경 새로 한 거 갖다드려야 해서 너한테 맡길게
형: 금요일에 퀵으로 보낼 테니까 받으면 톡 줘","퀵 도착했어, 엄마 안경 잘 받아뒀음. 토요일에 갖고 갈게",v25
148,v25_bro_1,misdirect_v25,부적절,bff,bro,medium,1:1,casual,kakao,12,"하늘: 야 소개팅남한테 답장 왔어!!!
나: ㅋㅋㅋㅋ 뭐래뭐래
하늘: 주말에 시간 되냐고 물어봄
나: 오 적극적인데? 너는 저번에 만나보니 어땠어
하늘: 대화는 잘 통했어, 근데 확신이 안 서 ㅠㅠ
나: 두 번은 만나봐야 알지, 첫 만남으로 어케 알아 ㅋㅋ
하늘: 그치?? 근데 주말에 보자는 건 좀 빠른가
나: 빠르긴 뭐가 빨라, 좋으니까 보자는 거지
하늘: 아 몰라 떨려 ㅋㅋㅋ 뭐라고 답하지
나: 솔직하게 토요일 좋다고 해~
하늘: ㅇㅋ 보낸다?? 보냈어!!
하늘: 헐 바로 답장 옴, 토요일 2시에 성수동에서 보재!! 나 뭐 입지 진짜","퀵 도착했어, 엄마 안경 잘 받아뒀음. 토요일에 갖고 갈게",v25
149,v25_bff_2,matched_v25,적절,bff,bff,-,1:1,casual,kakao,12,"하늘: 야 소개팅남한테 답장 왔어!!!
나: ㅋㅋㅋㅋ 뭐래뭐래
하늘: 주말에 시간 되냐고 물어봄
나: 오 적극적인데? 너는 저번에 만나보니 어땠어
하늘: 대화는 잘 통했어, 근데 확신이 안 서 ㅠㅠ
나: 두 번은 만나봐야 알지, 첫 만남으로 어케 알아 ㅋㅋ
하늘: 그치?? 근데 주말에 보자는 건 좀 빠른가
나: 빠르긴 뭐가 빨라, 좋으니까 보자는 거지
하늘: 아 몰라 떨려 ㅋㅋㅋ 뭐라고 답하지
나: 솔직하게 토요일 좋다고 해~
하늘: ㅇㅋ 보낸다?? 보냈어!!
하늘: 헐 바로 답장 옴, 토요일 2시에 성수동에서 보재!! 나 뭐 입지 진짜","소개팅 끝나고 바로 나한테 전화해, 후기 들어야 됨 ㅋㅋㅋ",v25
150,v25_bff_2,misdirect_v25,부적절,bro,bff,medium,1:1,casual,kakao,11,"형: 야 너 자취방 에어컨 고쳤냐
나: 아직 ㅠㅠ 주인아저씨한테 말했는데 감감무소식
형: 이 더위에 그게 뭐냐 ㅋㅋ 빨리 다시 연락해봐
나: 오늘 다시 전화해보려고
형: 안 되면 엄마한테 말해, 계약서에 수리 의무 있을걸
나: ㅇㅋ 확인해볼게
형: 다음 주에 본가 올 거지? 엄마가 물어보시던데
나: 가야지, 토요일에 가려고
형: 잘됐네 나도 토요일에 가. 같이 저녁 먹겠다
형: 올 때 엄마 안경 새로 한 거 갖다드려야 해서 너한테 맡길게
형: 금요일에 퀵으로 보낼 테니까 받으면 톡 줘","소개팅 끝나고 바로 나한테 전화해, 후기 들어야 됨 ㅋㅋㅋ",v25
151,v25_bro_2,matched_v25,적절,bro,bro,-,1:1,casual,kakao,11,"형: 야 너 자취방 에어컨 고쳤냐
나: 아직 ㅠㅠ 주인아저씨한테 말했는데 감감무소식
형: 이 더위에 그게 뭐냐 ㅋㅋ 빨리 다시 연락해봐
나: 오늘 다시 전화해보려고
형: 안 되면 엄마한테 말해, 계약서에 수리 의무 있을걸
나: ㅇㅋ 확인해볼게
형: 다음 주에 본가 올 거지? 엄마가 물어보시던데
나: 가야지, 토요일에 가려고
형: 잘됐네 나도 토요일에 가. 같이 저녁 먹겠다
형: 올 때 엄마 안경 새로 한 거 갖다드려야 해서 너한테 맡길게
형: 금요일에 퀵으로 보낼 테니까 받으면 톡 줘",토요일 본가 몇 시에 출발해? 시간 맞으면 터미널에서 같이 가자,v25
152,v25_bro_2,misdirect_v25,부적절,bff,bro,medium,1:1,casual,kakao,12,"하늘: 야 소개팅남한테 답장 왔어!!!
나: ㅋㅋㅋㅋ 뭐래뭐래
하늘: 주말에 시간 되냐고 물어봄
나: 오 적극적인데? 너는 저번에 만나보니 어땠어
하늘: 대화는 잘 통했어, 근데 확신이 안 서 ㅠㅠ
나: 두 번은 만나봐야 알지, 첫 만남으로 어케 알아 ㅋㅋ
하늘: 그치?? 근데 주말에 보자는 건 좀 빠른가
나: 빠르긴 뭐가 빨라, 좋으니까 보자는 거지
하늘: 아 몰라 떨려 ㅋㅋㅋ 뭐라고 답하지
나: 솔직하게 토요일 좋다고 해~
하늘: ㅇㅋ 보낸다?? 보냈어!!
하늘: 헐 바로 답장 옴, 토요일 2시에 성수동에서 보재!! 나 뭐 입지 진짜",토요일 본가 몇 시에 출발해? 시간 맞으면 터미널에서 같이 가자,v25
153,v25_bff_3,matched_v25,적절,bff,bff,-,1:1,casual,kakao,12,"하늘: 야 소개팅남한테 답장 왔어!!!
나: ㅋㅋㅋㅋ 뭐래뭐래
하늘: 주말에 시간 되냐고 물어봄
나: 오 적극적인데? 너는 저번에 만나보니 어땠어
하늘: 대화는 잘 통했어, 근데 확신이 안 서 ㅠㅠ
나: 두 번은 만나봐야 알지, 첫 만남으로 어케 알아 ㅋㅋ
하늘: 그치?? 근데 주말에 보자는 건 좀 빠른가
나: 빠르긴 뭐가 빨라, 좋으니까 보자는 거지
하늘: 아 몰라 떨려 ㅋㅋㅋ 뭐라고 답하지
나: 솔직하게 토요일 좋다고 해~
하늘: ㅇㅋ 보낸다?? 보냈어!!
하늘: 헐 바로 답장 옴, 토요일 2시에 성수동에서 보재!! 나 뭐 입지 진짜",토요일 잘되면 다음 주에 우리 만나서 자세히 풀어놔라 ㅋㅋ,v25
154,v25_bff_3,misdirect_v25,부적절,bro,bff,medium,1:1,casual,kakao,11,"형: 야 너 자취방 에어컨 고쳤냐
나: 아직 ㅠㅠ 주인아저씨한테 말했는데 감감무소식
형: 이 더위에 그게 뭐냐 ㅋㅋ 빨리 다시 연락해봐
나: 오늘 다시 전화해보려고
형: 안 되면 엄마한테 말해, 계약서에 수리 의무 있을걸
나: ㅇㅋ 확인해볼게
형: 다음 주에 본가 올 거지? 엄마가 물어보시던데
나: 가야지, 토요일에 가려고
형: 잘됐네 나도 토요일에 가. 같이 저녁 먹겠다
형: 올 때 엄마 안경 새로 한 거 갖다드려야 해서 너한테 맡길게
형: 금요일에 퀵으로 보낼 테니까 받으면 톡 줘",토요일 잘되면 다음 주에 우리 만나서 자세히 풀어놔라 ㅋㅋ,v25
155,v25_bro_3,matched_v25,적절,bro,bro,-,1:1,casual,kakao,11,"형: 야 너 자취방 에어컨 고쳤냐
나: 아직 ㅠㅠ 주인아저씨한테 말했는데 감감무소식
형: 이 더위에 그게 뭐냐 ㅋㅋ 빨리 다시 연락해봐
나: 오늘 다시 전화해보려고
형: 안 되면 엄마한테 말해, 계약서에 수리 의무 있을걸
나: ㅇㅋ 확인해볼게
형: 다음 주에 본가 올 거지? 엄마가 물어보시던데
나: 가야지, 토요일에 가려고
형: 잘됐네 나도 토요일에 가. 같이 저녁 먹겠다
형: 올 때 엄마 안경 새로 한 거 갖다드려야 해서 너한테 맡길게
형: 금요일에 퀵으로 보낼 테니까 받으면 톡 줘","계약서 봤는데 수리 의무 집주인한테 있더라, 문자로 박아뒀어 ㅋㅋ",v25
156,v25_bro_3,misdirect_v25,부적절,bff,bro,medium,1:1,casual,kakao,12,"하늘: 야 소개팅남한테 답장 왔어!!!
나: ㅋㅋㅋㅋ 뭐래뭐래
하늘: 주말에 시간 되냐고 물어봄
나: 오 적극적인데? 너는 저번에 만나보니 어땠어
하늘: 대화는 잘 통했어, 근데 확신이 안 서 ㅠㅠ
나: 두 번은 만나봐야 알지, 첫 만남으로 어케 알아 ㅋㅋ
하늘: 그치?? 근데 주말에 보자는 건 좀 빠른가
나: 빠르긴 뭐가 빨라, 좋으니까 보자는 거지
하늘: 아 몰라 떨려 ㅋㅋㅋ 뭐라고 답하지
나: 솔직하게 토요일 좋다고 해~
하늘: ㅇㅋ 보낸다?? 보냈어!!
하늘: 헐 바로 답장 옴, 토요일 2시에 성수동에서 보재!! 나 뭐 입지 진짜","계약서 봤는데 수리 의무 집주인한테 있더라, 문자로 박아뒀어 ㅋㅋ",v25
157,v25_bff_4,matched_v25,적절,bff,bff,-,1:1,casual,kakao,12,"하늘: 야 소개팅남한테 답장 왔어!!!
나: ㅋㅋㅋㅋ 뭐래뭐래
하늘: 주말에 시간 되냐고 물어봄
나: 오 적극적인데? 너는 저번에 만나보니 어땠어
하늘: 대화는 잘 통했어, 근데 확신이 안 서 ㅠㅠ
나: 두 번은 만나봐야 알지, 첫 만남으로 어케 알아 ㅋㅋ
하늘: 그치?? 근데 주말에 보자는 건 좀 빠른가
나: 빠르긴 뭐가 빨라, 좋으니까 보자는 거지
하늘: 아 몰라 떨려 ㅋㅋㅋ 뭐라고 답하지
나: 솔직하게 토요일 좋다고 해~
하늘: ㅇㅋ 보낸다?? 보냈어!!
하늘: 헐 바로 답장 옴, 토요일 2시에 성수동에서 보재!! 나 뭐 입지 진짜","그 사람 인스타 다시 보내줘봐, 이 언니가 관상 봐줄게 ㅋㅋㅋ",v25
158,v25_bff_4,misdirect_v25,부적절,bro,bff,medium,1:1,casual,kakao,11,"형: 야 너 자취방 에어컨 고쳤냐
나: 아직 ㅠㅠ 주인아저씨한테 말했는데 감감무소식
형: 이 더위에 그게 뭐냐 ㅋㅋ 빨리 다시 연락해봐
나: 오늘 다시 전화해보려고
형: 안 되면 엄마한테 말해, 계약서에 수리 의무 있을걸
나: ㅇㅋ 확인해볼게
형: 다음 주에 본가 올 거지? 엄마가 물어보시던데
나: 가야지, 토요일에 가려고
형: 잘됐네 나도 토요일에 가. 같이 저녁 먹겠다
형: 올 때 엄마 안경 새로 한 거 갖다드려야 해서 너한테 맡길게
형: 금요일에 퀵으로 보낼 테니까 받으면 톡 줘","그 사람 인스타 다시 보내줘봐, 이 언니가 관상 봐줄게 ㅋㅋㅋ",v25
159,v25_bro_4,matched_v25,적절,bro,bro,-,1:1,casual,kakao,11,"형: 야 너 자취방 에어컨 고쳤냐
나: 아직 ㅠㅠ 주인아저씨한테 말했는데 감감무소식
형: 이 더위에 그게 뭐냐 ㅋㅋ 빨리 다시 연락해봐
나: 오늘 다시 전화해보려고
형: 안 되면 엄마한테 말해, 계약서에 수리 의무 있을걸
나: ㅇㅋ 확인해볼게
형: 다음 주에 본가 올 거지? 엄마가 물어보시던데
나: 가야지, 토요일에 가려고
형: 잘됐네 나도 토요일에 가. 같이 저녁 먹겠다
형: 올 때 엄마 안경 새로 한 거 갖다드려야 해서 너한테 맡길게
형: 금요일에 퀵으로 보낼 테니까 받으면 톡 줘",본가 갈 때 수박 하나 사갈까? 형이랑 반반 내자,v25
160,v25_bro_4,misdirect_v25,부적절,bff,bro,medium,1:1,casual,kakao,12,"하늘: 야 소개팅남한테 답장 왔어!!!
나: ㅋㅋㅋㅋ 뭐래뭐래
하늘: 주말에 시간 되냐고 물어봄
나: 오 적극적인데? 너는 저번에 만나보니 어땠어
하늘: 대화는 잘 통했어, 근데 확신이 안 서 ㅠㅠ
나: 두 번은 만나봐야 알지, 첫 만남으로 어케 알아 ㅋㅋ
하늘: 그치?? 근데 주말에 보자는 건 좀 빠른가
나: 빠르긴 뭐가 빨라, 좋으니까 보자는 거지
하늘: 아 몰라 떨려 ㅋㅋㅋ 뭐라고 답하지
나: 솔직하게 토요일 좋다고 해~
하늘: ㅇㅋ 보낸다?? 보냈어!!
하늘: 헐 바로 답장 옴, 토요일 2시에 성수동에서 보재!! 나 뭐 입지 진짜",본가 갈 때 수박 하나 사갈까? 형이랑 반반 내자,v25
161,v25_bff_5,matched_v25,적절,bff,bff,-,1:1,casual,kakao,12,"하늘: 야 소개팅남한테 답장 왔어!!!
나: ㅋㅋㅋㅋ 뭐래뭐래
하늘: 주말에 시간 되냐고 물어봄
나: 오 적극적인데? 너는 저번에 만나보니 어땠어
하늘: 대화는 잘 통했어, 근데 확신이 안 서 ㅠㅠ
나: 두 번은 만나봐야 알지, 첫 만남으로 어케 알아 ㅋㅋ
하늘: 그치?? 근데 주말에 보자는 건 좀 빠른가
나: 빠르긴 뭐가 빨라, 좋으니까 보자는 거지
하늘: 아 몰라 떨려 ㅋㅋㅋ 뭐라고 답하지
나: 솔직하게 토요일 좋다고 해~
하늘: ㅇㅋ 보낸다?? 보냈어!!
하늘: 헐 바로 답장 옴, 토요일 2시에 성수동에서 보재!! 나 뭐 입지 진짜","2시면 밥보단 카페겠네, 성수 브런치집 리스트 보내줄까",v25
162,v25_bff_5,misdirect_v25,부적절,bro,bff,medium,1:1,casual,kakao,11,"형: 야 너 자취방 에어컨 고쳤냐
나: 아직 ㅠㅠ 주인아저씨한테 말했는데 감감무소식
형: 이 더위에 그게 뭐냐 ㅋㅋ 빨리 다시 연락해봐
나: 오늘 다시 전화해보려고
형: 안 되면 엄마한테 말해, 계약서에 수리 의무 있을걸
나: ㅇㅋ 확인해볼게
형: 다음 주에 본가 올 거지? 엄마가 물어보시던데
나: 가야지, 토요일에 가려고
형: 잘됐네 나도 토요일에 가. 같이 저녁 먹겠다
형: 올 때 엄마 안경 새로 한 거 갖다드려야 해서 너한테 맡길게
형: 금요일에 퀵으로 보낼 테니까 받으면 톡 줘","2시면 밥보단 카페겠네, 성수 브런치집 리스트 보내줄까",v25
163,v25_bro_5,matched_v25,적절,bro,bro,-,1:1,casual,kakao,11,"형: 야 너 자취방 에어컨 고쳤냐
나: 아직 ㅠㅠ 주인아저씨한테 말했는데 감감무소식
형: 이 더위에 그게 뭐냐 ㅋㅋ 빨리 다시 연락해봐
나: 오늘 다시 전화해보려고
형: 안 되면 엄마한테 말해, 계약서에 수리 의무 있을걸
나: ㅇㅋ 확인해볼게
형: 다음 주에 본가 올 거지? 엄마가 물어보시던데
나: 가야지, 토요일에 가려고
형: 잘됐네 나도 토요일에 가. 같이 저녁 먹겠다
형: 올 때 엄마 안경 새로 한 거 갖다드려야 해서 너한테 맡길게
형: 금요일에 퀵으로 보낼 테니까 받으면 톡 줘","엄마한테는 에어컨 얘기 하지 마라, 또 걱정하셔 ㅋㅋ",v25
164,v25_bro_5,misdirect_v25,부적절,bff,bro,medium,1:1,casual,kakao,12,"하늘: 야 소개팅남한테 답장 왔어!!!
나: ㅋㅋㅋㅋ 뭐래뭐래
하늘: 주말에 시간 되냐고 물어봄
나: 오 적극적인데? 너는 저번에 만나보니 어땠어
하늘: 대화는 잘 통했어, 근데 확신이 안 서 ㅠㅠ
나: 두 번은 만나봐야 알지, 첫 만남으로 어케 알아 ㅋㅋ
하늘: 그치?? 근데 주말에 보자는 건 좀 빠른가
나: 빠르긴 뭐가 빨라, 좋으니까 보자는 거지
하늘: 아 몰라 떨려 ㅋㅋㅋ 뭐라고 답하지
나: 솔직하게 토요일 좋다고 해~
하늘: ㅇㅋ 보낸다?? 보냈어!!
하늘: 헐 바로 답장 옴, 토요일 2시에 성수동에서 보재!! 나 뭐 입지 진짜","엄마한테는 에어컨 얘기 하지 마라, 또 걱정하셔 ㅋㅋ",v25
165,v25_bff_6,matched_v25,적절,bff,bff,-,1:1,casual,kakao,12,"하늘: 야 소개팅남한테 답장 왔어!!!
나: ㅋㅋㅋㅋ 뭐래뭐래
하늘: 주말에 시간 되냐고 물어봄
나: 오 적극적인데? 너는 저번에 만나보니 어땠어
하늘: 대화는 잘 통했어, 근데 확신이 안 서 ㅠㅠ
나: 두 번은 만나봐야 알지, 첫 만남으로 어케 알아 ㅋㅋ
하늘: 그치?? 근데 주말에 보자는 건 좀 빠른가
나: 빠르긴 뭐가 빨라, 좋으니까 보자는 거지
하늘: 아 몰라 떨려 ㅋㅋㅋ 뭐라고 답하지
나: 솔직하게 토요일 좋다고 해~
하늘: ㅇㅋ 보낸다?? 보냈어!!
하늘: 헐 바로 답장 옴, 토요일 2시에 성수동에서 보재!! 나 뭐 입지 진짜",확신은 만나면서 생기는 거야~ 부담 갖지 말고 다녀와,v25
166,v25_bff_6,misdirect_v25,부적절,bro,bff,medium,1:1,casual,kakao,11,"형: 야 너 자취방 에어컨 고쳤냐
나: 아직 ㅠㅠ 주인아저씨한테 말했는데 감감무소식
형: 이 더위에 그게 뭐냐 ㅋㅋ 빨리 다시 연락해봐
나: 오늘 다시 전화해보려고
형: 안 되면 엄마한테 말해, 계약서에 수리 의무 있을걸
나: ㅇㅋ 확인해볼게
형: 다음 주에 본가 올 거지? 엄마가 물어보시던데
나: 가야지, 토요일에 가려고
형: 잘됐네 나도 토요일에 가. 같이 저녁 먹겠다
형: 올 때 엄마 안경 새로 한 거 갖다드려야 해서 너한테 맡길게
형: 금요일에 퀵으로 보낼 테니까 받으면 톡 줘",확신은 만나면서 생기는 거야~ 부담 갖지 말고 다녀와,v25
167,v25_bro_6,matched_v25,적절,bro,bro,-,1:1,casual,kakao,11,"형: 야 너 자취방 에어컨 고쳤냐
나: 아직 ㅠㅠ 주인아저씨한테 말했는데 감감무소식
형: 이 더위에 그게 뭐냐 ㅋㅋ 빨리 다시 연락해봐
나: 오늘 다시 전화해보려고
형: 안 되면 엄마한테 말해, 계약서에 수리 의무 있을걸
나: ㅇㅋ 확인해볼게
형: 다음 주에 본가 올 거지? 엄마가 물어보시던데
나: 가야지, 토요일에 가려고
형: 잘됐네 나도 토요일에 가. 같이 저녁 먹겠다
형: 올 때 엄마 안경 새로 한 거 갖다드려야 해서 너한테 맡길게
형: 금요일에 퀵으로 보낼 테니까 받으면 톡 줘",자취방 너무 더워서 다음 달엔 선풍기 하나 더 살까 고민 중 ㅋㅋ,v25
168,v25_bro_6,misdirect_v25,부적절,bff,bro,medium,1:1,casual,kakao,12,"하늘: 야 소개팅남한테 답장 왔어!!!
나: ㅋㅋㅋㅋ 뭐래뭐래
하늘: 주말에 시간 되냐고 물어봄
나: 오 적극적인데? 너는 저번에 만나보니 어땠어
하늘: 대화는 잘 통했어, 근데 확신이 안 서 ㅠㅠ
나: 두 번은 만나봐야 알지, 첫 만남으로 어케 알아 ㅋㅋ
하늘: 그치?? 근데 주말에 보자는 건 좀 빠른가
나: 빠르긴 뭐가 빨라, 좋으니까 보자는 거지
하늘: 아 몰라 떨려 ㅋㅋㅋ 뭐라고 답하지
나: 솔직하게 토요일 좋다고 해~
하늘: ㅇㅋ 보낸다?? 보냈어!!
하늘: 헐 바로 답장 옴, 토요일 2시에 성수동에서 보재!! 나 뭐 입지 진짜",자취방 너무 더워서 다음 달엔 선풍기 하나 더 살까 고민 중 ㅋㅋ,v25
169,v25_study_0,matched_v25,적절,study,study,-,group,formal,plain,11,"지훈: 이번 주 문제는 백준 골드 그래프 3개로 정했습니다
예린: 흑흑 그래프 약한데 ㅠㅠ 좋아요 도전
나: 저번 DP보다는 낫겠죠 ㅋㅋ
지훈: 일요일 모각코는 2시 강남 스터디카페 맞죠?
예린: 네! 지난번 그 지하 말고 5층으로 예약했어요
나: 오 5층 좋죠, 콘센트 많던데
지훈: 풀이 공유는 토요일 밤까지 노션에 올려주세요
예린: 넵 저는 파이썬으로 올릴게요
지훈: 다음 달부터는 모의 코테도 격주로 한 번씩 해봐요
나: 좋아요, 프로그래머스 모의테스트 기능 쓰면 될 것 같아요
예린: 그럼 이번 주도 화이팅입니다 💪","두 번째 문제 다익스트라로 풀다가 시간초과 나서 우선순위 큐로 바꿨어요, 풀이 노션에 올렸습니다",v25
170,v25_study_0,misdirect_v25,부적절,game,study,medium,group,casual,kakao,12,"도현: 오늘 10시 내전 ㄱ?
승우: ㄱㄱ 5명 모였음?
도현: 아직 4명, 한 명만 더 구하면 됨
나: 나 10시 콜
도현: ㅇㅋ 그럼 님만 오면 5인 완성
승우: 오늘은 칼바람 말고 협곡 가자
도현: ㅇㅇ 대신 포지션은 사다리 타기다
나: 나 정글만 아니면 됨 ㅋㅋ
승우: ㅋㅋㅋ 그럼 님이 정글 확정
나: 아 진짜 ㅋㅋㅋㅋ
도현: 농담이고 사다리 타자. 디코 10시에 들어와라
승우: 늦는 사람이 아이스크림 사기 ㅋㅋ","두 번째 문제 다익스트라로 풀다가 시간초과 나서 우선순위 큐로 바꿨어요, 풀이 노션에 올렸습니다",v25
171,v25_game_0,matched_v25,적절,game,game,-,group,casual,kakao,12,"도현: 오늘 10시 내전 ㄱ?
승우: ㄱㄱ 5명 모였음?
도현: 아직 4명, 한 명만 더 구하면 됨
나: 나 10시 콜
도현: ㅇㅋ 그럼 님만 오면 5인 완성
승우: 오늘은 칼바람 말고 협곡 가자
도현: ㅇㅇ 대신 포지션은 사다리 타기다
나: 나 정글만 아니면 됨 ㅋㅋ
승우: ㅋㅋㅋ 그럼 님이 정글 확정
나: 아 진짜 ㅋㅋㅋㅋ
도현: 농담이고 사다리 타자. 디코 10시에 들어와라
승우: 늦는 사람이 아이스크림 사기 ㅋㅋ",디코 들어왔다 ㅋㅋ 마이크 테스트 좀 해줘,v25
172,v25_game_0,misdirect_v25,부적절,study,game,medium,group,formal,plain,11,"지훈: 이번 주 문제는 백준 골드 그래프 3개로 정했습니다
예린: 흑흑 그래프 약한데 ㅠㅠ 좋아요 도전
나: 저번 DP보다는 낫겠죠 ㅋㅋ
지훈: 일요일 모각코는 2시 강남 스터디카페 맞죠?
예린: 네! 지난번 그 지하 말고 5층으로 예약했어요
나: 오 5층 좋죠, 콘센트 많던데
지훈: 풀이 공유는 토요일 밤까지 노션에 올려주세요
예린: 넵 저는 파이썬으로 올릴게요
지훈: 다음 달부터는 모의 코테도 격주로 한 번씩 해봐요
나: 좋아요, 프로그래머스 모의테스트 기능 쓰면 될 것 같아요
예린: 그럼 이번 주도 화이팅입니다 💪",디코 들어왔다 ㅋㅋ 마이크 테스트 좀 해줘,v25
173,v25_study_1,matched_v25,적절,study,study,-,group,formal,plain,11,"지훈: 이번 주 문제는 백준 골드 그래프 3개로 정했습니다
예린: 흑흑 그래프 약한데 ㅠㅠ 좋아요 도전
나: 저번 DP보다는 낫겠죠 ㅋㅋ
지훈: 일요일 모각코는 2시 강남 스터디카페 맞죠?
예린: 네! 지난번 그 지하 말고 5층으로 예약했어요
나: 오 5층 좋죠, 콘센트 많던데
지훈: 풀이 공유는 토요일 밤까지 노션에 올려주세요
예린: 넵 저는 파이썬으로 올릴게요
지훈: 다음 달부터는 모의 코테도 격주로 한 번씩 해봐요
나: 좋아요, 프로그래머스 모의테스트 기능 쓰면 될 것 같아요
예린: 그럼 이번 주도 화이팅입니다 💪","일요일 모각코에 30분 정도 늦을 것 같아요, 먼저 시작하고 계세요",v25
174,v25_study_1,misdirect_v25,부적절,game,study,medium,group,casual,kakao,12,"도현: 오늘 10시 내전 ㄱ?
승우: ㄱㄱ 5명 모였음?
도현: 아직 4명, 한 명만 더 구하면 됨
나: 나 10시 콜
도현: ㅇㅋ 그럼 님만 오면 5인 완성
승우: 오늘은 칼바람 말고 협곡 가자
도현: ㅇㅇ 대신 포지션은 사다리 타기다
나: 나 정글만 아니면 됨 ㅋㅋ
승우: ㅋㅋㅋ 그럼 님이 정글 확정
나: 아 진짜 ㅋㅋㅋㅋ
도현: 농담이고 사다리 타자. 디코 10시에 들어와라
승우: 늦는 사람이 아이스크림 사기 ㅋㅋ","일요일 모각코에 30분 정도 늦을 것 같아요, 먼저 시작하고 계세요",v25
175,v25_game_1,matched_v25,적절,game,game,-,group,casual,kakao,12,"도현: 오늘 10시 내전 ㄱ?
승우: ㄱㄱ 5명 모였음?
도현: 아직 4명, 한 명만 더 구하면 됨
나: 나 10시 콜
도현: ㅇㅋ 그럼 님만 오면 5인 완성
승우: 오늘은 칼바람 말고 협곡 가자
도현: ㅇㅇ 대신 포지션은 사다리 타기다
나: 나 정글만 아니면 됨 ㅋㅋ
승우: ㅋㅋㅋ 그럼 님이 정글 확정
나: 아 진짜 ㅋㅋㅋㅋ
도현: 농담이고 사다리 타자. 디코 10시에 들어와라
승우: 늦는 사람이 아이스크림 사기 ㅋㅋ",사다리 결과 미드 걸림 ㅋㅋㅋ 개꿀,v25
176,v25_game_1,misdirect_v25,부적절,study,game,medium,group,formal,plain,11,"지훈: 이번 주 문제는 백준 골드 그래프 3개로 정했습니다
예린: 흑흑 그래프 약한데 ㅠㅠ 좋아요 도전
나: 저번 DP보다는 낫겠죠 ㅋㅋ
지훈: 일요일 모각코는 2시 강남 스터디카페 맞죠?
예린: 네! 지난번 그 지하 말고 5층으로 예약했어요
나: 오 5층 좋죠, 콘센트 많던데
지훈: 풀이 공유는 토요일 밤까지 노션에 올려주세요
예린: 넵 저는 파이썬으로 올릴게요
지훈: 다음 달부터는 모의 코테도 격주로 한 번씩 해봐요
나: 좋아요, 프로그래머스 모의테스트 기능 쓰면 될 것 같아요
예린: 그럼 이번 주도 화이팅입니다 💪",사다리 결과 미드 걸림 ㅋㅋㅋ 개꿀,v25
177,v25_study_2,matched_v25,적절,study,study,-,group,formal,plain,11,"지훈: 이번 주 문제는 백준 골드 그래프 3개로 정했습니다
예린: 흑흑 그래프 약한데 ㅠㅠ 좋아요 도전
나: 저번 DP보다는 낫겠죠 ㅋㅋ
지훈: 일요일 모각코는 2시 강남 스터디카페 맞죠?
예린: 네! 지난번 그 지하 말고 5층으로 예약했어요
나: 오 5층 좋죠, 콘센트 많던데
지훈: 풀이 공유는 토요일 밤까지 노션에 올려주세요
예린: 넵 저는 파이썬으로 올릴게요
지훈: 다음 달부터는 모의 코테도 격주로 한 번씩 해봐요
나: 좋아요, 프로그래머스 모의테스트 기능 쓰면 될 것 같아요
예린: 그럼 이번 주도 화이팅입니다 💪",모의 코테 첫 회는 다다음 주 토요일 어때요?,v25
178,v25_study_2,misdirect_v25,부적절,game,study,medium,group,casual,kakao,12,"도현: 오늘 10시 내전 ㄱ?
승우: ㄱㄱ 5명 모였음?
도현: 아직 4명, 한 명만 더 구하면 됨
나: 나 10시 콜
도현: ㅇㅋ 그럼 님만 오면 5인 완성
승우: 오늘은 칼바람 말고 협곡 가자
도현: ㅇㅇ 대신 포지션은 사다리 타기다
나: 나 정글만 아니면 됨 ㅋㅋ
승우: ㅋㅋㅋ 그럼 님이 정글 확정
나: 아 진짜 ㅋㅋㅋㅋ
도현: 농담이고 사다리 타자. 디코 10시에 들어와라
승우: 늦는 사람이 아이스크림 사기 ㅋㅋ",모의 코테 첫 회는 다다음 주 토요일 어때요?,v25
179,v25_game_2,matched_v25,적절,game,game,-,group,casual,kakao,12,"도현: 오늘 10시 내전 ㄱ?
승우: ㄱㄱ 5명 모였음?
도현: 아직 4명, 한 명만 더 구하면 됨
나: 나 10시 콜
도현: ㅇㅋ 그럼 님만 오면 5인 완성
승우: 오늘은 칼바람 말고 협곡 가자
도현: ㅇㅇ 대신 포지션은 사다리 타기다
나: 나 정글만 아니면 됨 ㅋㅋ
승우: ㅋㅋㅋ 그럼 님이 정글 확정
나: 아 진짜 ㅋㅋㅋㅋ
도현: 농담이고 사다리 타자. 디코 10시에 들어와라
승우: 늦는 사람이 아이스크림 사기 ㅋㅋ","한 판만 더 하자, 이대로는 못 잔다 진짜 ㅋㅋ",v25
180,v25_game_2,misdirect_v25,부적절,study,game,medium,group,formal,plain,11,"지훈: 이번 주 문제는 백준 골드 그래프 3개로 정했습니다
예린: 흑흑 그래프 약한데 ㅠㅠ 좋아요 도전
나: 저번 DP보다는 낫겠죠 ㅋㅋ
지훈: 일요일 모각코는 2시 강남 스터디카페 맞죠?
예린: 네! 지난번 그 지하 말고 5층으로 예약했어요
나: 오 5층 좋죠, 콘센트 많던데
지훈: 풀이 공유는 토요일 밤까지 노션에 올려주세요
예린: 넵 저는 파이썬으로 올릴게요
지훈: 다음 달부터는 모의 코테도 격주로 한 번씩 해봐요
나: 좋아요, 프로그래머스 모의테스트 기능 쓰면 될 것 같아요
예린: 그럼 이번 주도 화이팅입니다 💪","한 판만 더 하자, 이대로는 못 잔다 진짜 ㅋㅋ",v25
181,v25_study_3,matched_v25,적절,study,study,-,group,formal,plain,11,"지훈: 이번 주 문제는 백준 골드 그래프 3개로 정했습니다
예린: 흑흑 그래프 약한데 ㅠㅠ 좋아요 도전
나: 저번 DP보다는 낫겠죠 ㅋㅋ
지훈: 일요일 모각코는 2시 강남 스터디카페 맞죠?
예린: 네! 지난번 그 지하 말고 5층으로 예약했어요
나: 오 5층 좋죠, 콘센트 많던데
지훈: 풀이 공유는 토요일 밤까지 노션에 올려주세요
예린: 넵 저는 파이썬으로 올릴게요
지훈: 다음 달부터는 모의 코테도 격주로 한 번씩 해봐요
나: 좋아요, 프로그래머스 모의테스트 기능 쓰면 될 것 같아요
예린: 그럼 이번 주도 화이팅입니다 💪","예린님 파이썬 풀이 보고 배웠어요, heapq 그렇게 쓰는 거 처음 봤네요 ㅋㅋ",v25
182,v25_study_3,misdirect_v25,부적절,game,study,medium,group,casual,kakao,12,"도현: 오늘 10시 내전 ㄱ?
승우: ㄱㄱ 5명 모였음?
도현: 아직 4명, 한 명만 더 구하면 됨
나: 나 10시 콜
도현: ㅇㅋ 그럼 님만 오면 5인 완성
승우: 오늘은 칼바람 말고 협곡 가자
도현: ㅇㅇ 대신 포지션은 사다리 타기다
나: 나 정글만 아니면 됨 ㅋㅋ
승우: ㅋㅋㅋ 그럼 님이 정글 확정
나: 아 진짜 ㅋㅋㅋㅋ
도현: 농담이고 사다리 타자. 디코 10시에 들어와라
승우: 늦는 사람이 아이스크림 사기 ㅋㅋ","예린님 파이썬 풀이 보고 배웠어요, heapq 그렇게 쓰는 거 처음 봤네요 ㅋㅋ",v25
183,v25_game_3,matched_v25,적절,game,game,-,group,casual,kakao,12,"도현: 오늘 10시 내전 ㄱ?
승우: ㄱㄱ 5명 모였음?
도현: 아직 4명, 한 명만 더 구하면 됨
나: 나 10시 콜
도현: ㅇㅋ 그럼 님만 오면 5인 완성
승우: 오늘은 칼바람 말고 협곡 가자
도현: ㅇㅇ 대신 포지션은 사다리 타기다
나: 나 정글만 아니면 됨 ㅋㅋ
승우: ㅋㅋㅋ 그럼 님이 정글 확정
나: 아 진짜 ㅋㅋㅋㅋ
도현: 농담이고 사다리 타자. 디코 10시에 들어와라
승우: 늦는 사람이 아이스크림 사기 ㅋㅋ","내전 내일은 9시에 하자, 10시 시작하니까 너무 늦게 끝남 ㅠ",v25
184,v25_game_3,misdirect_v25,부적절,study,game,medium,group,formal,plain,11,"지훈: 이번 주 문제는 백준 골드 그래프 3개로 정했습니다
예린: 흑흑 그래프 약한데 ㅠㅠ 좋아요 도전
나: 저번 DP보다는 낫겠죠 ㅋㅋ
지훈: 일요일 모각코는 2시 강남 스터디카페 맞죠?
예린: 네! 지난번 그 지하 말고 5층으로 예약했어요
나: 오 5층 좋죠, 콘센트 많던데
지훈: 풀이 공유는 토요일 밤까지 노션에 올려주세요
예린: 넵 저는 파이썬으로 올릴게요
지훈: 다음 달부터는 모의 코테도 격주로 한 번씩 해봐요
나: 좋아요, 프로그래머스 모의테스트 기능 쓰면 될 것 같아요
예린: 그럼 이번 주도 화이팅입니다 💪","내전 내일은 9시에 하자, 10시 시작하니까 너무 늦게 끝남 ㅠ",v25
185,v25_study_4,matched_v25,적절,study,study,-,group,formal,plain,11,"지훈: 이번 주 문제는 백준 골드 그래프 3개로 정했습니다
예린: 흑흑 그래프 약한데 ㅠㅠ 좋아요 도전
나: 저번 DP보다는 낫겠죠 ㅋㅋ
지훈: 일요일 모각코는 2시 강남 스터디카페 맞죠?
예린: 네! 지난번 그 지하 말고 5층으로 예약했어요
나: 오 5층 좋죠, 콘센트 많던데
지훈: 풀이 공유는 토요일 밤까지 노션에 올려주세요
예린: 넵 저는 파이썬으로 올릴게요
지훈: 다음 달부터는 모의 코테도 격주로 한 번씩 해봐요
나: 좋아요, 프로그래머스 모의테스트 기능 쓰면 될 것 같아요
예린: 그럼 이번 주도 화이팅입니다 💪",세 번째 그래프 문제 반례 찾았는데 노션 댓글로 남겨둘게요,v25
186,v25_study_4,misdirect_v25,부적절,game,study,medium,group,casual,kakao,12,"도현: 오늘 10시 내전 ㄱ?
승우: ㄱㄱ 5명 모였음?
도현: 아직 4명, 한 명만 더 구하면 됨
나: 나 10시 콜
도현: ㅇㅋ 그럼 님만 오면 5인 완성
승우: 오늘은 칼바람 말고 협곡 가자
도현: ㅇㅇ 대신 포지션은 사다리 타기다
나: 나 정글만 아니면 됨 ㅋㅋ
승우: ㅋㅋㅋ 그럼 님이 정글 확정
나: 아 진짜 ㅋㅋㅋㅋ
도현: 농담이고 사다리 타자. 디코 10시에 들어와라
승우: 늦는 사람이 아이스크림 사기 ㅋㅋ",세 번째 그래프 문제 반례 찾았는데 노션 댓글로 남겨둘게요,v25
187,v25_game_4,matched_v25,적절,game,game,-,group,casual,kakao,12,"도현: 오늘 10시 내전 ㄱ?
승우: ㄱㄱ 5명 모였음?
도현: 아직 4명, 한 명만 더 구하면 됨
나: 나 10시 콜
도현: ㅇㅋ 그럼 님만 오면 5인 완성
승우: 오늘은 칼바람 말고 협곡 가자
도현: ㅇㅇ 대신 포지션은 사다리 타기다
나: 나 정글만 아니면 됨 ㅋㅋ
승우: ㅋㅋㅋ 그럼 님이 정글 확정
나: 아 진짜 ㅋㅋㅋㅋ
도현: 농담이고 사다리 타자. 디코 10시에 들어와라
승우: 늦는 사람이 아이스크림 사기 ㅋㅋ",승우 어제 산 스킨 뭐임? 이펙트 좋던데 ㅋㅋ,v25
188,v25_game_4,misdirect_v25,부적절,study,game,medium,group,formal,plain,11,"지훈: 이번 주 문제는 백준 골드 그래프 3개로 정했습니다
예린: 흑흑 그래프 약한데 ㅠㅠ 좋아요 도전
나: 저번 DP보다는 낫겠죠 ㅋㅋ
지훈: 일요일 모각코는 2시 강남 스터디카페 맞죠?
예린: 네! 지난번 그 지하 말고 5층으로 예약했어요
나: 오 5층 좋죠, 콘센트 많던데
지훈: 풀이 공유는 토요일 밤까지 노션에 올려주세요
예린: 넵 저는 파이썬으로 올릴게요
지훈: 다음 달부터는 모의 코테도 격주로 한 번씩 해봐요
나: 좋아요, 프로그래머스 모의테스트 기능 쓰면 될 것 같아요
예린: 그럼 이번 주도 화이팅입니다 💪",승우 어제 산 스킨 뭐임? 이펙트 좋던데 ㅋㅋ,v25
189,v25_study_5,matched_v25,적절,study,study,-,group,formal,plain,11,"지훈: 이번 주 문제는 백준 골드 그래프 3개로 정했습니다
예린: 흑흑 그래프 약한데 ㅠㅠ 좋아요 도전
나: 저번 DP보다는 낫겠죠 ㅋㅋ
지훈: 일요일 모각코는 2시 강남 스터디카페 맞죠?
예린: 네! 지난번 그 지하 말고 5층으로 예약했어요
나: 오 5층 좋죠, 콘센트 많던데
지훈: 풀이 공유는 토요일 밤까지 노션에 올려주세요
예린: 넵 저는 파이썬으로 올릴게요
지훈: 다음 달부터는 모의 코테도 격주로 한 번씩 해봐요
나: 좋아요, 프로그래머스 모의테스트 기능 쓰면 될 것 같아요
예린: 그럼 이번 주도 화이팅입니다 💪","5층 예약 인원 3명으로 되어 있는지 확인 부탁해요, 지난번에 2명으로 잡혀서 곤란했잖아요",v25
190,v25_study_5,misdirect_v25,부적절,game,study,medium,group,casual,kakao,12,"도현: 오늘 10시 내전 ㄱ?
승우: ㄱㄱ 5명 모였음?
도현: 아직 4명, 한 명만 더 구하면 됨
나: 나 10시 콜
도현: ㅇㅋ 그럼 님만 오면 5인 완성
승우: 오늘은 칼바람 말고 협곡 가자
도현: ㅇㅇ 대신 포지션은 사다리 타기다
나: 나 정글만 아니면 됨 ㅋㅋ
승우: ㅋㅋㅋ 그럼 님이 정글 확정
나: 아 진짜 ㅋㅋㅋㅋ
도현: 농담이고 사다리 타자. 디코 10시에 들어와라
승우: 늦는 사람이 아이스크림 사기 ㅋㅋ","5층 예약 인원 3명으로 되어 있는지 확인 부탁해요, 지난번에 2명으로 잡혀서 곤란했잖아요",v25
191,v25_game_5,matched_v25,적절,game,game,-,group,casual,kakao,12,"도현: 오늘 10시 내전 ㄱ?
승우: ㄱㄱ 5명 모였음?
도현: 아직 4명, 한 명만 더 구하면 됨
나: 나 10시 콜
도현: ㅇㅋ 그럼 님만 오면 5인 완성
승우: 오늘은 칼바람 말고 협곡 가자
도현: ㅇㅇ 대신 포지션은 사다리 타기다
나: 나 정글만 아니면 됨 ㅋㅋ
승우: ㅋㅋㅋ 그럼 님이 정글 확정
나: 아 진짜 ㅋㅋㅋㅋ
도현: 농담이고 사다리 타자. 디코 10시에 들어와라
승우: 늦는 사람이 아이스크림 사기 ㅋㅋ","5인 큐 돌리기 전에 티어 확인 좀, 나 어제 승급했다 ㅋㅋㅋ",v25
192,v25_game_5,misdirect_v25,부적절,study,game,medium,group,formal,plain,11,"지훈: 이번 주 문제는 백준 골드 그래프 3개로 정했습니다
예린: 흑흑 그래프 약한데 ㅠㅠ 좋아요 도전
나: 저번 DP보다는 낫겠죠 ㅋㅋ
지훈: 일요일 모각코는 2시 강남 스터디카페 맞죠?
예린: 네! 지난번 그 지하 말고 5층으로 예약했어요
나: 오 5층 좋죠, 콘센트 많던데
지훈: 풀이 공유는 토요일 밤까지 노션에 올려주세요
예린: 넵 저는 파이썬으로 올릴게요
지훈: 다음 달부터는 모의 코테도 격주로 한 번씩 해봐요
나: 좋아요, 프로그래머스 모의테스트 기능 쓰면 될 것 같아요
예린: 그럼 이번 주도 화이팅입니다 💪","5인 큐 돌리기 전에 티어 확인 좀, 나 어제 승급했다 ㅋㅋㅋ",v25
193,v25_study_6,matched_v25,적절,study,study,-,group,formal,plain,11,"지훈: 이번 주 문제는 백준 골드 그래프 3개로 정했습니다
예린: 흑흑 그래프 약한데 ㅠㅠ 좋아요 도전
나: 저번 DP보다는 낫겠죠 ㅋㅋ
지훈: 일요일 모각코는 2시 강남 스터디카페 맞죠?
예린: 네! 지난번 그 지하 말고 5층으로 예약했어요
나: 오 5층 좋죠, 콘센트 많던데
지훈: 풀이 공유는 토요일 밤까지 노션에 올려주세요
예린: 넵 저는 파이썬으로 올릴게요
지훈: 다음 달부터는 모의 코테도 격주로 한 번씩 해봐요
나: 좋아요, 프로그래머스 모의테스트 기능 쓰면 될 것 같아요
예린: 그럼 이번 주도 화이팅입니다 💪","다음 주 문제는 제가 정해볼게요, 구현 쪽 어떠세요?",v25
194,v25_study_6,misdirect_v25,부적절,game,study,medium,group,casual,kakao,12,"도현: 오늘 10시 내전 ㄱ?
승우: ㄱㄱ 5명 모였음?
도현: 아직 4명, 한 명만 더 구하면 됨
나: 나 10시 콜
도현: ㅇㅋ 그럼 님만 오면 5인 완성
승우: 오늘은 칼바람 말고 협곡 가자
도현: ㅇㅇ 대신 포지션은 사다리 타기다
나: 나 정글만 아니면 됨 ㅋㅋ
승우: ㅋㅋㅋ 그럼 님이 정글 확정
나: 아 진짜 ㅋㅋㅋㅋ
도현: 농담이고 사다리 타자. 디코 10시에 들어와라
승우: 늦는 사람이 아이스크림 사기 ㅋㅋ","다음 주 문제는 제가 정해볼게요, 구현 쪽 어떠세요?",v25
195,v25_game_6,matched_v25,적절,game,game,-,group,casual,kakao,12,"도현: 오늘 10시 내전 ㄱ?
승우: ㄱㄱ 5명 모였음?
도현: 아직 4명, 한 명만 더 구하면 됨
나: 나 10시 콜
도현: ㅇㅋ 그럼 님만 오면 5인 완성
승우: 오늘은 칼바람 말고 협곡 가자
도현: ㅇㅇ 대신 포지션은 사다리 타기다
나: 나 정글만 아니면 됨 ㅋㅋ
승우: ㅋㅋㅋ 그럼 님이 정글 확정
나: 아 진짜 ㅋㅋㅋㅋ
도현: 농담이고 사다리 타자. 디코 10시에 들어와라
승우: 늦는 사람이 아이스크림 사기 ㅋㅋ",아이스크림 내기 오늘도 유효냐 ㅋㅋ 나 지각 안 함,v25
196,v25_game_6,misdirect_v25,부적절,study,game,medium,group,formal,plain,11,"지훈: 이번 주 문제는 백준 골드 그래프 3개로 정했습니다
예린: 흑흑 그래프 약한데 ㅠㅠ 좋아요 도전
나: 저번 DP보다는 낫겠죠 ㅋㅋ
지훈: 일요일 모각코는 2시 강남 스터디카페 맞죠?
예린: 네! 지난번 그 지하 말고 5층으로 예약했어요
나: 오 5층 좋죠, 콘센트 많던데
지훈: 풀이 공유는 토요일 밤까지 노션에 올려주세요
예린: 넵 저는 파이썬으로 올릴게요
지훈: 다음 달부터는 모의 코테도 격주로 한 번씩 해봐요
나: 좋아요, 프로그래머스 모의테스트 기능 쓰면 될 것 같아요
예린: 그럼 이번 주도 화이팅입니다 💪",아이스크림 내기 오늘도 유효냐 ㅋㅋ 나 지각 안 함,v25
197,v25_couple_0,matched_v25,적절,couple,couple,-,1:1,casual,kakao,11,"연인: 자기 오늘 야근이야?
나: 응 ㅠㅠ 한 8시쯤 끝날 듯
연인: 고생이다 진짜 ㅠㅠ 저녁 잘 챙겨 먹어
나: 자기는 뭐 해?
연인: 나 지금 요가 갔다 와서 씻었어~
연인: 아 맞다, 토요일 전시회 예매했어! 2시 타임
나: 오 잘했어 ㅋㅋ 기대된다
연인: 끝나고 그 앞에 파스타집 가자, 저번에 못 갔던 데
나: 좋지, 거기 웨이팅 길다니까 좀 일찍 가자
연인: ㅇㅋ 1시 반까지 갈게
연인: 야근 힘내구 도착하면 연락해 💕","끝났다!! 지금 출발해 자기야, 30분이면 도착할 듯",v25
198,v25_couple_0,misdirect_v25,부적절,trade,couple,easy,1:1,formal,plain,10,"판매자: 안녕하세요, 자전거 문의 주셨죠?
나: 네! 혹시 구매 시기가 어떻게 되나요?
판매자: 작년 봄에 샀고 실사용은 반년 정도예요
나: 기어 변속은 문제 없나요?
판매자: 네 잘 됩니다. 체인도 한 달 전에 갈았어요
나: 직거래는 어디서 가능하세요?
판매자: 홍대입구역 근처면 다 괜찮아요
나: 그럼 토요일 오후 괜찮으실까요?
판매자: 네, 토요일 3시에 2번 출구 어떠세요?
판매자: 그리고 가격은 문의가 많아서 네고는 어려울 것 같아요","끝났다!! 지금 출발해 자기야, 30분이면 도착할 듯",v25
199,v25_trade_0,matched_v25,적절,trade,trade,-,1:1,formal,plain,10,"판매자: 안녕하세요, 자전거 문의 주셨죠?
나: 네! 혹시 구매 시기가 어떻게 되나요?
판매자: 작년 봄에 샀고 실사용은 반년 정도예요
나: 기어 변속은 문제 없나요?
판매자: 네 잘 됩니다. 체인도 한 달 전에 갈았어요
나: 직거래는 어디서 가능하세요?
판매자: 홍대입구역 근처면 다 괜찮아요
나: 그럼 토요일 오후 괜찮으실까요?
판매자: 네, 토요일 3시에 2번 출구 어떠세요?
판매자: 그리고 가격은 문의가 많아서 네고는 어려울 것 같아요","네, 토요일 3시 홍대입구역 2번 출구로 가겠습니다. 현금으로 준비할게요",v25
200,v25_trade_0,misdirect_v25,부적절,couple,trade,easy,1:1,casual,kakao,11,"연인: 자기 오늘 야근이야?
나: 응 ㅠㅠ 한 8시쯤 끝날 듯
연인: 고생이다 진짜 ㅠㅠ 저녁 잘 챙겨 먹어
나: 자기는 뭐 해?
연인: 나 지금 요가 갔다 와서 씻었어~
연인: 아 맞다, 토요일 전시회 예매했어! 2시 타임
나: 오 잘했어 ㅋㅋ 기대된다
연인: 끝나고 그 앞에 파스타집 가자, 저번에 못 갔던 데
나: 좋지, 거기 웨이팅 길다니까 좀 일찍 가자
연인: ㅇㅋ 1시 반까지 갈게
연인: 야근 힘내구 도착하면 연락해 💕","네, 토요일 3시 홍대입구역 2번 출구로 가겠습니다. 현금으로 준비할게요",v25
201,v25_couple_1,matched_v25,적절,couple,couple,-,1:1,casual,kakao,11,"연인: 자기 오늘 야근이야?
나: 응 ㅠㅠ 한 8시쯤 끝날 듯
연인: 고생이다 진짜 ㅠㅠ 저녁 잘 챙겨 먹어
나: 자기는 뭐 해?
연인: 나 지금 요가 갔다 와서 씻었어~
연인: 아 맞다, 토요일 전시회 예매했어! 2시 타임
나: 오 잘했어 ㅋㅋ 기대된다
연인: 끝나고 그 앞에 파스타집 가자, 저번에 못 갔던 데
나: 좋지, 거기 웨이팅 길다니까 좀 일찍 가자
연인: ㅇㅋ 1시 반까지 갈게
연인: 야근 힘내구 도착하면 연락해 💕","토요일 전시 끝나고 갈 파스타집, 웨이팅 미리 걸어두는 앱 있대. 내가 걸어둘게",v25
202,v25_couple_1,misdirect_v25,부적절,trade,couple,easy,1:1,formal,plain,10,"판매자: 안녕하세요, 자전거 문의 주셨죠?
나: 네! 혹시 구매 시기가 어떻게 되나요?
판매자: 작년 봄에 샀고 실사용은 반년 정도예요
나: 기어 변속은 문제 없나요?
판매자: 네 잘 됩니다. 체인도 한 달 전에 갈았어요
나: 직거래는 어디서 가능하세요?
판매자: 홍대입구역 근처면 다 괜찮아요
나: 그럼 토요일 오후 괜찮으실까요?
판매자: 네, 토요일 3시에 2번 출구 어떠세요?
판매자: 그리고 가격은 문의가 많아서 네고는 어려울 것 같아요","토요일 전시 끝나고 갈 파스타집, 웨이팅 미리 걸어두는 앱 있대. 내가 걸어둘게",v25
203,v25_trade_1,matched_v25,적절,trade,trade,-,1:1,formal,plain,10,"판매자: 안녕하세요, 자전거 문의 주셨죠?
나: 네! 혹시 구매 시기가 어떻게 되나요?
판매자: 작년 봄에 샀고 실사용은 반년 정도예요
나: 기어 변속은 문제 없나요?
판매자: 네 잘 됩니다. 체인도 한 달 전에 갈았어요
나: 직거래는 어디서 가능하세요?
판매자: 홍대입구역 근처면 다 괜찮아요
나: 그럼 토요일 오후 괜찮으실까요?
판매자: 네, 토요일 3시에 2번 출구 어떠세요?
판매자: 그리고 가격은 문의가 많아서 네고는 어려울 것 같아요",네고 어려운 것 이해했습니다. 대신 자물쇠 같이 주시는 건 가능할까요?,v25
204,v25_trade_1,misdirect_v25,부적절,couple,trade,easy,1:1,casual,kakao,11,"연인: 자기 오늘 야근이야?
나: 응 ㅠㅠ 한 8시쯤 끝날 듯
연인: 고생이다 진짜 ㅠㅠ 저녁 잘 챙겨 먹어
나: 자기는 뭐 해?
연인: 나 지금 요가 갔다 와서 씻었어~
연인: 아 맞다, 토요일 전시회 예매했어! 2시 타임
나: 오 잘했어 ㅋㅋ 기대된다
연인: 끝나고 그 앞에 파스타집 가자, 저번에 못 갔던 데
나: 좋지, 거기 웨이팅 길다니까 좀 일찍 가자
연인: ㅇㅋ 1시 반까지 갈게
연인: 야근 힘내구 도착하면 연락해 💕",네고 어려운 것 이해했습니다. 대신 자물쇠 같이 주시는 건 가능할까요?,v25
205,v25_couple_2,matched_v25,적절,couple,couple,-,1:1,casual,kakao,11,"연인: 자기 오늘 야근이야?
나: 응 ㅠㅠ 한 8시쯤 끝날 듯
연인: 고생이다 진짜 ㅠㅠ 저녁 잘 챙겨 먹어
나: 자기는 뭐 해?
연인: 나 지금 요가 갔다 와서 씻었어~
연인: 아 맞다, 토요일 전시회 예매했어! 2시 타임
나: 오 잘했어 ㅋㅋ 기대된다
연인: 끝나고 그 앞에 파스타집 가자, 저번에 못 갔던 데
나: 좋지, 거기 웨이팅 길다니까 좀 일찍 가자
연인: ㅇㅋ 1시 반까지 갈게
연인: 야근 힘내구 도착하면 연락해 💕",자기 내일 요가 끝나는 시간 맞춰서 데리러 갈게,v25
206,v25_couple_2,misdirect_v25,부적절,trade,couple,easy,1:1,formal,plain,10,"판매자: 안녕하세요, 자전거 문의 주셨죠?
나: 네! 혹시 구매 시기가 어떻게 되나요?
판매자: 작년 봄에 샀고 실사용은 반년 정도예요
나: 기어 변속은 문제 없나요?
판매자: 네 잘 됩니다. 체인도 한 달 전에 갈았어요
나: 직거래는 어디서 가능하세요?
판매자: 홍대입구역 근처면 다 괜찮아요
나: 그럼 토요일 오후 괜찮으실까요?
판매자: 네, 토요일 3시에 2번 출구 어떠세요?
판매자: 그리고 가격은 문의가 많아서 네고는 어려울 것 같아요",자기 내일 요가 끝나는 시간 맞춰서 데리러 갈게,v25
207,v25_trade_2,matched_v25,적절,trade,trade,-,1:1,formal,plain,10,"판매자: 안녕하세요, 자전거 문의 주셨죠?
나: 네! 혹시 구매 시기가 어떻게 되나요?
판매자: 작년 봄에 샀고 실사용은 반년 정도예요
나: 기어 변속은 문제 없나요?
판매자: 네 잘 됩니다. 체인도 한 달 전에 갈았어요
나: 직거래는 어디서 가능하세요?
판매자: 홍대입구역 근처면 다 괜찮아요
나: 그럼 토요일 오후 괜찮으실까요?
판매자: 네, 토요일 3시에 2번 출구 어떠세요?
판매자: 그리고 가격은 문의가 많아서 네고는 어려울 것 같아요",혹시 타이어 공기 주입기도 갖고 계시면 같이 볼 수 있을까요?,v25
208,v25_trade_2,misdirect_v25,부적절,couple,trade,easy,1:1,casual,kakao,11,"연인: 자기 오늘 야근이야?
나: 응 ㅠㅠ 한 8시쯤 끝날 듯
연인: 고생이다 진짜 ㅠㅠ 저녁 잘 챙겨 먹어
나: 자기는 뭐 해?
연인: 나 지금 요가 갔다 와서 씻었어~
연인: 아 맞다, 토요일 전시회 예매했어! 2시 타임
나: 오 잘했어 ㅋㅋ 기대된다
연인: 끝나고 그 앞에 파스타집 가자, 저번에 못 갔던 데
나: 좋지, 거기 웨이팅 길다니까 좀 일찍 가자
연인: ㅇㅋ 1시 반까지 갈게
연인: 야근 힘내구 도착하면 연락해 💕",혹시 타이어 공기 주입기도 갖고 계시면 같이 볼 수 있을까요?,v25
209,v25_couple_3,matched_v25,적절,couple,couple,-,1:1,casual,kakao,11,"연인: 자기 오늘 야근이야?
나: 응 ㅠㅠ 한 8시쯤 끝날 듯
연인: 고생이다 진짜 ㅠㅠ 저녁 잘 챙겨 먹어
나: 자기는 뭐 해?
연인: 나 지금 요가 갔다 와서 씻었어~
연인: 아 맞다, 토요일 전시회 예매했어! 2시 타임
나: 오 잘했어 ㅋㅋ 기대된다
연인: 끝나고 그 앞에 파스타집 가자, 저번에 못 갔던 데
나: 좋지, 거기 웨이팅 길다니까 좀 일찍 가자
연인: ㅇㅋ 1시 반까지 갈게
연인: 야근 힘내구 도착하면 연락해 💕",전시회 티켓값 보냈어~ 커피는 자기가 사 ㅋㅋ,v25
210,v25_couple_3,misdirect_v25,부적절,trade,couple,easy,1:1,formal,plain,10,"판매자: 안녕하세요, 자전거 문의 주셨죠?
나: 네! 혹시 구매 시기가 어떻게 되나요?
판매자: 작년 봄에 샀고 실사용은 반년 정도예요
나: 기어 변속은 문제 없나요?
판매자: 네 잘 됩니다. 체인도 한 달 전에 갈았어요
나: 직거래는 어디서 가능하세요?
판매자: 홍대입구역 근처면 다 괜찮아요
나: 그럼 토요일 오후 괜찮으실까요?
판매자: 네, 토요일 3시에 2번 출구 어떠세요?
판매자: 그리고 가격은 문의가 많아서 네고는 어려울 것 같아요",전시회 티켓값 보냈어~ 커피는 자기가 사 ㅋㅋ,v25
211,v25_trade_3,matched_v25,적절,trade,trade,-,1:1,formal,plain,10,"판매자: 안녕하세요, 자전거 문의 주셨죠?
나: 네! 혹시 구매 시기가 어떻게 되나요?
판매자: 작년 봄에 샀고 실사용은 반년 정도예요
나: 기어 변속은 문제 없나요?
판매자: 네 잘 됩니다. 체인도 한 달 전에 갈았어요
나: 직거래는 어디서 가능하세요?
판매자: 홍대입구역 근처면 다 괜찮아요
나: 그럼 토요일 오후 괜찮으실까요?
판매자: 네, 토요일 3시에 2번 출구 어떠세요?
판매자: 그리고 가격은 문의가 많아서 네고는 어려울 것 같아요",거래 전에 자전거 프레임 번호 사진 한 장만 부탁드려도 될까요?,v25
212,v25_trade_3,misdirect_v25,부적절,couple,trade,easy,1:1,casual,kakao,11,"연인: 자기 오늘 야근이야?
나: 응 ㅠㅠ 한 8시쯤 끝날 듯
연인: 고생이다 진짜 ㅠㅠ 저녁 잘 챙겨 먹어
나: 자기는 뭐 해?
연인: 나 지금 요가 갔다 와서 씻었어~
연인: 아 맞다, 토요일 전시회 예매했어! 2시 타임
나: 오 잘했어 ㅋㅋ 기대된다
연인: 끝나고 그 앞에 파스타집 가자, 저번에 못 갔던 데
나: 좋지, 거기 웨이팅 길다니까 좀 일찍 가자
연인: ㅇㅋ 1시 반까지 갈게
연인: 야근 힘내구 도착하면 연락해 💕",거래 전에 자전거 프레임 번호 사진 한 장만 부탁드려도 될까요?,v25
213,v25_couple_4,matched_v25,적절,couple,couple,-,1:1,casual,kakao,11,"연인: 자기 오늘 야근이야?
나: 응 ㅠㅠ 한 8시쯤 끝날 듯
연인: 고생이다 진짜 ㅠㅠ 저녁 잘 챙겨 먹어
나: 자기는 뭐 해?
연인: 나 지금 요가 갔다 와서 씻었어~
연인: 아 맞다, 토요일 전시회 예매했어! 2시 타임
나: 오 잘했어 ㅋㅋ 기대된다
연인: 끝나고 그 앞에 파스타집 가자, 저번에 못 갔던 데
나: 좋지, 거기 웨이팅 길다니까 좀 일찍 가자
연인: ㅇㅋ 1시 반까지 갈게
연인: 야근 힘내구 도착하면 연락해 💕",자기야 오늘은 야근 없대!! 저녁 같이 먹을래?,v25
214,v25_couple_4,misdirect_v25,부적절,trade,couple,easy,1:1,formal,plain,10,"판매자: 안녕하세요, 자전거 문의 주셨죠?
나: 네! 혹시 구매 시기가 어떻게 되나요?
판매자: 작년 봄에 샀고 실사용은 반년 정도예요
나: 기어 변속은 문제 없나요?
판매자: 네 잘 됩니다. 체인도 한 달 전에 갈았어요
나: 직거래는 어디서 가능하세요?
판매자: 홍대입구역 근처면 다 괜찮아요
나: 그럼 토요일 오후 괜찮으실까요?
판매자: 네, 토요일 3시에 2번 출구 어떠세요?
판매자: 그리고 가격은 문의가 많아서 네고는 어려울 것 같아요",자기야 오늘은 야근 없대!! 저녁 같이 먹을래?,v25
215,v25_trade_4,matched_v25,적절,trade,trade,-,1:1,formal,plain,10,"판매자: 안녕하세요, 자전거 문의 주셨죠?
나: 네! 혹시 구매 시기가 어떻게 되나요?
판매자: 작년 봄에 샀고 실사용은 반년 정도예요
나: 기어 변속은 문제 없나요?
판매자: 네 잘 됩니다. 체인도 한 달 전에 갈았어요
나: 직거래는 어디서 가능하세요?
판매자: 홍대입구역 근처면 다 괜찮아요
나: 그럼 토요일 오후 괜찮으실까요?
판매자: 네, 토요일 3시에 2번 출구 어떠세요?
판매자: 그리고 가격은 문의가 많아서 네고는 어려울 것 같아요","토요일에 비 예보가 있던데, 우천 시 거래를 일요일로 미뤄도 될까요?",v25
216,v25_trade_4,misdirect_v25,부적절,couple,trade,easy,1:1,casual,kakao,11,"연인: 자기 오늘 야근이야?
나: 응 ㅠㅠ 한 8시쯤 끝날 듯
연인: 고생이다 진짜 ㅠㅠ 저녁 잘 챙겨 먹어
나: 자기는 뭐 해?
연인: 나 지금 요가 갔다 와서 씻었어~
연인: 아 맞다, 토요일 전시회 예매했어! 2시 타임
나: 오 잘했어 ㅋㅋ 기대된다
연인: 끝나고 그 앞에 파스타집 가자, 저번에 못 갔던 데
나: 좋지, 거기 웨이팅 길다니까 좀 일찍 가자
연인: ㅇㅋ 1시 반까지 갈게
연인: 야근 힘내구 도착하면 연락해 💕","토요일에 비 예보가 있던데, 우천 시 거래를 일요일로 미뤄도 될까요?",v25
217,v25_couple_5,matched_v25,적절,couple,couple,-,1:1,casual,kakao,11,"연인: 자기 오늘 야근이야?
나: 응 ㅠㅠ 한 8시쯤 끝날 듯
연인: 고생이다 진짜 ㅠㅠ 저녁 잘 챙겨 먹어
나: 자기는 뭐 해?
연인: 나 지금 요가 갔다 와서 씻었어~
연인: 아 맞다, 토요일 전시회 예매했어! 2시 타임
나: 오 잘했어 ㅋㅋ 기대된다
연인: 끝나고 그 앞에 파스타집 가자, 저번에 못 갔던 데
나: 좋지, 거기 웨이팅 길다니까 좀 일찍 가자
연인: ㅇㅋ 1시 반까지 갈게
연인: 야근 힘내구 도착하면 연락해 💕","토요일 1시 반 오케이, 나 미술관 앞 카페에서 기다리고 있을게",v25
218,v25_couple_5,misdirect_v25,부적절,trade,couple,easy,1:1,formal,plain,10,"판매자: 안녕하세요, 자전거 문의 주셨죠?
나: 네! 혹시 구매 시기가 어떻게 되나요?
판매자: 작년 봄에 샀고 실사용은 반년 정도예요
나: 기어 변속은 문제 없나요?
판매자: 네 잘 됩니다. 체인도 한 달 전에 갈았어요
나: 직거래는 어디서 가능하세요?
판매자: 홍대입구역 근처면 다 괜찮아요
나: 그럼 토요일 오후 괜찮으실까요?
판매자: 네, 토요일 3시에 2번 출구 어떠세요?
판매자: 그리고 가격은 문의가 많아서 네고는 어려울 것 같아요","토요일 1시 반 오케이, 나 미술관 앞 카페에서 기다리고 있을게",v25
219,v25_trade_5,matched_v25,적절,trade,trade,-,1:1,formal,plain,10,"판매자: 안녕하세요, 자전거 문의 주셨죠?
나: 네! 혹시 구매 시기가 어떻게 되나요?
판매자: 작년 봄에 샀고 실사용은 반년 정도예요
나: 기어 변속은 문제 없나요?
판매자: 네 잘 됩니다. 체인도 한 달 전에 갈았어요
나: 직거래는 어디서 가능하세요?
판매자: 홍대입구역 근처면 다 괜찮아요
나: 그럼 토요일 오후 괜찮으실까요?
판매자: 네, 토요일 3시에 2번 출구 어떠세요?
판매자: 그리고 가격은 문의가 많아서 네고는 어려울 것 같아요",제가 키가 175인데 프레임 사이즈가 맞을지 안장 높이 좀 알려주세요,v25
220,v25_trade_5,misdirect_v25,부적절,couple,trade,easy,1:1,casual,kakao,11,"연인: 자기 오늘 야근이야?
나: 응 ㅠㅠ 한 8시쯤 끝날 듯
연인: 고생이다 진짜 ㅠㅠ 저녁 잘 챙겨 먹어
나: 자기는 뭐 해?
연인: 나 지금 요가 갔다 와서 씻었어~
연인: 아 맞다, 토요일 전시회 예매했어! 2시 타임
나: 오 잘했어 ㅋㅋ 기대된다
연인: 끝나고 그 앞에 파스타집 가자, 저번에 못 갔던 데
나: 좋지, 거기 웨이팅 길다니까 좀 일찍 가자
연인: ㅇㅋ 1시 반까지 갈게
연인: 야근 힘내구 도착하면 연락해 💕",제가 키가 175인데 프레임 사이즈가 맞을지 안장 높이 좀 알려주세요,v25
221,v25_couple_6,matched_v25,적절,couple,couple,-,1:1,casual,kakao,11,"연인: 자기 오늘 야근이야?
나: 응 ㅠㅠ 한 8시쯤 끝날 듯
연인: 고생이다 진짜 ㅠㅠ 저녁 잘 챙겨 먹어
나: 자기는 뭐 해?
연인: 나 지금 요가 갔다 와서 씻었어~
연인: 아 맞다, 토요일 전시회 예매했어! 2시 타임
나: 오 잘했어 ㅋㅋ 기대된다
연인: 끝나고 그 앞에 파스타집 가자, 저번에 못 갔던 데
나: 좋지, 거기 웨이팅 길다니까 좀 일찍 가자
연인: ㅇㅋ 1시 반까지 갈게
연인: 야근 힘내구 도착하면 연락해 💕",파스타집 말고 자기 좋아하는 초밥집은 어때? 전시관에서 더 가깝던데,v25
222,v25_couple_6,misdirect_v25,부적절,trade,couple,easy,1:1,formal,plain,10,"판매자: 안녕하세요, 자전거 문의 주셨죠?
나: 네! 혹시 구매 시기가 어떻게 되나요?
판매자: 작년 봄에 샀고 실사용은 반년 정도예요
나: 기어 변속은 문제 없나요?
판매자: 네 잘 됩니다. 체인도 한 달 전에 갈았어요
나: 직거래는 어디서 가능하세요?
판매자: 홍대입구역 근처면 다 괜찮아요
나: 그럼 토요일 오후 괜찮으실까요?
판매자: 네, 토요일 3시에 2번 출구 어떠세요?
판매자: 그리고 가격은 문의가 많아서 네고는 어려울 것 같아요",파스타집 말고 자기 좋아하는 초밥집은 어때? 전시관에서 더 가깝던데,v25
223,v25_trade_6,matched_v25,적절,trade,trade,-,1:1,formal,plain,10,"판매자: 안녕하세요, 자전거 문의 주셨죠?
나: 네! 혹시 구매 시기가 어떻게 되나요?
판매자: 작년 봄에 샀고 실사용은 반년 정도예요
나: 기어 변속은 문제 없나요?
판매자: 네 잘 됩니다. 체인도 한 달 전에 갈았어요
나: 직거래는 어디서 가능하세요?
판매자: 홍대입구역 근처면 다 괜찮아요
나: 그럼 토요일 오후 괜찮으실까요?
판매자: 네, 토요일 3시에 2번 출구 어떠세요?
판매자: 그리고 가격은 문의가 많아서 네고는 어려울 것 같아요","계좌이체가 편하시면 이체로 하겠습니다, 계좌 알려주세요",v25
224,v25_trade_6,misdirect_v25,부적절,couple,trade,easy,1:1,casual,kakao,11,"연인: 자기 오늘 야근이야?
나: 응 ㅠㅠ 한 8시쯤 끝날 듯
연인: 고생이다 진짜 ㅠㅠ 저녁 잘 챙겨 먹어
나: 자기는 뭐 해?
연인: 나 지금 요가 갔다 와서 씻었어~
연인: 아 맞다, 토요일 전시회 예매했어! 2시 타임
나: 오 잘했어 ㅋㅋ 기대된다
연인: 끝나고 그 앞에 파스타집 가자, 저번에 못 갔던 데
나: 좋지, 거기 웨이팅 길다니까 좀 일찍 가자
연인: ㅇㅋ 1시 반까지 갈게
연인: 야근 힘내구 도착하면 연락해 💕","계좌이체가 편하시면 이체로 하겠습니다, 계좌 알려주세요",v25
