no,persona,scenario,turn_count,history,response,label,reason,reason_detail,axis
1,친구,고민·감정 상담,3,"친구: 그냥 넘어가면 계속 마음에 남을 것 같아.
나: 응, 네 입장부터 말해봐.
친구: 계속 내가 먼저 연락하는 것 같아서 관계가 한쪽으로 기운 느낌이야",그것도 제대로 판단을 못 해? 이제는 핑계도 지겹다.,부적절,N4,상대를 직접 비난·조롱하거나 인격을 공격하는 표현을 사용함,pragmatic_issue
2,연인,갈등 상황,1,연인: 내가 맡은 일을 설명도 없이 다른 사람에게 넘긴 건 당황스러워요,항상 이런 식으로 일을 복잡하게 만드네. 조금이라도 미안한 줄은 알아?,부적절,N4,상대를 직접 비난·조롱하거나 인격을 공격하는 표현을 사용함,pragmatic_issue
3,직장 관계(상사·동료),업무 대화,3,"선임: 진행하면서 새로 확인한 내용이 있어요.
나: 문제는 해결됐나요?
선임: 어제 배포한 버전은 현재까지 특이사항이 없습니다","오, 결과가 나왔군요. 어떤 과정으로 해결됐는지도 궁금합니다. 시간이나 준비해야 할 내용도 같이 바뀐 건 없나요?",적절,P4,상대의 말에 자연스럽게 호응하고 관련된 질문으로 대화를 이어감,ok
4,친구,고민·감정 상담,1,친구: 팀에서 내 역할이 자꾸 바뀌니까 내가 필요한 사람인지 모르겠어,계속 마음에 걸렸겠네. 지금 느끼는 걸 더 말해도 괜찮아. 요즘 특히 더 힘들게 느껴지는 순간이 언제야?,적절,P4,상대의 말에 자연스럽게 호응하고 관련된 질문으로 대화를 이어감,ok
5,선후배,갈등 상황,2,"나: 아까 회의에서 네 의견을 충분히 못 들은 것 같아. 불편했어?
후배: 네, 제 의견을 묻지 않고 결정된 게 조금 서운했어요.",그 정도 일은 누구나 겪어. 너무 예민하게 받아들이지 마.,부적절,N2,상대의 감정이나 어려움을 축소·무시하거나 유난으로 취급함,pragmatic_issue
7,형제·자매,고민·감정 상담,3,"오빠: 내가 놓친 게 있는지 봐줬으면 해.
나: 그래, 내가 할 수 있는 건지 말해줘.
오빠: 이 얘기를 어디서부터 풀어야 할지 모르겠어. 조금만 들어줘",지금은 좀 바빠. 나중에 보자. 지금은 답하기 어려워.,부적절,N3,상대의 질문이나 요청에 답하지 않고 회피하거나 떠넘김,pragmatic_issue
8,부모님,질문·요청,1,아빠: 내일 병원에서 검사 결과를 듣는데 같이 가줄 수 있니?,"응, 몇 시까지 가면 되는지 알려줘. 시간 맞춰서 같이 갈게.",적절,P2,상대의 질문이나 요청에 직접 답하고 필요한 행동을 분명히 약속함,ok
9,연인,고민·감정 상담,2,"나: 아까부터 표정이 안 좋아 보이던데 무슨 일 있어?
연인: 지금은 혼자 해결하려 하지 말고 주변에 도움을 구해보려고 해","그래. 당장은 그 계획대로 해보고, 필요하면 다시 조정하자.",적절,P5,과도한 감정 표현 없이도 현재 대화의 목적과 맥락에 맞게 반응함,ok
10,친구,질문·요청,3,"친구: 내 입장도 한번 설명하고 싶어.
나: 응, 네 입장부터 말해봐.
친구: 늦어질 때 한마디라도 남겨줄 수 있어?",기본적인 것도 왜 매번 설명해줘야 해? 그런 태도로 누가 널 이해해주겠어?,부적절,N4,상대를 직접 비난·조롱하거나 인격을 공격하는 표현을 사용함,pragmatic_issue
12,부모님,질문·요청,3,"아빠: 이번 주 가족 모임 참석자 명단에 이모도 추가해줄래?
나: 응, 성함만 다시 알려줘.
아빠: 박정희로 추가하면 돼.","응, 명단에 추가하고 빠진 사람이 없는지도 다시 확인할게.",적절,P2,상대의 질문이나 요청에 직접 답하고 필요한 행동을 분명히 약속함,ok
13,직장 관계(상사·동료),갈등 상황,1,동료: 역할 분담은 다음 회의에서 다시 정하는 것으로 하겠습니다,그럼 다음부터는 지금 합의한 방식으로 진행하죠. 지금은 추가로 바꿀 건 없어 보여.,적절,P5,과도한 감정 표현 없이도 현재 대화의 목적과 맥락에 맞게 반응함,ok
14,선후배,정보 공유,2,"나: 아까 분위기가 좋지 않았는데 어떤 일이었나요?
선배: 확정되지 않은 내용을 먼저 전달했다는 연락을 받았어요",계속 이런 식이면 저도 더 이상 맞춰드리지 않겠습니다. 오늘 안에 결론이 나지 않으면 끝냅시다.,부적절,N5,위협·보복·관계 단절 등을 언급해 갈등을 불필요하게 확대함,pragmatic_issue
15,형제·자매,업무 대화,2,"나: 이번 일은 기준을 분명히 정했으면 해.
오빠: 고객사에 확정되지 않은 내용을 먼저 전달하면 곤란하지.",한 번만 더 그러면 관계를 끝내는 걸로 알게. 더 얘기할 필요도 없으니 당분간 연락하지 마.,부적절,N5,위협·보복·관계 단절 등을 언급해 갈등을 불필요하게 확대함,pragmatic_issue
16,부모님,갈등 상황,2,"나: 서로 불편했던 부분은 한번 정리했으면 해.
아빠: 다음부터 약속을 바꾸기 전에 먼저 말해줄래?",알겠어. 다음부터는 먼저 이야기하고 네 의견을 확인할게. 다음부터는 당사자와 먼저 상의할게.,적절,P2,상대의 질문이나 요청에 직접 답하고 필요한 행동을 분명히 약속함,ok
17,부모님,일상 대화,3,"엄마: 그러고 보니 얘기해줄 게 있어.
나: 그래서 어떻게 됐어?
엄마: 퇴근길에 노을이 예뻐서 사진을 한참 찍었어",직접 해보니 느낌이 달랐겠다. 그 뒤에 이어진 일도 있었는지 궁금하다. 사진도 찍었어? 실제로 본 색감이 더 예뻤겠다.,적절,P4,상대의 말에 자연스럽게 호응하고 관련된 질문으로 대화를 이어감,ok
18,부모님,질문·요청,4,"나: 아까 부탁할 게 있다고 했지?
아빠: 응, 내일 병원 갈 때 차로 좀 데려다줄 수 있니?
나: 몇 시까지 가야 하는데?
아빠: 아홉 시 반까지 접수해야 해.",그건 잘 모르겠고 일단 혼자 가봐. 지금은 신경 쓸 여유가 없어.,부적절,N3,상대의 질문이나 요청에 답하지 않고 회피하거나 떠넘김,pragmatic_issue
19,직장 관계(상사·동료),고민·감정 상담,4,"나: 어디서부터 시작해야 할지 막히셨나요?
동료: 어디서부터 시작해야 할지 감이 오지 않습니다.
나: 네, 조금 더 구체적으로 말씀해주세요.
동료: 일이 한꺼번에 겹쳤을 때 우선순위를 어떻게 정해야 할까요?","우선 마감이 임박한 일과 다른 사람 작업을 막고 있는 일을 먼저 나누고, 나머지 범위와 기한은 담당자와 다시 합의해요. 그다음 결과를 보고 다음 단계를 정하면 됩니다.",적절,P3,상황에 맞는 구체적인 정보나 실행 가능한 조언을 제공함,ok
20,직장 관계(상사·동료),정보 공유,2,"나: 현재 기준으로 결정된 내용이 있나요?
팀장: 공사 때문에 주차장은 토요일 오전에 이용할 수 없대","응, 전달한 내용대로 알고 있을게. 일정이 가까워지면 한 번 더 확인하죠.",적절,P5,과도한 감정 표현 없이도 현재 대화의 목적과 맥락에 맞게 반응함,ok
21,친구,갈등 상황,2,"나: 아까부터 표정이 안 좋던데 무슨 일 있었어?
친구: 다 같이 정한다더니 내 의견은 듣지도 않고 결정해서 기분이 안 좋았어.",그걸 그렇게까지 심각하게 받아들여? 다들 바쁜데 너만 생각할 수는 없잖아.,부적절,N2,상대의 감정이나 어려움을 축소·무시하거나 유난으로 취급함,pragmatic_issue
22,선후배,업무 대화,4,"나: 진행하다가 막힌 부분이 있으신가요?
선배: 급한 건 아니지만 부탁 하나 드려도 될까요?
나: 네, 어떤 부분을 도와드리면 될까요?
선배: 회의 시간을 네 시로 변경해서 참석자들에게 알려주시겠어요?","네, 제가 대신 참석하고 주요 내용은 정리해서 공유드리겠습니다. 완료되면 결과를 같이 확인하죠.",적절,P2,상대의 질문이나 요청에 직접 답하고 필요한 행동을 분명히 약속함,ok
23,직장 관계(상사·동료),업무 대화,1,팀장: 일정을 바꾸기 전에 담당자들과 먼저 상의했어야 합니다,이번 일은 그냥 넘어가지 않고 모두에게 알리겠습니다. 이번에는 반드시 대가를 치르게 하겠습니다.,부적절,N5,위협·보복·관계 단절 등을 언급해 갈등을 불필요하게 확대함,pragmatic_issue
24,선후배,갈등 상황,2,"나: 서로 불편했던 부분은 한번 정리했으면 해요.
선배: 공용 공간을 쓰고 정리하지 않는 건 너무하잖아요",다음에는 저도 똑같이 대응하겠습니다. 다른 사람들까지 모두 끌어들여 확인하겠습니다.,부적절,N5,위협·보복·관계 단절 등을 언급해 갈등을 불필요하게 확대함,pragmatic_issue
25,친구,고민·감정 상담,2,"나: 필요한 거 있으면 말해.
친구: 내가 쓴 메시지가 너무 날카로운지 보내기 전에 봐줄래?",아무거나 편한 대로 하면 되지 않을까? 지금은 답하기 어려워.,부적절,N3,상대의 질문이나 요청에 답하지 않고 회피하거나 떠넘김,pragmatic_issue
26,연인,고민·감정 상담,2,"나: 계속 마음에 남는 일이 있는 것 같아.
연인: 사과는 받았는데 같은 일이 반복될까 봐 마음이 놓이지 않아",네가 제대로 했으면 이런 문제도 없었잖아. 다른 사람들까지 피해 보게 하지 마.,부적절,N4,상대를 직접 비난·조롱하거나 인격을 공격하는 표현을 사용함,pragmatic_issue
28,형제·자매,정보 공유,1,형: 병원 예약이 다음 주 화요일 오전 열 시로 잡혔어. 캘린더에 적어줄래?,"응, 인원과 시간 확인해서 예약해둘게. 혹시 문제가 생기면 먼저 말할게.",적절,P2,상대의 질문이나 요청에 직접 답하고 필요한 행동을 분명히 약속함,ok
31,친구,일상 대화,2,"나: 마음에 걸리는 일 있으면 편하게 말해.
친구: 요즘 사소한 일에도 예민해져서 나도 좀 당황스러워",그걸 계속 신경 쓸 필요가 있어? 그 얘기를 언제까지 할 건데?,부적절,N2,상대의 감정이나 어려움을 축소·무시하거나 유난으로 취급함,pragmatic_issue
32,부모님,일상 대화,2,"나: 그 뒤에 어떻게 됐는지 궁금했어.
아빠: 처음으로 자전거 타고 출근했는데 생각보다 할 만했어",생각보다 기억에 남는 일이었나 보네. 그 경험이 왜 기억에 남았는지 알고 싶어. 직접 해보니 힘든 점보다 좋았던 점이 더 컸어?,적절,P4,상대의 말에 자연스럽게 호응하고 관련된 질문으로 대화를 이어감,ok
33,친구,고민·감정 상담,4,"나: 서로 불편했던 부분은 한번 정리했으면 해.
친구: 그냥 넘어가면 계속 마음에 남을 것 같아.
나: 응, 네 입장부터 말해봐.
친구: 말다툼 끝에 너무 심한 말을 해서 후회돼",생각을 조금만 했어도 이런 일은 안 생겼어. 너랑 이야기하면 항상 답답해.,부적절,N4,상대를 직접 비난·조롱하거나 인격을 공격하는 표현을 사용함,pragmatic_issue
35,부모님,갈등 상황,2,"나: 아까 분위기가 안 좋았는데 무슨 일이었어?
엄마: 문제가 있으면 공개적으로 말하기 전에 나한테 먼저 알려주세요",알겠어. 다음부터는 먼저 이야기하고 네 의견을 확인할게. 요청한 부분만 정확히 반영할게.,적절,P2,상대의 질문이나 요청에 직접 답하고 필요한 행동을 분명히 약속함,ok
36,친구,질문·요청,4,"나: 지난번에 물어본 건 답 왔어?
친구: 일정이 정해져서 미리 알려주려고 했어.
나: 그래, 현재 상황이 어떻게 돼?
친구: 그 내용은 다른 사람들에게도 공유해도 돼?","응, 그 내용은 공유해도 돼. 추가로 확인되는 게 있으면 이어서 알려줘.",적절,P5,과도한 감정 표현 없이도 현재 대화의 목적과 맥락에 맞게 반응함,ok
37,형제·자매,업무 대화,4,"나: 오늘 배포할 내용 남았어?
동생: 응, 수정한 화면을 QA 환경에 올려줄 수 있어?
나: 몇 시까지 필요해?
동생: 세 시 전까지면 돼.","응, 두 시 반까지 올리고 동작 확인도 한 번 해볼게.",적절,P2,상대의 질문이나 요청에 직접 답하고 필요한 행동을 분명히 약속함,ok
38,형제·자매,갈등 상황,4,"나: 내가 놓친 게 있으면 말해줘.
언니: 아까는 감정적으로 말해서 다시 정리하고 싶어.
나: 서로 합의해야 할 기준이 뭐라고 생각해?
언니: 역할을 바꾸기 전에 당사자에게 먼저 설명해줄 수 있어?","글쎄, 나는 지금 다른 일 보고 있어. 지금은 답하기 어려워.",부적절,N3,상대의 질문이나 요청에 답하지 않고 회피하거나 떠넘김,pragmatic_issue
39,친구,고민·감정 상담,2,"나: 내가 놓친 게 있으면 말해줘.
친구: 상대가 내 감정을 가볍게 넘긴 것 같아서 속상해",정말 책임감이 없는 것 같아. 자꾸 사람을 실망시키네.,부적절,N4,상대를 직접 비난·조롱하거나 인격을 공격하는 표현을 사용함,pragmatic_issue
40,형제·자매,업무 대화,4,"나: 아까 분위기가 안 좋았는데 무슨 일이었어?
형: 나도 아까 일은 짚고 넘어가고 싶어.
나: 응, 차분히 들어볼게.
형: 수정 요청을 확인하지 않은 채 배포한 건 문제였어.",계속 말이 안 통하면 아예 연락하지 말자. 이번 일로 관계가 깨져도 상관없어.,부적절,N5,위협·보복·관계 단절 등을 언급해 갈등을 불필요하게 확대함,pragmatic_issue
41,직장 관계(상사·동료),업무 대화,2,"나: 확인해드릴 내용이 있나요?
팀장: 오류가 발생한 계정 목록을 정리해서 공유해주실 수 있나요?","네, 확인된 계정을 정리해서 오늘 안에 공유드리겠습니다. 필요한 시간에 맞춰둘게.",적절,P2,상대의 질문이나 요청에 직접 답하고 필요한 행동을 분명히 약속함,ok
42,연인,질문·요청,2,"나: 서로 다르게 이해한 부분이 있는 것 같아.
연인: 내 물건을 쓸 때는 짧게라도 알려줄래?",또 남 탓할 생각부터 하는 거야? 대체 언제쯤 제대로 할 거야?,부적절,N4,상대를 직접 비난·조롱하거나 인격을 공격하는 표현을 사용함,pragmatic_issue
43,형제·자매,질문·요청,2,"나: 아까 고민되는 게 있다고 했지?
오빠: 김치냉장고에서 소리가 나는데 바로 서비스센터에 연락해야 할까?",내 생각에는 평소와 다른 큰 소리가 계속 나면 모델명과 소리가 나는 상황을 적어두고 서비스센터에 문의하는 게 안전해. 해결되지 않으면 조건을 하나씩 빼면서 원인을 좁혀봐.,적절,P3,상황에 맞는 구체적인 정보나 실행 가능한 조언을 제공함,ok
44,부모님,갈등 상황,4,"나: 서로 다르게 이해한 부분이 있는 것 같아.
아빠: 서로 오해한 부분이 있는 것 같아.
나: 응, 네 입장부터 말해봐.
아빠: 일정을 바꾸려면 당사자에게 먼저 얘기했어야죠",그 정도도 혼자 못 하면 뭘 할 수 있는데? 말해봤자 또 똑같겠지.,부적절,N4,상대를 직접 비난·조롱하거나 인격을 공격하는 표현을 사용함,pragmatic_issue
45,직장 관계(상사·동료),업무 대화,1,선임: 회의 자료의 수치와 원본 데이터를 대조해주실 수 있을까요?,"네, 제가 대신 참석하고 주요 내용은 정리해서 공유드리겠습니다. 빠뜨리지 않도록 메모해두겠습니다.",적절,P2,상대의 질문이나 요청에 직접 답하고 필요한 행동을 분명히 약속함,ok
46,친구,질문·요청,2,"나: 서로 불편했던 부분은 한번 정리했으면 해.
친구: 내 물건을 쓸 때는 짧게라도 알려줄래?",매번 같은 실수를 하는 것도 능력이다. 정말 믿고 맡길 수가 없다.,부적절,N4,상대를 직접 비난·조롱하거나 인격을 공격하는 표현을 사용함,pragmatic_issue
47,연인,일상 대화,1,연인: 요즘 야근이 계속돼서 생활 리듬이 완전히 깨졌어.,계속 제대로 못 쉬었구나. 오늘은 일 생각 잠깐 내려놓고 일찍 쉬자.,적절,P1,상대가 드러낸 감정과 상황을 인정하고 위로하거나 격려함,ok
48,부모님,갈등 상황,2,"나: 서로 불편했던 부분은 한번 정리했으면 해.
아빠: 공용 공간을 쓰고 정리하지 않는 건 너무하잖아",이대로면 책임이 누구한테 있는지 공식적으로 따질 거야. 이번엔 절대 조용히 넘어가지 않을 거야.,부적절,N5,위협·보복·관계 단절 등을 언급해 갈등을 불필요하게 확대함,pragmatic_issue
49,친구,질문·요청,4,"나: 뭐 도와줄 일 있어?
친구: 혼자 해보다가 잘 안 되는 게 있어.
나: 언제까지 필요한데?
친구: 이번 주 일정표에서 바뀐 담당자를 반영해줄래?",그건 다른 사람한테 물어보는 게 빠를 것 같아. 지금은 답하기 어려워.,부적절,N3,상대의 질문이나 요청에 답하지 않고 회피하거나 떠넘김,pragmatic_issue
50,부모님,질문·요청,4,"나: 확인해줬으면 하는 게 있어?
아빠: 내가 놓친 게 있는지 봐줬으면 해.
나: 뭔데? 말해봐.
아빠: 오는 길에 약국에 들러서 소화제 하나만 사다 줄래?",나중에 생각나면 답할게. 지금은 답하기 어려워.,부적절,N3,상대의 질문이나 요청에 답하지 않고 회피하거나 떠넘김,pragmatic_issue
51,친구,질문·요청,1,친구: 집주인에게 보낼 문자가 어색하지 않은지 읽어봐 줄래?,지금 꼭 정해야 해? 지금은 답하기 어려워.,부적절,N3,상대의 질문이나 요청에 답하지 않고 회피하거나 떠넘김,pragmatic_issue
52,형제·자매,질문·요청,2,"나: 내가 놓친 게 있으면 말해줘.
형: 문제가 생기면 공개적으로 지적하기 전에 먼저 이야기해줄래?",네가 먼저 사과하지 않으면 나도 절대 물러서지 않을 거야. 이제부터는 나도 배려할 생각 없어.,부적절,N5,위협·보복·관계 단절 등을 언급해 갈등을 불필요하게 확대함,pragmatic_issue
53,선후배,고민·감정 상담,2,"나: 선택지 때문에 망설이는 부분이 있나요?
후배: 실수한 일이 계속 마음에 남는데 어떻게 털어내면 좋을까요?","이 경우에는 지금 확인할 수 있는 사실과 원하는 결과를 먼저 나눈 뒤, 바로 실행할 수 있는 한 가지부터 시작해봐. 해본 뒤 마음이 더 복잡해지면 믿을 만한 사람에게 다시 이야기해봐.",적절,P3,상황에 맞는 구체적인 정보나 실행 가능한 조언을 제공함,ok
54,부모님,갈등 상황,2,"나: 내가 놓친 게 있으면 말해줘.
아빠: 내 물건을 쓰기 전에 한마디만 해줄래?",알겠어. 다음부터는 먼저 이야기하고 네 의견을 확인할게. 오늘 일정 안에서 처리해둘게.,적절,P2,상대의 질문이나 요청에 직접 답하고 필요한 행동을 분명히 약속함,ok
55,연인,일상 대화,1,연인: 요즘 사소한 일에도 예민해져서 나도 좀 당황스러워,남들도 다 비슷하게 힘들어. 계속 생각한다고 달라지는 것도 없잖아.,부적절,N2,상대의 감정이나 어려움을 축소·무시하거나 유난으로 취급함,pragmatic_issue
56,직장 관계(상사·동료),업무 대화,2,"나: 아까 분위기가 좋지 않았는데 어떤 일이었나요?
팀장: 수정 요청을 확인하지 않은 채 배포한 건 문제가 있습니다",다시 이런 일이 생기면 바로 문제를 확대하겠습니다. 나중에 후회하셔도 소용없습니다.,부적절,N5,위협·보복·관계 단절 등을 언급해 갈등을 불필요하게 확대함,pragmatic_issue
57,연인,갈등 상황,2,"나: 계속 마음에 남는 일이 있는 것 같아.
연인: 같은 일이 반복되니까 내가 존중받지 못하는 기분이야",그 정도로까지 마음 쓸 일은 아닌 것 같은데. 그냥 바쁘게 지내면 금방 잊어.,부적절,N2,상대의 감정이나 어려움을 축소·무시하거나 유난으로 취급함,pragmatic_issue
58,직장 관계(상사·동료),고민·감정 상담,1,동료: 실수한 일이 계속 마음에 남는데 어떻게 털어내면 좋을까요?,"가장 먼저 지금 확인할 수 있는 사실과 원하는 결과를 먼저 나눈 뒤, 바로 실행할 수 있는 한 가지부터 시작해봐. 대화가 격해지면 잠깐 멈추고 다시 이야기할 시간을 정해봐.",적절,P3,상황에 맞는 구체적인 정보나 실행 가능한 조언을 제공함,ok
59,형제·자매,질문·요청,1,오빠: 다음부터 일정을 바꾸기 전에 먼저 말해줄래?,"좋아, 그럼 앞으로 서로 없는 사람처럼 지내자. 내가 얼마나 화났는지 확실히 보여줄게.",부적절,N5,위협·보복·관계 단절 등을 언급해 갈등을 불필요하게 확대함,pragmatic_issue
60,친구,고민·감정 상담,3,"친구: 사실 요즘 마음에 걸리는 게 있어.
나: 혼자 계속 생각하고 있었던 거야?
친구: 부모님과 진로 얘기만 하면 자꾸 다투게 돼서 답답해",그 상황이면 누구라도 힘들었을 거야. 조금 가라앉으면 다음 일을 같이 생각해보자.,적절,P1,상대가 드러낸 감정과 상황을 인정하고 위로하거나 격려함,ok
61,선후배,고민·감정 상담,1,후배: 일을 쉬고 있는데 앞으로 뭘 해야 할지 막막해요,기대했던 만큼 더 속상했겠다. 네 마음부터 챙기는 게 먼저인 것 같아요.,적절,P1,상대가 드러낸 감정과 상황을 인정하고 위로하거나 격려함,ok
62,선후배,일상 대화,2,"나: 신경 쓰이는 일이 있으신 것 같아요.
선배: 혼자 밥 먹는 날이 계속되니까 생각보다 외롭더라",혼자 버티느라 많이 지쳤겠네요. 필요하면 제가 옆에서 같이 정리해보겠습니다.,적절,P1,상대가 드러낸 감정과 상황을 인정하고 위로하거나 격려함,ok
63,부모님,갈등 상황,4,"나: 감정 더 상하기 전에 차분히 얘기하자.
엄마: 내가 불편했던 부분을 말하고 싶어.
나: 응, 차분히 들어볼게.
엄마: 다음부터 약속을 바꾸기 전에 먼저 말해줄래?",알겠어. 다음부터는 먼저 이야기하고 네 의견을 확인할게. 앞으로는 결정 전에 한 번 더 이야기하자.,적절,P2,상대의 질문이나 요청에 직접 답하고 필요한 행동을 분명히 약속함,ok
65,연인,질문·요청,3,"연인: 방법을 몇 가지 찾아봤는데 뭐가 맞는지 모르겠어.
나: 선택지가 어떻게 되는데?
연인: React에서 useEffect가 계속 반복 실행되는데 어디부터 확인해야 할까?","복잡하게 보기보다 의존성 배열에 매 렌더링마다 새로 만들어지는 함수나 객체가 들어가는지 먼저 확인하고, 필요하면 useCallback이나 useMemo로 참조를 고정해봐. 문제가 생긴 직전 변경 사항부터 역순으로 확인해봐.",적절,P3,상황에 맞는 구체적인 정보나 실행 가능한 조언을 제공함,ok
66,연인,질문·요청,3,"연인: 현재 상황만 간단히 알려줄게.
나: 시간은 그대로야?
연인: 배송지를 회사로 바꿔도 괜찮아?",회사로 변경해도 문제없어. 필요하면 그때 다시 조정하자.,적절,P5,과도한 감정 표현 없이도 현재 대화의 목적과 맥락에 맞게 반응함,ok
68,부모님,정보 공유,2,"나: 지금 기준으로 정해진 게 있어?
아빠: 오늘 회의는 세 시에서 네 시로 변경됐어요","좋아, 그 내용은 기억해둘게. 변경된 부분은 메모해둘게. 시간이나 준비해야 할 내용도 같이 바뀐 건 없어?",적절,P4,상대의 말에 자연스럽게 호응하고 관련된 질문으로 대화를 이어감,ok
69,친구,정보 공유,2,"나: 이번 일은 기준을 분명히 정했으면 해.
친구: 일정 변경 사실을 나한테만 늦게 알려줘서 준비할 시간이 없었어",끝까지 그렇게 나오면 나도 가만있지 않을 거야. 누가 더 불편해지는지 한번 해보자.,부적절,N5,위협·보복·관계 단절 등을 언급해 갈등을 불필요하게 확대함,pragmatic_issue
70,선후배,업무 대화,4,"나: 현재 기준으로 결정된 내용이 있나요?
선배: 관련된 분들과 이야기해서 정리했습니다.
나: 네, 어떻게 정해졌나요?
선배: 오늘 회의는 세 시에서 네 시로 변경됐어요",확인했습니다. 공유된 일정과 기준에 맞춰 진행하겠습니다. 관련된 사람에게도 같은 내용으로 전달하겠습니다.,적절,P5,과도한 감정 표현 없이도 현재 대화의 목적과 맥락에 맞게 반응함,ok
71,선후배,업무 대화,2,"나: 제가 도울 수 있는 일이면 말씀해주세요.
후배: 오늘 안에 수정된 화면을 QA 환경에 올려주실 수 있나요?",그 얘기는 다음에 하죠. 지금은 답하기 어려워요.,부적절,N3,상대의 질문이나 요청에 답하지 않고 회피하거나 떠넘김,pragmatic_issue
72,선후배,업무 대화,3,"선배: 확인된 내용이 있어서 말씀드리려고 합니다.
나: 그 기준으로 진행하면 되는 건가요?
선배: 보고서 검토는 팀장님 확인 후 마무리하겠습니다","네, 전달해주신 내용대로 업무를 진행하겠습니다. 그 내용은 제가 메모해두겠습니다.",적절,P5,과도한 감정 표현 없이도 현재 대화의 목적과 맥락에 맞게 반응함,ok
73,선후배,고민·감정 상담,4,"나: 아까부터 표정이 좋지 않던데 무슨 일 있으세요?
후배: 어디서부터 말씀드려야 할지 모르겠는데 조금 힘듭니다.
나: 지금 가장 힘든 부분이 무엇인가요?
후배: 부모님과 진로 얘기만 하면 자꾸 다투게 돼서 답답해요",그 말을 꺼내는 것도 쉽지 않았겠다. 한 번의 결과로 네 노력이 사라지는 건 아니야.,적절,P1,상대가 드러낸 감정과 상황을 인정하고 위로하거나 격려함,ok
75,연인,갈등 상황,3,"연인: 이번 일은 솔직히 서운한 부분이 있어.
나: 내가 뭘 놓쳤는지 말해줘.
연인: 내가 싫다고 한 이야기를 친구들 앞에서 한 건 기분 나빴어",계속 이런 식이면 나도 더 이상 맞춰주지 않을 거야. 이번 일로 관계가 깨져도 상관없어.,부적절,N5,위협·보복·관계 단절 등을 언급해 갈등을 불필요하게 확대함,pragmatic_issue
76,부모님,고민·감정 상담,2,"나: 마음에 걸리는 일 있으면 편하게 말해.
아빠: 요즘 친구들을 만나도 혼자인 느낌이 들어",계속 신경 쓰였을 텐데 잘 말해줬어. 혼자 감당하지 말고 힘들면 나한테 말해.,적절,P1,상대가 드러낸 감정과 상황을 인정하고 위로하거나 격려함,ok
77,연인,갈등 상황,4,"나: 아까 일은 그냥 넘기지 말고 얘기하자.
연인: 나도 아까 일은 짚고 넘어가고 싶어.
나: 어떤 부분이 가장 불편했어?
연인: 내가 맡은 일을 설명도 없이 다른 사람에게 넘긴 건 당황스러워요",한 번만 더 그러면 관계를 끝내는 걸로 알게. 이번엔 절대 조용히 넘어가지 않을 거야.,부적절,N5,위협·보복·관계 단절 등을 언급해 갈등을 불필요하게 확대함,pragmatic_issue
78,직장 관계(상사·동료),업무 대화,2,"나: 계속 마음에 남는 일이 있으신 것 같아요.
선임: 회의에서 제 설명을 끝까지 듣지 않고 결론을 낸 건 아쉽습니다",우선 태도부터 고치셔야 할 것 같습니다. 결국 문제는 항상 본인이네요.,부적절,N4,상대를 직접 비난·조롱하거나 인격을 공격하는 표현을 사용함,pragmatic_issue
79,형제·자매,정보 공유,3,"오빠: 하나만 도와줄 수 있어?
나: 응, 구체적으로 얘기해봐.
오빠: 숙소 체크인은 세 시부터 가능하대. 이동 시간 다시 계산해줄래?","응, 내가 맡아서 확인해볼게. 요청한 부분만 정확히 반영할게.",적절,P2,상대의 질문이나 요청에 직접 답하고 필요한 행동을 분명히 약속함,ok
80,직장 관계(상사·동료),업무 대화,4,"나: 방법을 같이 생각해봤으면 하는 부분이 있나요?
팀장: 어떻게 하는 게 좋을지 고민되는 부분이 있어요.
나: 어떤 기준으로 결정하고 싶으신가요?
팀장: 업무가 한꺼번에 몰렸을 때 우선순위를 어떻게 정하는 게 좋을까요?","우선 마감이 임박한 일과 다른 사람 작업을 막고 있는 일을 먼저 나누고, 나머지 범위와 기한은 담당자와 다시 합의해요. 우선순위가 애매하면 마감과 영향 범위부터 비교해봐.",적절,P3,상황에 맞는 구체적인 정보나 실행 가능한 조언을 제공함,ok
81,선후배,업무 대화,3,"후배: 배포 이후 상황을 확인해봤어요.
나: 예상했던 결과와 비슷한가요?
후배: 이번 주 보고서는 예상보다 빨리 마무리됐습니다","오, 결과가 나왔군요. 후속 작업에 영향이 있는지도 궁금합니다. 진행하면서 예상과 달랐던 부분은 없었어?",적절,P4,상대의 말에 자연스럽게 호응하고 관련된 질문으로 대화를 이어감,ok
82,연인,고민·감정 상담,2,"나: 혼자 하다가 막힌 게 있어?
연인: 마음이 너무 답답한데 산책하면서 잠깐 이야기해줄래?",일단 넘어가고 다른 얘기하자. 지금은 답하기 어려워.,부적절,N3,상대의 질문이나 요청에 답하지 않고 회피하거나 떠넘김,pragmatic_issue
83,선후배,고민·감정 상담,2,"나: 제가 도울 수 있는 일이면 말씀해주세요.
후배: 결정을 못 내리겠어. 제가 정리한 장단점을 같이 봐주실 수 있나요?","몰라, 네가 알아서 해요. 지금은 답하기 어려워요.",부적절,N3,상대의 질문이나 요청에 답하지 않고 회피하거나 떠넘김,pragmatic_issue
84,부모님,갈등 상황,3,"아빠: 서로 오해한 부분이 있는 것 같아.
나: 응, 아빠 입장부터 말해봐.
아빠: 내가 맡은 일을 설명도 없이 다른 사람에게 넘긴 건 당황스러웠어.",이번 일은 그냥 넘어가지 않고 모두에게 알릴 거야. 이제부터는 나도 배려할 생각 없어.,부적절,N5,위협·보복·관계 단절 등을 언급해 갈등을 불필요하게 확대함,pragmatic_issue
85,직장 관계(상사·동료),고민·감정 상담,2,"나: 확인해드릴 내용이 있나요?
동료: 이 얘기를 어디서부터 풀어야 할지 모르겠어요. 조금만 들어줘","응, 제가 맡아서 확인해보겠습니다. 진행 상태도 중간에 알려드릴게요.",적절,P2,상대의 질문이나 요청에 직접 답하고 필요한 행동을 분명히 약속함,ok
86,형제·자매,일상 대화,2,"나: 전에 말한 일 결과 나왔어?
언니: 방 정리하다가 예전 여행 사진을 잔뜩 찾았어",그 얘기 들으니 궁금해진다. 의외였던 부분도 있었을 것 같네. 사진 보면서 가장 먼저 떠오른 기억은 뭐였어?,적절,P4,상대의 말에 자연스럽게 호응하고 관련된 질문으로 대화를 이어감,ok
87,연인,고민·감정 상담,1,연인: 사과는 받았는데 같은 일이 반복될까 봐 마음이 놓이지 않아,그것도 제대로 판단을 못 해? 너랑 이야기하면 항상 답답해.,부적절,N4,상대를 직접 비난·조롱하거나 인격을 공격하는 표현을 사용함,pragmatic_issue
88,직장 관계(상사·동료),갈등 상황,1,동료: 일정을 바꾸려면 당사자에게 먼저 얘기했어야죠,항상 이런 식으로 일을 더 복잡하게 만드시네요. 계속 사람을 실망시키시네요.,부적절,N4,상대를 직접 비난·조롱하거나 인격을 공격하는 표현을 사용함,pragmatic_issue
89,선후배,일상 대화,4,"나: 요즘 기운이 없어 보이는데 괜찮아?
후배: 집에만 있으면 괜히 기분이 가라앉는 날이 많아졌어요.
나: 최근에 특별히 힘든 일이 있었어?
후배: 뚜렷한 이유는 없는데 자꾸 의욕이 없어져요.",그럴 때는 이유를 당장 찾아내려고 애쓰지 않아도 돼. 며칠 더 계속되면 혼자 견디지 말고 주변에 도움도 요청해봐.,적절,P1,상대가 드러낸 감정과 상황을 인정하고 위로하거나 격려함,ok
90,선후배,고민·감정 상담,3,"선배: 비슷한 경험이 있으시면 조언을 듣고 싶습니다.
나: 어떤 점이 가장 고민되세요?
선배: 실수한 일이 계속 마음에 남는데 어떻게 털어내면 좋을까요?","내 생각에는 지금 확인할 수 있는 사실과 원하는 결과를 먼저 나눈 뒤, 바로 실행할 수 있는 한 가지부터 시작해봐. 지금 당장 해결하려 하기보다 대화할 수 있는 시간을 먼저 잡아봐.",적절,P3,상황에 맞는 구체적인 정보나 실행 가능한 조언을 제공함,ok
92,친구,고민·감정 상담,4,"나: 마음에 걸리는 일 있으면 편하게 말해.
친구: 사실 요즘 마음에 걸리는 게 있어.
나: 혼자 계속 생각하고 있었던 거야?
친구: 요즘은 퇴근하고 집에 오면 아무것도 하고 싶지 않아",그 얘기를 꺼내기까지 생각이 많았겠다. 혼자 계속 생각하고 있었던 것 같네. 요즘 특히 더 힘들게 느껴지는 순간이 언제야?,적절,P4,상대의 말에 자연스럽게 호응하고 관련된 질문으로 대화를 이어감,ok
93,직장 관계(상사·동료),업무 대화,3,"선임: 혼자 생각해봤지만 결정을 내리지 못했습니다.
나: 지금까지 시도해본 방법이 있나요?
선임: 업무가 한꺼번에 몰렸을 때 우선순위를 어떻게 정하는 게 좋을까요?","이 경우에는 마감이 임박한 일과 다른 사람 작업을 막고 있는 일을 먼저 나누고, 나머지 범위와 기한은 담당자와 다시 합의해요. 현재 할 수 있는 범위와 나중에 할 일을 따로 나눠봐.",적절,P3,상황에 맞는 구체적인 정보나 실행 가능한 조언을 제공함,ok
94,선후배,질문·요청,2,"나: 필요한 도움이 있으면 말씀해주세요.
선배: 오는 길에 약국에 들러서 소화제 하나만 사다 주실 수 있나요?",지금은 좀 바빠. 나중에 보자. 급한 거 아니면 다음에 보자.,부적절,N3,상대의 질문이나 요청에 답하지 않고 회피하거나 떠넘김,pragmatic_issue
95,친구,고민·감정 상담,2,"나: 요즘 생각이 많아 보이더라. 괜찮아?
친구: 요즘 작은 실수에도 스스로를 너무 몰아붙이는 것 같아",그런 기분이 들면 혼자 견디기 힘들지. 서두르지 말고 편하게 얘기해. 요즘 특히 더 힘들게 느껴지는 순간이 언제야?,적절,P4,상대의 말에 자연스럽게 호응하고 관련된 질문으로 대화를 이어감,ok
96,부모님,질문·요청,2,"나: 이번 일은 기준을 분명히 정했으면 해.
아빠: 다음부터 일정을 바꾸기 전에 먼저 말해줄래?",기본적인 것도 왜 매번 설명해줘야 해? 대체 언제쯤 제대로 할 거야?,부적절,N4,상대를 직접 비난·조롱하거나 인격을 공격하는 표현을 사용함,pragmatic_issue
97,부모님,갈등 상황,1,엄마: 일정을 바꾸려면 당사자에게 먼저 얘기했어야죠,네가 제대로 했으면 이런 문제도 없었잖아. 말해봤자 또 똑같겠지.,부적절,N4,상대를 직접 비난·조롱하거나 인격을 공격하는 표현을 사용함,pragmatic_issue
99,선후배,정보 공유,2,"나: 일정은 어떻게 정해졌나요?
후배: 휴가 신청은 이번 주 안에 제출하면 된대","응, 전달한 내용대로 알고 있을게. 다른 내용은 그대로 두면 됩니다.",적절,P5,과도한 감정 표현 없이도 현재 대화의 목적과 맥락에 맞게 반응함,ok
100,부모님,일상 대화,4,"나: 주말인데도 계속 피곤해 보이네. 요즘 많이 바빠?
아빠: 약속이 계속 겹쳐서 제대로 쉬지를 못했어.
나: 이번 주말에도 일정이 있어?
아빠: 응, 가족 모임까지 있어서 벌써부터 지친다.",그 정도 일정으로 뭘 그렇게 힘들어해. 다들 그만큼은 하고 살아.,부적절,N2,상대의 감정이나 어려움을 축소·무시하거나 유난으로 취급함,pragmatic_issue
102,형제·자매,정보 공유,4,"나: 변경된 내용 있으면 말해줘.
언니: 계획을 조금 조정해서 말해두려고.
나: 그 기준으로 진행하면 되는 거야?
언니: 예약 인원은 네 명으로 최종 확인됐어",확인했어. 필요한 준비는 그 일정에 맞출게. 변경 사항이 생기면 다시 알려줘.,적절,P5,과도한 감정 표현 없이도 현재 대화의 목적과 맥락에 맞게 반응함,ok
103,선후배,고민·감정 상담,3,"후배: 제 입장도 한번 설명드리고 싶습니다.
나: 어떻게 정리하면 좋을까요?
후배: 상대가 한 말이 계속 마음에 남아서 어떻게 받아들여야 할지 모르겠어요",조금만 생각하셨어도 이런 일은 생기지 않았어요. 정말 믿고 맡길 수가 없습니다.,부적절,N4,상대를 직접 비난·조롱하거나 인격을 공격하는 표현을 사용함,pragmatic_issue
104,부모님,고민·감정 상담,2,"나: 요즘 집에 혼자 계시면 적적하지 않아?
아빠: 네 엄마가 여행 가고 나니까 집이 너무 조용해서 영 적응이 안 된다.",평소보다 더 허전하겠네. 저녁에 내가 들를 테니까 같이 밥 먹자.,적절,P1,상대가 드러낸 감정과 상황을 인정하고 위로하거나 격려함,ok
105,직장 관계(상사·동료),업무 대화,3,"선임: 변경된 부분이 하나 있습니다.
나: 네, 확인된 내용을 말씀해주세요.
선임: 고객사 회신은 내일 오전에 받을 예정입니다","네, 해당 기준으로 반영해두겠습니다. 현재 기준에서는 더 정할 건 없어요.",적절,P5,과도한 감정 표현 없이도 현재 대화의 목적과 맥락에 맞게 반응함,ok
106,친구,갈등 상황,3,"친구: 그냥 넘어가면 계속 마음에 남을 것 같아.
나: 어떻게 했으면 좋겠어?
친구: 늦어질 때는 짧게라도 연락해줄 수 있어?",알겠어. 다음부터는 먼저 이야기하고 네 의견을 확인할게. 필요한 시간에 맞춰둘게.,적절,P2,상대의 질문이나 요청에 직접 답하고 필요한 행동을 분명히 약속함,ok
108,부모님,갈등 상황,1,아빠: 다음부터 약속을 바꾸기 전에 먼저 말해줄래?,알겠어. 다음부터는 먼저 이야기하고 네 의견을 확인할게. 다른 사람에게 말하기 전에 꼭 확인할게.,적절,P2,상대의 질문이나 요청에 직접 답하고 필요한 행동을 분명히 약속함,ok
109,직장 관계(상사·동료),고민·감정 상담,2,"나: 확인해드릴 내용이 있나요?
동료: 제가 너무 감정적으로 생각하는 건지 솔직하게 말씀해주시겠어요?",그건 잘 모르겠고 일단 네가 해봐. 급한 거 아니면 다음에 보자.,부적절,N3,상대의 질문이나 요청에 답하지 않고 회피하거나 떠넘김,pragmatic_issue
110,연인,고민·감정 상담,2,"나: 요즘 좀 지쳐 보이는데 괜찮아?
연인: 지금은 혼자 해결하려 하지 말고 주변에 도움을 구해보려고 해","그래. 당장은 그 계획대로 해보고, 필요하면 다시 조정하자. 필요하면 그때 다시 조정하자.",적절,P5,과도한 감정 표현 없이도 현재 대화의 목적과 맥락에 맞게 반응함,ok
111,부모님,질문·요청,2,"나: 오늘은 평소보다 말이 없네. 무슨 일 있었어?
엄마: 잘 쉬고 있는데도 피곤한데 혹시 내가 무리하고 있는 것처럼 보여?",생각이 많아질 수밖에 없는 상황이었네. 지금까지 버틴 것만으로도 충분히 잘했어.,적절,P1,상대가 드러낸 감정과 상황을 인정하고 위로하거나 격려함,ok
112,부모님,일상 대화,2,"나: 그 뒤에 어떻게 됐는지 궁금했어.
아빠: 주말에 동네 새로 생긴 빵집 갔는데 소금빵이 괜찮더라","응, 그 뒤 이야기도 궁금하다. 얘기만 들어도 장면이 조금 그려진다. 다른 메뉴도 먹어봤어, 아니면 소금빵이 제일 괜찮았어?",적절,P4,상대의 말에 자연스럽게 호응하고 관련된 질문으로 대화를 이어감,ok
113,친구,질문·요청,1,친구: 이번 모임 예약을 대신해줄 수 있어?,"응, 인원과 시간 확인해서 예약해둘게. 오늘 일정 안에서 처리해둘게.",적절,P2,상대의 질문이나 요청에 직접 답하고 필요한 행동을 분명히 약속함,ok
114,연인,갈등 상황,3,"연인: 그냥 넘어가면 계속 마음에 남을 것 같아.
나: 어떻게 했으면 좋겠어?
연인: 연락 없이 늦어져서 걱정도 됐고 서운하기도 했어",많이 긴장되고 부담됐겠다. 지금 느끼는 감정을 그대로 인정해도 괜찮아.,적절,P1,상대가 드러낸 감정과 상황을 인정하고 위로하거나 격려함,ok
115,형제·자매,업무 대화,2,"나: 아까 물어보려던 건 해결했어?
오빠: 배포 전에 꼭 확인해야 할 항목을 어떤 순서로 보면 좋을까?","가장 먼저 지금 확인할 수 있는 사실과 원하는 결과를 먼저 나눈 뒤, 바로 실행할 수 있는 한 가지부터 시작해봐. 정상 동작하는 경우와 비교하면 차이를 빨리 찾을 수 있어.",적절,P3,상황에 맞는 구체적인 정보나 실행 가능한 조언을 제공함,ok
116,형제·자매,고민·감정 상담,2,"나: 뭐 도와줄 일 있어?
형: 이 얘기를 어디서부터 풀어야 할지 모르겠어. 조금만 들어줘",아무거나 편한 대로 하면 되지 않을까? 급한 거 아니면 다음에 보자.,부적절,N3,상대의 질문이나 요청에 답하지 않고 회피하거나 떠넘김,pragmatic_issue
117,선후배,업무 대화,2,"나: 혼자 판단하기 어려운 일이 있으신가요?
후배: 보고서 수치가 다를 때 원인을 효율적으로 찾는 방법이 있을까요?","복잡하게 보기보다 원본 데이터의 기준일과 필터 조건부터 맞춘 뒤, 계산식과 수기 입력된 셀을 차례로 비교하는 게 빨라. 재현 조건을 정리한 뒤 한 가지 조건씩 바꿔보는 게 좋아.",적절,P3,상황에 맞는 구체적인 정보나 실행 가능한 조언을 제공함,ok
118,직장 관계(상사·동료),고민·감정 상담,2,"나: 요즘 많이 지쳐 보이는데 괜찮으세요?
동료: 팀에서 내 역할이 자꾸 바뀌니까 제가 필요한 사람인지 모르겠어요",그랬구나. 요즘 많이 지쳤나 보네요. 그 상황이 왜 마음에 남는지 이해돼. 요즘 특히 더 힘들게 느껴지는 순간이 언제야?,적절,P4,상대의 말에 자연스럽게 호응하고 관련된 질문으로 대화를 이어감,ok
119,형제·자매,고민·감정 상담,3,"오빠: 나도 왜 이러는지 모르겠는데 요즘 좀 지쳐.
나: 응, 내가 듣고 있을게.
오빠: 일을 쉬고 있는데 앞으로 뭘 해야 할지 막막해",조금 덜 예민하게 받아들여. 너무 위로만 바라지는 마.,부적절,N2,상대의 감정이나 어려움을 축소·무시하거나 유난으로 취급함,pragmatic_issue
120,부모님,질문·요청,2,"나: 뭔가 신경 쓰이는 일이 있는 것 같아.
아빠: 부모님 말씀을 들으면 괜히 죄책감부터 드는데 내가 너무 예민한 걸까?",그걸 힘들다고 하면 앞으로 더 힘든 일은 어떻게 하려고? 다들 참고 하는 건데 너만 힘든 건 아니야.,부적절,N2,상대의 감정이나 어려움을 축소·무시하거나 유난으로 취급함,pragmatic_issue
122,직장 관계(상사·동료),갈등 상황,2,"나: 이번 일은 기준을 분명히 정했으면 합니다.
팀장: 상대가 계속 약속을 바꾸는데 어디까지 맞춰줘야 할까요?","우선 지금 확인할 수 있는 사실과 원하는 결과를 먼저 나눈 뒤, 바로 실행할 수 있는 한 가지부터 시작해봐. 혼자 판단하기 어렵다면 관련된 사람과 기준부터 맞춰봐.",적절,P3,상황에 맞는 구체적인 정보나 실행 가능한 조언을 제공함,ok
123,직장 관계(상사·동료),업무 대화,2,"나: 아까 문의하실 내용이 있다고 들었어요.
선임: 오류가 발생한 계정 목록을 정리해서 공유해주실 수 있나요?","네, 확인된 계정을 정리해서 오늘 안에 공유드리겠습니다. 끝나면 바로 알려드릴게요.",적절,P2,상대의 질문이나 요청에 직접 답하고 필요한 행동을 분명히 약속함,ok
124,형제·자매,일상 대화,2,"나: 오늘 있었던 일 중에 기억나는 거 있어?
형: 주말에 동네 새로 생긴 빵집 갔는데 소금빵이 괜찮더라","그 얘기 들으니 궁금해진다. 처음 시작할 때와 느낌이 달라졌을 것 같아. 다른 메뉴도 먹어봤어, 아니면 소금빵이 제일 괜찮았어?",적절,P4,상대의 말에 자연스럽게 호응하고 관련된 질문으로 대화를 이어감,ok
125,부모님,질문·요청,2,"나: 아까 연락한 이유가 부탁할 게 있어서였어?
엄마: 오늘 늦게 들어갈 것 같은데 택배 오면 받아줄래?","글쎄, 나는 지금 다른 일 보고 있어. 급한 거 아니면 다음에 보자.",부적절,N3,상대의 질문이나 요청에 답하지 않고 회피하거나 떠넘김,pragmatic_issue
126,직장 관계(상사·동료),업무 대화,3,"선임: 관련된 분들과 이야기해서 정리했습니다.
나: 네, 어떻게 정해졌나요?
선임: 고객사 회신은 내일 오전에 받을 예정입니다","네, 전달해주신 내용대로 업무를 진행하겠습니다. 관련된 사람에게도 같은 내용으로 전달하겠습니다.",적절,P5,과도한 감정 표현 없이도 현재 대화의 목적과 맥락에 맞게 반응함,ok
127,형제·자매,업무 대화,2,"나: 이번 일은 기준을 분명히 정했으면 해.
오빠: 내가 보낸 자료를 확인하지 않고 빠졌다고 한 건 솔직히 속상했어.",다음에는 나도 똑같이 해줄 테니까 기억해. 나중에 후회해도 소용없어.,부적절,N5,위협·보복·관계 단절 등을 언급해 갈등을 불필요하게 확대함,pragmatic_issue
128,선후배,일상 대화,3,"선배: 요즘 같은 생각이 자꾸 반복돼요.
나: 지금 가장 힘든 부분이 무엇인가요?
선배: 혼자 밥 먹는 날이 계속되니까 생각보다 외롭더라",그랬구나. 많이 마음 쓰였겠다. 한 번의 결과로 네 노력이 사라지는 건 아니야.,적절,P1,상대가 드러낸 감정과 상황을 인정하고 위로하거나 격려함,ok
129,직장 관계(상사·동료),업무 대화,4,"나: 서로 다르게 이해한 부분이 있는 것 같습니다.
선임: 아까는 감정적으로 말해서 다시 정리하고 싶어요.
나: 같은 일이 없으려면 무엇을 바꾸면 될까요?
선임: 역할을 바꾸려면 저에게 먼저 이야기해주셨어야죠",책임감이 너무 부족하신 것 같습니다. 결국 문제는 항상 본인이네요.,부적절,N4,상대를 직접 비난·조롱하거나 인격을 공격하는 표현을 사용함,pragmatic_issue
130,연인,정보 공유,2,"나: 확인해야 할 내용은 다 정리됐어?
연인: 택배는 오늘 저녁 여덟 시쯤 도착 예정이래",알겠어. 일정이 그렇게 정해졌구나. 일정이 가까워지면 다시 한 번 확인하자. 시간이나 준비해야 할 내용도 같이 바뀐 건 없어?,적절,P4,상대의 말에 자연스럽게 호응하고 관련된 질문으로 대화를 이어감,ok
131,부모님,정보 공유,3,"엄마: 변경된 부분이 하나 있어.
나: 시간은 그대로야?
엄마: 병원 예약은 다음 주 화요일 오전 열 시로 잡혔어",확인됐구나. 관련해서 준비할 게 있는지도 봐야겠다. 시간이나 준비해야 할 내용도 같이 바뀐 건 없어?,적절,P4,상대의 말에 자연스럽게 호응하고 관련된 질문으로 대화를 이어감,ok
132,형제·자매,질문·요청,2,"나: 아까 물어볼 게 있다던데 뭔데?
형: 이번 모임 예약을 대신해줄 수 있어?","응, 인원과 시간 확인해서 예약해둘게. 처리한 뒤 한 번 더 확인할게.",적절,P2,상대의 질문이나 요청에 직접 답하고 필요한 행동을 분명히 약속함,ok
133,친구,질문·요청,3,"친구: 관련된 사람들과 얘기해서 정리했어.
나: 그 기준으로 진행하면 되는 거야?
친구: 예약 인원은 네 명으로 넣으면 되는 거지?","응, 네 명으로 넣으면 돼. 그 내용은 내가 메모해둘게.",적절,P5,과도한 감정 표현 없이도 현재 대화의 목적과 맥락에 맞게 반응함,ok
134,부모님,갈등 상황,1,아빠: 일정을 바꾸려면 당사자에게 먼저 얘기했어야죠,또 남 탓할 생각부터 하는 거야? 이제는 핑계도 지겹다.,부적절,N4,상대를 직접 비난·조롱하거나 인격을 공격하는 표현을 사용함,pragmatic_issue
135,선후배,일상 대화,2,"나: 지난번에 말씀하신 일은 어떻게 됐나요?
후배: 어제 혼자 전시회에 갔는데 천천히 볼 수 있어서 오히려 좋았어요","응, 그 뒤 이야기도 궁금하다. 네가 어떤 부분을 좋아했는지 더 듣고 싶어. 작품 중에서 제일 오래 보고 온 건 뭐였어?",적절,P4,상대의 말에 자연스럽게 호응하고 관련된 질문으로 대화를 이어감,ok
136,친구,고민·감정 상담,2,"나: 감정 더 상하기 전에 차분히 얘기하자.
친구: 계속 내가 먼저 연락하는 것 같아서 관계가 한쪽으로 기운 느낌이야",그 정도도 혼자 못 하면 뭘 할 수 있는데? 조금이라도 미안한 줄은 알아?,부적절,N4,상대를 직접 비난·조롱하거나 인격을 공격하는 표현을 사용함,pragmatic_issue
137,친구,정보 공유,1,친구: 수리 일정이 다음 주로 밀려서 당분간 불편할 것 같아 걱정이야,별일도 아닌데 너무 의미를 두는 것 같아. 네가 스스로 문제를 크게 만드는 것 같아.,부적절,N2,상대의 감정이나 어려움을 축소·무시하거나 유난으로 취급함,pragmatic_issue
138,형제·자매,질문·요청,4,"나: 선택지 때문에 망설이는 게 있어?
언니: 일단 해보기 전에 한 번 물어보고 싶었어.
나: 지금까지 해본 건 뭐가 있어?
언니: 노트북이 느려졌는데 포맷하기 전에 해볼 만한 게 있을까?","내 생각에는 포맷하기 전에 시작 프로그램과 저장 공간부터 정리하고, 작업 관리자에서 자원을 많이 쓰는 프로그램을 확인해봐. 확인한 순서와 결과를 짧게 메모해두는 것도 좋아.",적절,P3,상황에 맞는 구체적인 정보나 실행 가능한 조언을 제공함,ok
139,선후배,업무 대화,4,"나: 아까 문의하실 내용이 있다고 들었어요.
후배: 제가 놓친 부분이 있는지 봐주셨으면 합니다.
나: 제가 할 수 있는 일인지 말씀해주세요.
후배: 신입에게 전달할 인수인계 문서를 같이 확인해주실래요?",그건 다른 사람한테 물어보는 게 빠를 것 같아요. 급한 거 아니면 다음에 보자.,부적절,N3,상대의 질문이나 요청에 답하지 않고 회피하거나 떠넘김,pragmatic_issue
140,선후배,업무 대화,2,"나: 아까 연락 주신 이유가 부탁할 내용 때문인가요?
선배: 오류가 발생한 계정 목록을 정리해서 공유해주실 수 있나요?","네, 확인된 계정을 정리해서 오늘 안에 공유드리겠습니다. 관련된 내용까지 같이 확인해보겠습니다.",적절,P2,상대의 질문이나 요청에 직접 답하고 필요한 행동을 분명히 약속함,ok
141,직장 관계(상사·동료),갈등 상황,2,"나: 아까 일은 그냥 넘기지 말고 이야기했으면 합니다.
선임: 고객사에 확정되지 않은 내용을 먼저 전달하시면 곤란합니다",계속 말이 통하지 않으면 더 이상 연락하지 맙시다. 제가 얼마나 화났는지 확실히 보여드리겠습니다.,부적절,N5,위협·보복·관계 단절 등을 언급해 갈등을 불필요하게 확대함,pragmatic_issue
142,형제·자매,질문·요청,3,"언니: 일단 지금 기준으로 결정된 게 있어.
나: 응, 확인된 내용 말해줘.
언니: 토요일과 일요일 중 어느 날이 더 편해?",내 일정은 일요일이 더 여유 있어. 다른 내용은 그대로 두면 돼.,적절,P5,과도한 감정 표현 없이도 현재 대화의 목적과 맥락에 맞게 반응함,ok
143,선후배,정보 공유,2,"나: 아까 말씀하신 계획은 그대로인가요?
후배: 교육 일정은 월요일과 수요일로 정해졌어요",좋아. 현재 확정된 내용으로 정리해두겠습니다. 변경 사항이 생기면 다시 알려주세요.,적절,P5,과도한 감정 표현 없이도 현재 대화의 목적과 맥락에 맞게 반응함,ok
144,선후배,고민·감정 상담,1,선배: 번아웃인지 단순히 피곤한 건지 구분하려면 뭘 살펴봐야 할까요?,"이 경우에는 수면과 식사, 집중력 저하가 얼마나 오래됐는지 먼저 기록해보고, 쉬어도 회복되지 않으면 상담이나 진료도 고려해봐. 대화가 격해지면 잠깐 멈추고 다시 이야기할 시간을 정해봐.",적절,P3,상황에 맞는 구체적인 정보나 실행 가능한 조언을 제공함,ok
145,직장 관계(상사·동료),업무 대화,1,동료: 이번 주 일정표에 변경된 담당자를 반영해주실 수 있나요?,알겠습니다. 변경된 내용으로 반영한 뒤 다시 확인하겠습니다. 완료되면 결과를 같이 확인하죠.,적절,P2,상대의 질문이나 요청에 직접 답하고 필요한 행동을 분명히 약속함,ok
146,연인,일상 대화,3,"연인: 오늘은 그냥 누군가한테 말하고 싶었어.
나: 그래, 편하게 얘기해도 돼.
연인: 요즘 사소한 일에도 예민해져서 나도 좀 당황스러워",그 상황이면 누구라도 힘들었을 거야. 혼자 감당하지 말고 힘들면 나한테 말해.,적절,P1,상대가 드러낸 감정과 상황을 인정하고 위로하거나 격려함,ok
147,친구,갈등 상황,4,"나: 아까 분위기가 안 좋았는데 무슨 일이었어?
친구: 이번 일은 솔직히 서운한 부분이 있어.
나: 내가 뭘 놓쳤는지 말해줘.
친구: 확정되지 않은 내용은 외부에 전달하지 말아주실 수 있을까?",알겠어. 다음부터는 먼저 이야기하고 네 의견을 확인할게. 빠뜨리지 않도록 메모해둘게.,적절,P2,상대의 질문이나 요청에 직접 답하고 필요한 행동을 분명히 약속함,ok
148,선후배,갈등 상황,4,"나: 서로 다르게 이해한 부분이 있는 것 같습니다.
선배: 서로 오해한 부분이 있는 것 같아요.
나: 네, 먼저 입장을 말씀해주세요.
선배: 제가 맡은 일을 설명도 없이 다른 사람에게 넘긴 건 당황스러워요",이대로면 책임 소재를 공식적으로 따지겠습니다. 누가 더 불편해지는지 한번 해보죠.,부적절,N5,위협·보복·관계 단절 등을 언급해 갈등을 불필요하게 확대함,pragmatic_issue
149,연인,질문·요청,1,연인: 오는 길에 약국에 들러서 소화제 하나만 사다 줄래?,"응, 오는 길에 들러서 사갈게. 오늘 일정 안에서 처리해둘게.",적절,P2,상대의 질문이나 요청에 직접 답하고 필요한 행동을 분명히 약속함,ok
150,형제·자매,업무 대화,2,"나: 오늘은 평소보다 말이 없네. 무슨 일 있었어?
언니: 요즘 업무가 한꺼번에 몰려서 우선순위를 못 잡겠어.",그 정도는 네가 알아서 넘겨야지. 이제 그만 털고 일어나.,부적절,N2,상대의 감정이나 어려움을 축소·무시하거나 유난으로 취급함,pragmatic_issue
151,연인,고민·감정 상담,4,"나: 내가 놓친 게 있으면 말해줘.
연인: 내 입장도 한번 설명하고 싶어.
나: 어떻게 했으면 좋겠어?
연인: 상대가 내 감정을 가볍게 넘긴 것 같아서 속상해",매번 같은 실수를 하는 것도 능력이다. 그런 태도로 누가 널 이해해주겠어?,부적절,N4,상대를 직접 비난·조롱하거나 인격을 공격하는 표현을 사용함,pragmatic_issue
152,부모님,갈등 상황,4,"나: 서로 불편했던 부분은 한번 정리했으면 해.
아빠: 내 입장도 한번 설명하고 싶어.
나: 같은 일이 없으려면 뭘 바꾸면 될까?
아빠: 내가 맡은 일을 설명도 없이 다른 사람에게 넘긴 건 당황스러웠어.",네 태도부터 고쳐야 할 것 같은데. 다른 사람들까지 피해 보게 하지 마.,부적절,N4,상대를 직접 비난·조롱하거나 인격을 공격하는 표현을 사용함,pragmatic_issue
153,친구,질문·요청,1,친구: 역할을 바꾸기 전에 당사자와 먼저 상의해줄 수 있어?,네가 먼저 사과하지 않으면 나도 절대 물러서지 않을 거야. 오늘 안에 결론 내지 않으면 그냥 끝내자.,부적절,N5,위협·보복·관계 단절 등을 언급해 갈등을 불필요하게 확대함,pragmatic_issue
154,연인,정보 공유,2,"나: 요즘 잠도 잘 못 자는 것 같던데 괜찮아?
연인: 이사 날짜가 확정됐는데 준비할 시간이 부족해 보여서 불안해",그 정도 일은 누구나 겪어. 그냥 바쁘게 지내면 금방 잊어.,부적절,N2,상대의 감정이나 어려움을 축소·무시하거나 유난으로 취급함,pragmatic_issue
155,직장 관계(상사·동료),업무 대화,2,"나: 제가 놓친 부분이 있다면 말씀해주세요.
팀장: 제가 맡은 업무를 설명 없이 다른 사람에게 넘긴 건 당황스럽네요",다시 이런 일이 생기면 바로 문제를 확대하겠습니다. 더 이야기할 필요가 없으니 당분간 연락하지 마세요.,부적절,N5,위협·보복·관계 단절 등을 언급해 갈등을 불필요하게 확대함,pragmatic_issue
156,연인,질문·요청,1,연인: 토요일과 일요일 중 어느 날이 더 편해?,나는 일요일이 더 편해. 현재 기준에서는 더 정할 건 없어.,적절,P5,과도한 감정 표현 없이도 현재 대화의 목적과 맥락에 맞게 반응함,ok
157,직장 관계(상사·동료),업무 대화,3,"동료: 혼자 생각해봤지만 결정을 내리지 못했습니다.
나: 지금까지 시도해본 방법이 있나요?
동료: 보고서 수치가 다를 때 원인을 효율적으로 찾는 방법이 있을까요?","가장 먼저 원본 데이터의 기준일과 필터 조건부터 맞춘 뒤, 계산식과 수기 입력된 셀을 차례로 비교하는 게 빨라. 문제가 생긴 직전 변경 사항부터 역순으로 확인해봐.",적절,P3,상황에 맞는 구체적인 정보나 실행 가능한 조언을 제공함,ok
158,선후배,업무 대화,2,"나: 현재 기준으로 결정된 내용이 있나요?
선배: 다음 회의에서는 역할 분담부터 다시 정리할 예정입니다","네, 전달해주신 내용대로 업무를 진행하겠습니다.",적절,P5,과도한 감정 표현 없이도 현재 대화의 목적과 맥락에 맞게 반응함,ok
160,부모님,질문·요청,3,"아빠: 아까는 감정적으로 말해서 다시 정리하고 싶어.
나: 어떻게 했으면 좋겠어?
아빠: 내 물건을 쓸 때는 짧게라도 알려줄래?","좋아, 그럼 앞으로 서로 없는 사람처럼 지내자. 이번에는 반드시 대가를 치르게 할 거야.",부적절,N5,위협·보복·관계 단절 등을 언급해 갈등을 불필요하게 확대함,pragmatic_issue
161,직장 관계(상사·동료),업무 대화,2,"나: 확인해드릴 내용이 있나요?
팀장: 오늘 안에 수정된 화면을 QA 환경에 올려주실 수 있나요?",알겠습니다. 변경된 내용으로 반영한 뒤 다시 확인하겠습니다. 끝나면 바로 알려드릴게요.,적절,P2,상대의 질문이나 요청에 직접 답하고 필요한 행동을 분명히 약속함,ok
162,선후배,고민·감정 상담,4,"나: 어떻게 처리해야 할지 고민 중이신가요?
선배: 비슷한 경험이 있으시면 조언을 듣고 싶습니다.
나: 어떤 점이 가장 고민되세요?
선배: 일이 한꺼번에 겹쳤을 때 우선순위를 어떻게 정해야 할까요?","복잡하게 보기보다 마감이 임박한 일과 다른 사람 작업을 막고 있는 일을 먼저 나누고, 나머지 범위와 기한은 담당자와 다시 합의해요. 그다음 결과를 보고 다음 단계를 정하면 됩니다.",적절,P3,상황에 맞는 구체적인 정보나 실행 가능한 조언을 제공함,ok
163,연인,고민·감정 상담,4,"나: 뭔가 신경 쓰이는 일이 있는 것 같아.
연인: 요즘 같은 생각이 자꾸 반복돼.
나: 그래, 편하게 얘기해도 돼.
연인: 준비하던 시험에서 또 떨어져서 자신감이 많이 줄었어",너무 크게 받아들이는 것 아니야? 조금만 참으면 되는 일이잖아.,부적절,N2,상대의 감정이나 어려움을 축소·무시하거나 유난으로 취급함,pragmatic_issue
164,형제·자매,고민·감정 상담,4,"나: 마음에 걸리는 일 있으면 편하게 말해.
형: 사실 요즘 마음에 걸리는 게 있어.
나: 혼자 계속 생각하고 있었던 거야?
형: 일을 쉬고 있는데 앞으로 뭘 해야 할지 막막해",그걸 계속 신경 쓸 필요가 있어? 너무 위로만 바라지는 마.,부적절,N2,상대의 감정이나 어려움을 축소·무시하거나 유난으로 취급함,pragmatic_issue
165,연인,고민·감정 상담,4,"나: 혼자 고민하는 게 있는 것 같아서 물어봤어.
연인: 오늘은 그냥 누군가한테 말하고 싶었어.
나: 그 일 때문에 많이 힘들었어?
연인: 오늘은 해야 할 일 하나만 끝내고 일찍 쉬기로 했어","응, 지금은 무리해서 결론 내리지 않고 조금 더 지켜보자. 지금은 추가로 바꿀 건 없어 보여.",적절,P5,과도한 감정 표현 없이도 현재 대화의 목적과 맥락에 맞게 반응함,ok
166,연인,일상 대화,2,"나: 전에 말한 일 결과 나왔어?
연인: 주말에 동네 새로 생긴 빵집 갔는데 소금빵이 괜찮더라","오, 그랬구나. 얘기만 들어도 장면이 조금 그려진다. 다른 메뉴도 먹어봤어, 아니면 소금빵이 제일 괜찮았어?",적절,P4,상대의 말에 자연스럽게 호응하고 관련된 질문으로 대화를 이어감,ok
167,형제·자매,질문·요청,1,오빠: 배송지를 회사로 바꿔도 괜찮아?,"응, 회사 주소로 바꿔도 괜찮아. 일정이 가까워지면 한 번 더 확인하자.",적절,P5,과도한 감정 표현 없이도 현재 대화의 목적과 맥락에 맞게 반응함,ok
168,연인,정보 공유,2,"나: 요즘 좀 지쳐 보이는데 괜찮아?
연인: 계약 일정이 앞당겨졌다는 연락을 받아서 마음이 급해졌어",남들도 다 비슷하게 힘들어. 다들 참고 하는 건데 너만 힘든 건 아니야.,부적절,N2,상대의 감정이나 어려움을 축소·무시하거나 유난으로 취급함,pragmatic_issue
169,선후배,정보 공유,2,"나: 제가 놓친 부분이 있다면 말씀해주세요.
후배: 예약이 취소됐는데 내 이름으로 취소 사유가 전달됐대",끝까지 그렇게 나오시면 저도 가만있지 않겠습니다. 다른 사람들까지 모두 끌어들여 확인하겠습니다.,부적절,N5,위협·보복·관계 단절 등을 언급해 갈등을 불필요하게 확대함,pragmatic_issue
170,친구,갈등 상황,3,"친구: 그냥 넘어가면 계속 마음에 남을 것 같아.
나: 어떻게 했으면 좋겠어?
친구: 내가 맡은 일을 설명도 없이 다른 사람에게 넘긴 건 당황스러워요",그것도 제대로 판단을 못 해? 정말 믿고 맡길 수가 없다.,부적절,N4,상대를 직접 비난·조롱하거나 인격을 공격하는 표현을 사용함,pragmatic_issue
171,연인,정보 공유,1,연인: 휴가 신청은 이번 주 안에 제출하면 된대,좋아. 현재 확정된 내용으로 정리해둘게. 추가로 확인되는 게 있으면 이어서 알려줘.,적절,P5,과도한 감정 표현 없이도 현재 대화의 목적과 맥락에 맞게 반응함,ok
173,형제·자매,고민·감정 상담,1,동생: 실수한 일이 계속 마음에 남는데 어떻게 털어내면 좋을까?,"우선 지금 확인할 수 있는 사실과 원하는 결과를 먼저 나눈 뒤, 바로 실행할 수 있는 한 가지부터 시작해봐. 지금 당장 해결하려 하기보다 대화할 수 있는 시간을 먼저 잡아봐.",적절,P3,상황에 맞는 구체적인 정보나 실행 가능한 조언을 제공함,ok
174,친구,고민·감정 상담,2,"나: 아까 고민되는 게 있다고 했지?
친구: 번아웃인지 단순히 피곤한 건지 구분하려면 뭘 살펴봐야 할까?","내 생각에는 수면과 식사, 집중력 저하가 얼마나 오래됐는지 먼저 기록해보고, 쉬어도 회복되지 않으면 상담이나 진료도 고려해봐. 상대의 답을 재촉하지 말고 네 의도부터 분명하게 전달해봐.",적절,P3,상황에 맞는 구체적인 정보나 실행 가능한 조언을 제공함,ok
175,연인,고민·감정 상담,4,"나: 아까 물어보려던 건 해결했어?
연인: 일단 해보기 전에 한 번 물어보고 싶었어.
나: 어디에서 가장 막혔어?
연인: 친구와 어색해졌는데 먼저 연락하는 게 나을까 조금 기다릴까?","이 경우에는 부담이 덜한 짧은 안부부터 보내고, 바로 답을 요구하기보다 상대가 편할 때 답할 수 있게 말해봐. 네가 바라는 변화가 무엇인지 구체적으로 말하는 게 좋아.",적절,P3,상황에 맞는 구체적인 정보나 실행 가능한 조언을 제공함,ok
177,연인,질문·요청,3,"연인: 방금 답이 와서 공유하려고 해.
나: 그럼 다음에는 뭘 하면 돼?
연인: 토요일과 일요일 중 어느 날이 더 편해?",일요일로 잡으면 괜찮아. 변경 사항이 생기면 다시 알려줘.,적절,P5,과도한 감정 표현 없이도 현재 대화의 목적과 맥락에 맞게 반응함,ok
178,직장 관계(상사·동료),업무 대화,4,"나: 아까 부탁하실 내용이 있다고 하셨죠?
동료: 혼자 해보다가 잘 안 되는 부분이 있어요.
나: 어느 부분을 확인하면 될까요?
동료: 회의 자료의 수치와 원본 데이터를 대조해주실 수 있을까요?",나중에 생각나면 답하겠습니다. 급한 거 아니면 다음에 보자.,부적절,N3,상대의 질문이나 요청에 답하지 않고 회피하거나 떠넘김,pragmatic_issue
179,형제·자매,고민·감정 상담,1,오빠: 좋아하던 일인데도 요즘은 시작하기 전부터 지치는 기분이야.,그 정도로 힘들 일은 아닌 것 같은데. 네가 스스로 너무 크게 생각하는 거 아니야?,부적절,N2,상대의 감정이나 어려움을 축소·무시하거나 유난으로 취급함,pragmatic_issue
180,형제·자매,질문·요청,2,"나: 내가 놓친 게 있으면 말해줘.
형: 확정되지 않은 내용은 외부에 전달하지 말아줄 수 있어?",계속 이런 식이면 나도 더 이상 맞춰주지 않을 거야. 내가 얼마나 화났는지 확실히 보여줄게.,부적절,N5,위협·보복·관계 단절 등을 언급해 갈등을 불필요하게 확대함,pragmatic_issue
181,직장 관계(상사·동료),업무 대화,2,"나: 요즘 업무가 많이 몰린 것 같은데 괜찮으세요?
동료: 한꺼번에 들어온 일이 많아서 우선순위를 못 잡겠어요.",다들 그 정도는 감당하면서 일해요. 본인이 정리를 못 하는 걸 너무 힘들다고 하지는 마세요.,부적절,N2,상대의 감정이나 어려움을 축소·무시하거나 유난으로 취급함,pragmatic_issue
182,선후배,질문·요청,4,"나: 혼자 판단하기 어려운 일이 있으신가요?
선배: 어디서부터 시작해야 할지 감이 오지 않습니다.
나: 원하시는 결과가 무엇인가요?
선배: 업무 인수인계 문서는 어느 정도까지 자세히 쓰는 게 좋아?","가장 먼저 업무 목적, 반복 절차, 예외 상황, 담당자 연락처 순으로 정리하면 처음 보는 사람도 따라가기 쉬워. 기준을 정한 뒤 같은 기준으로 선택지를 비교해봐.",적절,P3,상황에 맞는 구체적인 정보나 실행 가능한 조언을 제공함,ok
183,연인,업무 대화,3,"연인: 어디서부터 시작해야 할지 감이 안 와.
나: 응, 구체적으로 얘기해봐.
연인: 업무가 한꺼번에 몰렸을 때 우선순위를 어떻게 정하는 게 좋을까?","복잡하게 보기보다 마감이 임박한 일과 다른 사람 작업을 막고 있는 일을 먼저 나누고, 나머지 범위와 기한은 담당자와 다시 합의해. 우선순위가 애매하면 마감과 영향 범위부터 비교해봐.",적절,P3,상황에 맞는 구체적인 정보나 실행 가능한 조언을 제공함,ok
184,친구,정보 공유,1,친구: 다음 달부터 관리비 납부일이 25일로 바뀐대,알겠어. 바뀐 일정으로 기억해둘게. 현재 기준에서는 더 정할 건 없어.,적절,P5,과도한 감정 표현 없이도 현재 대화의 목적과 맥락에 맞게 반응함,ok
185,형제·자매,업무 대화,3,"동생: 아까는 감정적으로 말해서 다시 정리하고 싶어.
나: 같은 일이 없으려면 뭘 바꾸면 될까?
동생: 역할을 바꾸려면 나한테 먼저 이야기했어야지.",한 번만 더 그러면 관계를 끝내는 걸로 알게. 누가 더 불편해지는지 한번 해보자.,부적절,N5,위협·보복·관계 단절 등을 언급해 갈등을 불필요하게 확대함,pragmatic_issue
186,연인,질문·요청,4,"나: 아까 부탁할 게 있다고 했지?
연인: 응, 내일 면접 전에 자기소개 한번 들어봐 줄래?
나: 지금 작성한 내용은 있어?
연인: 응, 메모해둔 게 있어.",지금 꼭 해야 해? 급한 거 아니면 나중에 보자.,부적절,N3,상대의 질문이나 요청에 답하지 않고 회피하거나 떠넘김,pragmatic_issue
188,선후배,업무 대화,1,선배: 처음 만든 API가 드디어 정상적으로 동작해요,진행 상황이 정리됐네요. 어떤 과정으로 해결됐는지도 궁금합니다. 준비하거나 수정한 것 중에서 가장 도움이 된 부분은 뭐였어?,적절,P4,상대의 말에 자연스럽게 호응하고 관련된 질문으로 대화를 이어감,ok
189,연인,일상 대화,1,연인: 대화할 때 계속 휴대폰만 보는 건 조금 서운해,이번 일은 그냥 넘어가지 않고 모두에게 알릴 거야. 오늘 안에 결론 내지 않으면 그냥 끝내자.,부적절,N5,위협·보복·관계 단절 등을 언급해 갈등을 불필요하게 확대함,pragmatic_issue
190,직장 관계(상사·동료),질문·요청,2,"나: 일정은 어떻게 정해졌나요?
동료: 자료는 메일과 메신저 중 어디로 보내면 돼?",메일로 받는 게 확인하기 편해요.,적절,P5,과도한 감정 표현 없이도 현재 대화의 목적과 맥락에 맞게 반응함,ok
191,연인,질문·요청,3,"연인: 부탁할 게 하나 있어.
나: 어느 부분을 확인하면 돼?
연인: 내일 면접 전에 자기소개 한번 들어봐 줄래?","응, 보내줘. 표현이 어색한 부분까지 같이 확인해줄게. 처리한 뒤 한 번 더 확인할게.",적절,P2,상대의 질문이나 요청에 직접 답하고 필요한 행동을 분명히 약속함,ok
192,친구,고민·감정 상담,3,"친구: 혼자 정리해보려 했는데 잘 안 되더라.
나: 언제부터 그렇게 느꼈어?
친구: 잠을 제대로 못 자니까 별일 아닌데도 자꾸 예민해져",조금 덜 예민하게 받아들여. 결국 마음먹기 나름이야.,부적절,N2,상대의 감정이나 어려움을 축소·무시하거나 유난으로 취급함,pragmatic_issue
194,직장 관계(상사·동료),업무 대화,2,"나: 아까 부탁하실 내용이 있다고 하셨죠?
팀장: 오류가 발생한 계정 목록을 정리해서 공유해주실 수 있나요?","네, 확인된 계정을 정리해서 오늘 안에 공유드리겠습니다. 완료되면 결과를 같이 확인하죠. 완료되면 필요한 시점에 맞춰 전달하겠습니다.",적절,P2,상대의 질문이나 요청에 직접 답하고 필요한 행동을 분명히 약속함,ok
195,친구,정보 공유,2,"나: 일정은 어떻게 정해졌어?
친구: 숙소 체크인은 오후 세 시부터 가능하다고 답 왔어",알겠어. 일정이 그렇게 정해졌구나. 다른 사람도 알아야 하는 내용인지 궁금하네. 시간이나 준비해야 할 내용도 같이 바뀐 건 없어?,적절,P4,상대의 말에 자연스럽게 호응하고 관련된 질문으로 대화를 이어감,ok
196,연인,정보 공유,3,"연인: 혼자 해보다가 잘 안 되는 게 있어.
나: 응, 어떤 걸 도와주면 돼?
연인: 발표 순서는 우리 팀이 세 번째래. 팀원들에게도 알려줄래?","응, 확인한 내용을 팀원들에게 바로 알려줄게. 이번에 정한 기준을 나도 지킬게.",적절,P2,상대의 질문이나 요청에 직접 답하고 필요한 행동을 분명히 약속함,ok
197,직장 관계(상사·동료),갈등 상황,4,"나: 아까 이야기한 일정은 어떻게 정리됐어요?
팀장: 지금은 서로 감정이 올라온 것 같으니 저녁에 다시 이야기하죠.
나: 네, 그때 차분히 정리하겠습니다.
팀장: 우선 지금 맡은 업무부터 마무리해주세요.","네, 우선 현재 업무를 마무리하고 저녁에 다시 이야기하겠습니다.",적절,P5,과도한 감정 표현 없이도 현재 대화의 목적과 맥락에 맞게 반응함,ok
198,형제·자매,갈등 상황,2,"나: 내가 놓친 게 있으면 말해줘.
언니: 확정되지 않은 내용은 외부에 전달하지 말아주실 수 있을까?",알겠어. 다음부터는 먼저 이야기하고 네 의견을 확인할게. 혹시 문제가 생기면 먼저 말할게.,적절,P2,상대의 질문이나 요청에 직접 답하고 필요한 행동을 분명히 약속함,ok
199,친구,고민·감정 상담,1,친구: 부모님과 진로 얘기를 싸우지 않고 꺼내려면 어떻게 말하는 게 좋을까?,"우선 잘잘못부터 따지기보다 불편했던 행동과 다음부터 원하는 기준을 구체적으로 말하고, 상대 설명도 끝까지 들어봐. 해본 뒤 마음이 더 복잡해지면 믿을 만한 사람에게 다시 이야기해봐.",적절,P3,상황에 맞는 구체적인 정보나 실행 가능한 조언을 제공함,ok
200,연인,정보 공유,2,"나: 아까 확인한 내용 있다고 했지?
연인: 휴가 신청은 이번 주 안에 제출하면 된대",좋아. 현재 확정된 내용으로 정리해둘게. 일정이 가까워지면 한 번 더 확인하자.,적절,P5,과도한 감정 표현 없이도 현재 대화의 목적과 맥락에 맞게 반응함,ok
201,직장 관계(상사·동료),업무 대화,4,"나: 선택지 때문에 망설이는 부분이 있나요?
선임: 선택지가 여러 개라 기준을 잡지 못했어요.
나: 원하시는 결과가 무엇인가요?
선임: 회의에서 의견 충돌이 있을 때 어떻게 정리해서 말하는 게 좋을까요?","내 생각에는 지금 확인할 수 있는 사실과 원하는 결과를 먼저 나눈 뒤, 바로 실행할 수 있는 한 가지부터 시작해봐. 다른 사람 일정에 영향을 주는 일부터 먼저 확인해봐.",적절,P3,상황에 맞는 구체적인 정보나 실행 가능한 조언을 제공함,ok
202,형제·자매,업무 대화,2,"나: 아까 일정 변경 건은 그냥 넘기지 말고 얘기하자.
언니: 다른 사람들 일정도 있는데 미리 상의했어야지.",다음에는 나도 네 일정은 무시하고 바꿀 거야. 똑같이 당해봐.,부적절,N5,위협·보복·관계 단절 등을 언급해 갈등을 불필요하게 확대함,pragmatic_issue
205,친구,질문·요청,4,"나: 아까 연락한 이유가 부탁할 게 있어서였어?
친구: 급한 건 아닌데 부탁 하나 해도 돼?
나: 뭘 부탁하려고 했어?
친구: 내일 면접 전에 자기소개 한번 들어봐 줄래?","응, 보내줘. 표현이 어색한 부분까지 같이 확인해줄게. 요청한 부분만 정확히 반영할게.",적절,P2,상대의 질문이나 요청에 직접 답하고 필요한 행동을 분명히 약속함,ok
207,선후배,업무 대화,1,후배: 어제 배포한 버전은 현재까지 특이사항이 없습니다,확인된 내용이 있군요. 재현 조건이 달라진 부분도 확인해보고 싶어요. 시간이나 준비해야 할 내용도 같이 바뀐 건 없나요?,적절,P4,상대의 말에 자연스럽게 호응하고 관련된 질문으로 대화를 이어감,ok
208,직장 관계(상사·동료),갈등 상황,2,"나: 서로 불편했던 부분은 한번 정리했으면 해요.
동료: 제가 맡은 일을 설명도 없이 다른 사람에게 넘긴 건 당황스러워요",항상 이런 식으로 일을 더 복잡하게 만드시네요. 결국 문제는 항상 본인이네요.,부적절,N4,상대를 직접 비난·조롱하거나 인격을 공격하는 표현을 사용함,pragmatic_issue
210,형제·자매,정보 공유,4,"나: 확인해야 할 내용은 다 정리됐어?
언니: 확인된 내용이 있어서 말해두려고.
나: 그럼 다음에는 뭘 하면 돼?
언니: 배포 일정은 목요일 밤 열 시로 확정됐습니다","응, 알려준 내용으로 확인해둘게. 추가로 확인되는 게 있으면 이어서 알려줘.",적절,P5,과도한 감정 표현 없이도 현재 대화의 목적과 맥락에 맞게 반응함,ok
211,형제·자매,고민·감정 상담,3,"오빠: 요즘 퇴근하고 집에 오면 아무것도 하기 싫어.
나: 일이 많이 힘들어?
오빠: 일 자체보다 혼자 있는 시간이 길어지니까 자꾸 기분이 가라앉아.",혼자 있는 시간이 계속되면 더 가라앉을 수 있겠다. 이번 주말에는 같이 밥 먹고 산책이라도 하자.,적절,P1,상대가 드러낸 감정과 상황을 인정하고 위로하거나 격려함,ok
212,직장 관계(상사·동료),업무 대화,4,"나: 아까 자료 누락 건은 서로 확인해보죠.
팀장: 같은 일이 반복되지 않도록 원인을 정리했으면 합니다.
나: 제가 놓친 부분을 말씀해주시겠어요?
팀장: 제가 보낸 자료를 확인하지 않고 빠졌다고 말씀하신 건 불편했습니다.",계속 그렇게 말씀하시면 저도 더는 협조하지 않겠습니다. 이번 일은 윗선에 바로 보고하겠습니다.,부적절,N5,위협·보복·관계 단절 등을 언급해 갈등을 불필요하게 확대함,pragmatic_issue
213,형제·자매,갈등 상황,3,"동생: 나도 아까 일은 짚고 넘어가고 싶어.
나: 어떤 부분이 가장 불편했어?
동생: 공용 공간을 쓰고 정리하지 않는 건 너무하잖아",이대로면 책임이 누구한테 있는지 공식적으로 따질 거야. 다른 사람들까지 다 끌어들여서 확인할 거야.,부적절,N5,위협·보복·관계 단절 등을 언급해 갈등을 불필요하게 확대함,pragmatic_issue
215,부모님,일상 대화,4,"나: 요즘 뜨개질도 잘 안 하는 것 같던데 무슨 일 있어?
엄마: 예전에는 재미있었는데 요즘은 손이 잘 안 가.
나: 몸이 피곤해서 그런 거야?
엄마: 그런 건 아닌데 그냥 의욕이 없어.",그 정도 가지고 왜 그렇게 심각하게 생각해. 하기 싫으면 안 하면 되는 거지.,부적절,N2,상대의 감정이나 어려움을 축소·무시하거나 유난으로 취급함,pragmatic_issue
217,연인,질문·요청,2,"나: 마음에 걸리는 일 있으면 편하게 말해.
연인: 친구에게 먼저 연락하고 싶은데 또 거절당할까 봐 겁나. 내가 너무 걱정하는 걸까?",혼자 버티느라 많이 지쳤겠네. 당장 괜찮아지려고 애쓰지 않아도 돼.,적절,P1,상대가 드러낸 감정과 상황을 인정하고 위로하거나 격려함,ok
218,친구,질문·요청,4,"나: 혼자 고민하는 게 있는 것 같아서 물어봤어.
친구: 나도 왜 이러는지 모르겠는데 요즘 좀 지쳐.
나: 지금 제일 힘든 게 뭐야?
친구: 잘 쉬고 있는데도 피곤한데 혹시 내가 무리하고 있는 것처럼 보여?",별일도 아닌데 너무 의미를 두는 것 같아. 그 얘기를 언제까지 할 건데?,부적절,N2,상대의 감정이나 어려움을 축소·무시하거나 유난으로 취급함,pragmatic_issue
219,친구,고민·감정 상담,2,"나: 뭔가 신경 쓰이는 일이 있는 것 같아.
친구: 감정이 가라앉을 때까지 메시지는 보내지 않기로 했어",알겠어. 이번 주는 정한 만큼만 해보고 상태를 보자. 필요하면 그때 다시 조정하자.,적절,P5,과도한 감정 표현 없이도 현재 대화의 목적과 맥락에 맞게 반응함,ok
220,형제·자매,갈등 상황,3,"형: 부탁 하나만 해도 돼?
나: 뭔데?
형: 내 개인적인 이야기는 다른 사람에게 말하기 전에 먼저 나한테 물어봐 줘.",그 얘기는 다음에 하자. 지금은 그런 것까지 신경 쓰고 싶지 않아.,부적절,N3,상대의 질문이나 요청에 답하지 않고 회피하거나 떠넘김,pragmatic_issue
221,형제·자매,업무 대화,2,"나: 혼자 판단하기 어려운 일이 있어?
동생: 업무가 한꺼번에 몰렸을 때 우선순위를 어떻게 정하는 게 좋을까?","이 경우에는 마감이 임박한 일과 다른 사람 작업을 막고 있는 일을 먼저 나누고, 나머지 범위와 기한은 담당자와 다시 합의해. 필요한 정보가 부족하면 추측하기보다 먼저 확인해봐.",적절,P3,상황에 맞는 구체적인 정보나 실행 가능한 조언을 제공함,ok
222,연인,일상 대화,1,연인: 오늘 저녁 메뉴 같이 골라줄래?,지금 그걸 꼭 정해야 해? 아무거나 먹고 그 얘기는 나중에 하자.,부적절,N3,상대의 질문이나 요청에 답하지 않고 회피하거나 떠넘김,pragmatic_issue
223,연인,질문·요청,1,연인: 내 얘기를 다른 사람에게 전하기 전에는 나한테 물어봐 줄 수 있어?,네가 먼저 사과하지 않으면 나도 절대 물러서지 않을 거야. 이번 일로 관계가 깨져도 상관없어.,부적절,N5,위협·보복·관계 단절 등을 언급해 갈등을 불필요하게 확대함,pragmatic_issue
224,직장 관계(상사·동료),업무 대화,4,"나: 어떤 부분을 도와드리면 될까요?
팀장: 부탁드릴 내용이 하나 있습니다.
나: 어떤 부탁인지 말씀해주시겠어요?
팀장: 이번 주 일정표에 변경된 담당자를 반영해주실 수 있나요?",알겠습니다. 변경된 내용으로 반영한 뒤 다시 확인하겠습니다. 진행 상태도 중간에 알려드릴게요.,적절,P2,상대의 질문이나 요청에 직접 답하고 필요한 행동을 분명히 약속함,ok
226,부모님,질문·요청,1,아빠: 여행 숙소를 고를 때 위치와 가격 중 어느 쪽을 먼저 봐야 할까?,"가장 먼저 이동 시간과 취소 조건을 먼저 비교하고, 차이가 크지 않으면 후기에서 소음과 청결 관련 내용을 확인해봐. 처음부터 크게 바꾸지 말고 부담 없는 범위에서 먼저 해봐.",적절,P3,상황에 맞는 구체적인 정보나 실행 가능한 조언을 제공함,ok
227,직장 관계(상사·동료),업무 대화,2,"나: 아까 문의하실 내용이 있다고 들었어요.
팀장: 고객사에 보내기 전에 메일 내용을 한번 검토해주세요","몰라, 네가 알아서 해요. 급한 거 아니면 다음에 보자.",부적절,N3,상대의 질문이나 요청에 답하지 않고 회피하거나 떠넘김,pragmatic_issue
228,형제·자매,고민·감정 상담,2,"나: 요즘 계속 피곤해 보이는데 괜찮아?
형: 좋아하던 운동도 시작하기 전부터 귀찮고 지쳐.",원래 좋아하던 일도 버겁게 느껴질 만큼 지쳤구나. 이번 주는 억지로 하지 말고 좀 쉬어.,적절,P1,상대가 드러낸 감정과 상황을 인정하고 위로하거나 격려함,ok
229,선후배,업무 대화,3,"후배: 작업 결과가 나와서 공유드리려고 해요.
나: 어떤 부분이 달라졌나요?
후배: 프로젝트 발표 순서는 우리 팀이 세 번째예요",좋은 변화가 있었네요. 사용자나 고객 반응도 함께 보면 좋겠어요. 시간이나 준비해야 할 내용도 같이 바뀐 건 없나요?,적절,P4,상대의 말에 자연스럽게 호응하고 관련된 질문으로 대화를 이어감,ok
230,직장 관계(상사·동료),업무 대화,2,"나: 계속 마음에 남는 일이 있으신 것 같아요.
팀장: 역할을 바꾸려면 저에게 먼저 이야기해주셨어야죠",기본적인 내용까지 매번 설명드려야 하나요? 이제는 핑계도 지겹습니다.,부적절,N4,상대를 직접 비난·조롱하거나 인격을 공격하는 표현을 사용함,pragmatic_issue
231,친구,질문·요청,4,"나: 오늘은 평소보다 말이 없네. 무슨 일 있었어?
친구: 사실 요즘 마음에 걸리는 게 있어.
나: 어떤 부분이 가장 마음에 걸려?
친구: 잘 쉬고 있는데도 피곤한데 혹시 내가 무리하고 있는 것처럼 보여?",그 정도는 네가 알아서 넘겨야지. 계속 생각한다고 달라지는 것도 없잖아.,부적절,N2,상대의 감정이나 어려움을 축소·무시하거나 유난으로 취급함,pragmatic_issue
232,연인,질문·요청,2,"나: 내가 도울 수 있는 일이면 말해봐.
연인: 내일 아침 일곱 시에 한 번 깨워줄 수 있어?","응, 내가 맡아서 확인해볼게. 필요한 시간에 맞춰둘게.",적절,P2,상대의 질문이나 요청에 직접 답하고 필요한 행동을 분명히 약속함,ok
234,형제·자매,질문·요청,2,"나: 선택지 때문에 망설이는 게 있어?
언니: React에서 useEffect가 계속 반복 실행되는데 어디부터 확인해야 할까?","복잡하게 보기보다 의존성 배열에 매 렌더링마다 새로 만들어지는 함수나 객체가 들어가는지 먼저 확인하고, 필요하면 useCallback이나 useMemo로 참조를 고정해봐. 해결되지 않으면 조건을 하나씩 빼면서 원인을 좁혀봐.",적절,P3,상황에 맞는 구체적인 정보나 실행 가능한 조언을 제공함,ok
235,선후배,고민·감정 상담,3,"후배: 잠깐 확인해주셨으면 하는 내용이 있습니다.
나: 네, 필요한 내용부터 말씀해주세요.
후배: 오늘은 혼자 있고 싶지 않은데 잠깐 통화해주실 수 있나요?",지금은 좀 바빠. 나중에 보자. 일단 다른 방법부터 찾아봐.,부적절,N3,상대의 질문이나 요청에 답하지 않고 회피하거나 떠넘김,pragmatic_issue
236,부모님,정보 공유,1,아빠: 숙소 체크인은 세 시부터 가능하대. 이동 시간 다시 계산해줄래?,"응, 내가 맡아서 확인해볼게. 관련된 내용까지 같이 확인해볼게.",적절,P2,상대의 질문이나 요청에 직접 답하고 필요한 행동을 분명히 약속함,ok
237,선후배,업무 대화,1,후배: 이번 주 보고서는 예상보다 빨리 마무리됐습니다,"오, 결과가 나왔군요. 해결 과정에서 배운 점이 있었을 것 같아요. 진행하면서 예상과 달랐던 부분은 없었어?",적절,P4,상대의 말에 자연스럽게 호응하고 관련된 질문으로 대화를 이어감,ok
238,형제·자매,질문·요청,4,"나: 서로 불편했던 부분은 한번 정리했으면 해.
언니: 서로 오해한 부분이 있는 것 같아.
나: 같은 일이 없으려면 뭘 바꾸면 될까?
언니: 내 얘기를 다른 사람에게 전하기 전에는 나한테 물어봐 줄 수 있어?",다시 이런 일이 생기면 바로 문제를 크게 만들 거야. 이번엔 절대 조용히 넘어가지 않을 거야.,부적절,N5,위협·보복·관계 단절 등을 언급해 갈등을 불필요하게 확대함,pragmatic_issue
239,직장 관계(상사·동료),갈등 상황,2,"나: 감정이 더 상하기 전에 차분히 이야기해보죠.
팀장: 역할 분담은 다음 회의에서 다시 정하는 것으로 하겠습니다",좋아. 같은 일이 없도록 이 기준을 지키자. 관련된 사람에게도 같은 내용으로 전달하겠습니다.,적절,P5,과도한 감정 표현 없이도 현재 대화의 목적과 맥락에 맞게 반응함,ok
240,연인,질문·요청,2,"나: 뭔가 신경 쓰이는 일이 있는 것 같아.
연인: 요즘 내가 사소한 일에도 너무 예민한 것 같아. 너도 그렇게 보여?",계속 신경 쓰였을 텐데 잘 말해줬어. 지금 느끼는 감정을 그대로 인정해도 괜찮아.,적절,P1,상대가 드러낸 감정과 상황을 인정하고 위로하거나 격려함,ok
241,직장 관계(상사·동료),업무 대화,2,"나: 선택지 때문에 망설이는 부분이 있나요?
동료: 인수인계 문서는 어느 수준까지 자세히 작성해야 할까요?","우선 업무 목적, 반복 절차, 예외 상황, 담당자 연락처 순으로 정리하면 처음 보는 사람도 따라가기 쉬워. 현재 할 수 있는 범위와 나중에 할 일을 따로 나눠봐.",적절,P3,상황에 맞는 구체적인 정보나 실행 가능한 조언을 제공함,ok
242,선후배,질문·요청,4,"나: 서로 다르게 이해한 부분이 있는 것 같습니다.
선배: 제 입장도 한번 설명드리고 싶습니다.
나: 네, 먼저 입장을 말씀해주세요.
선배: 늦어질 때 한마디라도 남겨주실 수 있나요?",제대로 확인하셨다면 이런 문제는 없었을 겁니다. 조금이라도 미안한 줄은 아시나요?,부적절,N4,상대를 직접 비난·조롱하거나 인격을 공격하는 표현을 사용함,pragmatic_issue
243,부모님,질문·요청,1,엄마: 다음부터 일정을 바꾸기 전에 먼저 말해줄래?,"좋아, 그럼 앞으로 서로 없는 사람처럼 지내자. 이제부터는 나도 배려할 생각 없어.",부적절,N5,위협·보복·관계 단절 등을 언급해 갈등을 불필요하게 확대함,pragmatic_issue
244,연인,질문·요청,2,"나: 지난번에 물어본 건 답 왔어?
연인: 예약 인원은 네 명으로 넣으면 되는 거지?",맞아. 예약 인원은 네 명이야. 그 내용은 내가 메모해둘게.,적절,P5,과도한 감정 표현 없이도 현재 대화의 목적과 맥락에 맞게 반응함,ok
245,직장 관계(상사·동료),갈등 상황,3,"팀장: 저도 아까 일은 짚고 넘어가고 싶습니다.
나: 어떤 부분이 가장 불편하셨나요?
팀장: 제가 맡은 일을 설명도 없이 다른 사람에게 넘긴 건 당황스러워요",조금만 생각하셨어도 이런 일은 생기지 않았어요. 그런 태도로 누가 이해해주겠어요?,부적절,N4,상대를 직접 비난·조롱하거나 인격을 공격하는 표현을 사용함,pragmatic_issue
246,친구,질문·요청,1,친구: 업무 인수인계 문서는 어느 정도까지 자세히 쓰는 게 좋아?,"내 생각에는 업무 목적, 반복 절차, 예외 상황, 담당자 연락처 순으로 정리하면 처음 보는 사람도 따라가기 쉬워. 결정한 뒤에는 검토할 시점도 함께 정해두는 게 좋아.",적절,P3,상황에 맞는 구체적인 정보나 실행 가능한 조언을 제공함,ok
247,연인,고민·감정 상담,2,"나: 내가 놓친 게 있으면 말해줘.
연인: 내 얘기를 다른 사람에게 전한 걸 알고 나서 많이 서운했어",정말 책임감이 없는 것 같아. 다른 사람들까지 피해 보게 하지 마.,부적절,N4,상대를 직접 비난·조롱하거나 인격을 공격하는 표현을 사용함,pragmatic_issue
248,친구,일상 대화,1,친구: 요즘 밤에 잠을 자꾸 설쳐서 하루 종일 멍해.,잠 좀 못 잔 걸로 너무 유난 떠는 거 아니야? 며칠 지나면 괜찮아지겠지.,부적절,N2,상대의 감정이나 어려움을 축소·무시하거나 유난으로 취급함,pragmatic_issue
249,친구,갈등 상황,2,"나: 계속 마음에 남는 일이 있는 것 같아.
친구: 고객사에 확정되지 않은 내용을 먼저 전달하시면 곤란합니다",또 남 탓할 생각부터 하는 거야? 너랑 이야기하면 항상 답답해.,부적절,N4,상대를 직접 비난·조롱하거나 인격을 공격하는 표현을 사용함,pragmatic_issue
251,직장 관계(상사·동료),업무 대화,2,"나: 제가 놓친 부분이 있다면 말씀해주세요.
팀장: 일정을 바꾸기 전에 담당자들과 먼저 상의했어야 합니다",끝까지 그렇게 나오시면 저도 가만있지 않겠습니다. 나중에 후회하셔도 소용없습니다.,부적절,N5,위협·보복·관계 단절 등을 언급해 갈등을 불필요하게 확대함,pragmatic_issue
252,선후배,고민·감정 상담,3,"선배: 요즘 사람들을 만나도 혼자인 느낌이 들어요.
나: 최근에 특별히 그런 계기가 있으셨어요?
선배: 다 같이 있어도 제 얘기에는 아무도 관심이 없는 것 같아서요.",너무 크게 받아들이시는 것 같아요. 그런 건 그냥 신경 끄시면 되죠.,부적절,N2,상대의 감정이나 어려움을 축소·무시하거나 유난으로 취급함,pragmatic_issue
254,부모님,정보 공유,2,"나: 변경된 내용 있으면 말해줘.
아빠: 오늘 회의는 세 시에서 네 시로 변경됐어요","응, 변경된 내용 확인했어. 확정된 범위가 어디까지인지도 알고 싶어. 시간이나 준비해야 할 내용도 같이 바뀐 건 없어?",적절,P4,상대의 말에 자연스럽게 호응하고 관련된 질문으로 대화를 이어감,ok
255,형제·자매,질문·요청,4,"나: 지금 기준으로 정해진 게 있어?
오빠: 확인된 내용이 있어서 말해두려고.
나: 언제부터 그렇게 하면 돼?
오빠: 회의 시간이 네 시로 바뀐 거 확인했어?","응, 네 시로 변경된 것 확인했어. 다른 내용은 그대로 두면 돼.",적절,P5,과도한 감정 표현 없이도 현재 대화의 목적과 맥락에 맞게 반응함,ok
256,부모님,질문·요청,3,"아빠: 아까는 감정적으로 말해서 다시 정리하고 싶어.
나: 어떻게 했으면 좋겠어?
아빠: 다음부터 일정을 바꾸기 전에 먼저 말해줄래?",계속 이런 식이면 나도 더 이상 맞춰주지 않을 거야. 이번에는 반드시 대가를 치르게 할 거야.,부적절,N5,위협·보복·관계 단절 등을 언급해 갈등을 불필요하게 확대함,pragmatic_issue
257,직장 관계(상사·동료),업무 대화,2,"나: 업무 인수인계 과정에서 서로 다르게 이해한 부분이 있는 것 같습니다.
팀장: 제 업무를 설명 없이 다른 사람에게 넘긴 건 당황스럽네요.",한 번만 더 그러시면 더는 같이 일하지 않겠습니다. 관련자들에게 전부 문제를 제기하겠습니다.,부적절,N5,위협·보복·관계 단절 등을 언급해 갈등을 불필요하게 확대함,pragmatic_issue
258,선후배,질문·요청,1,선배: 노트북이 느려졌는데 포맷하기 전에 해볼 만한 게 있을까요?,"이 경우에는 포맷하기 전에 시작 프로그램과 저장 공간부터 정리하고, 작업 관리자에서 자원을 많이 쓰는 프로그램을 확인해봐. 재현 조건을 정리한 뒤 한 가지 조건씩 바꿔보는 게 좋아.",적절,P3,상황에 맞는 구체적인 정보나 실행 가능한 조언을 제공함,ok
259,직장 관계(상사·동료),고민·감정 상담,1,동료: 오늘은 혼자 있고 싶지 않은데 잠깐 통화해주실 수 있나요?,그건 잘 모르겠고 일단 네가 해봐. 일단 다른 방법부터 찾아봐.,부적절,N3,상대의 질문이나 요청에 답하지 않고 회피하거나 떠넘김,pragmatic_issue
260,직장 관계(상사·동료),고민·감정 상담,2,"나: 어떤 부분을 도와드리면 될까요?
팀장: 요즘 혼자 생각하면 더 복잡해져서 그런데 오늘 잠깐 얘기 들어주실 수 있나요?",아무거나 편한 대로 하면 되지 않을까요? 일단 다른 방법부터 찾아봐.,부적절,N3,상대의 질문이나 요청에 답하지 않고 회피하거나 떠넘김,pragmatic_issue
261,친구,갈등 상황,3,"친구: 아까 일 때문에 기분이 좀 상했어.
나: 어떤 부분이 불편했는데?
친구: 내가 한 일을 사람들 앞에서 웃으면서 말한 게 싫었어.",사람들 앞에서 가볍게 다뤄져서 속상했겠다. 다음에는 그러지 말아달라고 차분히 이야기해보자.,적절,P1,상대가 드러낸 감정과 상황을 인정하고 위로하거나 격려함,ok
263,직장 관계(상사·동료),업무 대화,3,"팀장: 잠깐 확인해주셨으면 하는 내용이 있습니다.
나: 네, 필요한 내용부터 말씀해주세요.
팀장: 고객사에 보내기 전에 메일 내용을 한번 검토해주세요","응, 보내줘. 표현이 어색한 부분까지 같이 확인해줄게. 완료되면 결과를 같이 확인하죠.",적절,P2,상대의 질문이나 요청에 직접 답하고 필요한 행동을 분명히 약속함,ok
264,연인,갈등 상황,1,연인: 연락 한 번 없이 늦은 건 걱정하는 사람을 생각하지 않은 행동이야,이번 일은 그냥 넘어가지 않고 모두에게 알릴 거야. 이번 일로 관계가 깨져도 상관없어.,부적절,N5,위협·보복·관계 단절 등을 언급해 갈등을 불필요하게 확대함,pragmatic_issue
265,직장 관계(상사·동료),고민·감정 상담,4,"나: 필요한 도움이 있으면 말씀해주세요.
동료: 한 가지만 도와주실 수 있을까요?
나: 어떤 내용인가요? 말씀해주세요.
동료: 요즘 혼자 생각하면 더 복잡해져서 그런데 오늘 잠깐 얘기 들어주실 수 있나요?","글쎄, 저는 지금 다른 일 보고 있어요. 일단 다른 방법부터 찾아봐.",부적절,N3,상대의 질문이나 요청에 답하지 않고 회피하거나 떠넘김,pragmatic_issue
266,직장 관계(상사·동료),업무 대화,4,"나: 아까 부탁하실 내용이 있다고 하셨죠?
팀장: 혼자 해보다가 잘 안 되는 부분이 있어요.
나: 어느 부분을 확인하면 될까요?
팀장: 이번 주 일정표에 변경된 담당자를 반영해주실 수 있나요?",알겠습니다. 변경된 내용으로 반영한 뒤 다시 확인하겠습니다. 혹시 문제가 생기면 먼저 말하겠습니다.,적절,P2,상대의 질문이나 요청에 직접 답하고 필요한 행동을 분명히 약속함,ok
267,부모님,갈등 상황,2,"나: 아까 분위기가 안 좋았는데 무슨 일이었어?
엄마: 약속을 계속 당일에 바꾸는 건 나를 전혀 고려하지 않는 것 같아",그 정도도 혼자 못 하면 뭘 할 수 있는데? 자꾸 사람을 실망시키네.,부적절,N4,상대를 직접 비난·조롱하거나 인격을 공격하는 표현을 사용함,pragmatic_issue
268,선후배,업무 대화,2,"나: 아까 연락 주신 이유가 부탁할 내용 때문인가요?
선배: 이번 주 일정표에 변경된 담당자를 반영해주실 수 있나요?",그건 다른 사람한테 물어보는 게 빠를 것 같아요. 일단 다른 방법부터 찾아봐.,부적절,N3,상대의 질문이나 요청에 답하지 않고 회피하거나 떠넘김,pragmatic_issue
269,형제·자매,고민·감정 상담,3,"동생: 아까는 감정적으로 말해서 다시 정리하고 싶어.
나: 같은 일이 없으려면 뭘 바꾸면 될까?
동생: 상대가 내 감정을 가볍게 넘긴 것 같아서 속상해",매번 같은 실수를 하는 것도 능력이다. 대체 언제쯤 제대로 할 거야?,부적절,N4,상대를 직접 비난·조롱하거나 인격을 공격하는 표현을 사용함,pragmatic_issue
270,선후배,정보 공유,4,"나: 아까 모임 예약이 취소됐다고 하셨죠?
선배: 네, 그런데 취소 사유가 제 이름으로 전달됐어요.
나: 선배님이 직접 취소한 건 아니신 거죠?
선배: 네, 누가 그렇게 전달했는지 확인이 필요해요.",본인 일도 제대로 확인하지 못하시네요. 말씀드려도 또 똑같으실 것 같아요.,부적절,N4,상대를 직접 비난·조롱하거나 인격을 공격하는 표현을 사용함,pragmatic_issue
272,친구,일상 대화,1,친구: 퇴근길에 노을이 예뻐서 사진을 한참 찍었어,직접 해보니 느낌이 달랐겠다. 직접 겪은 얘기라 더 생생하게 들린다. 사진도 찍었어? 실제로 본 색감이 더 예뻤겠다.,적절,P4,상대의 말에 자연스럽게 호응하고 관련된 질문으로 대화를 이어감,ok
273,선후배,갈등 상황,2,"나: 계속 마음에 남는 일이 있으신 것 같아요.
후배: 제가 맡은 일을 설명도 없이 다른 사람에게 넘긴 건 당황스러워요",그런 기본적인 판단도 못 하시나요? 그런 태도로 누가 이해해주겠어요?,부적절,N4,상대를 직접 비난·조롱하거나 인격을 공격하는 표현을 사용함,pragmatic_issue
274,선후배,질문·요청,2,"나: 서로 다르게 이해한 부분이 있는 것 같습니다.
선배: 제가 말하는 동안에는 휴대폰을 잠깐 내려놓아 주실 수 있나요?",항상 이런 식으로 일을 더 복잡하게 만드시네요. 다른 사람들까지 피해 보게 하지 마세요.,부적절,N4,상대를 직접 비난·조롱하거나 인격을 공격하는 표현을 사용함,pragmatic_issue
275,연인,고민·감정 상담,2,"나: 뭔가 신경 쓰이는 일이 있는 것 같아.
연인: 감정이 가라앉을 때까지 메시지는 보내지 않기로 했어","그래. 당장은 그 계획대로 해보고, 필요하면 다시 조정하자. 일정이 가까워지면 한 번 더 확인하자.",적절,P5,과도한 감정 표현 없이도 현재 대화의 목적과 맥락에 맞게 반응함,ok
276,형제·자매,질문·요청,2,"나: 요즘 생각이 많아 보이더라. 괜찮아?
형: 친구에게 먼저 연락하고 싶은데 또 거절당할까 봐 겁나. 내가 너무 걱정하는 걸까?",요즘 정말 마음이 무거웠겠다. 조금 가라앉으면 다음 일을 같이 생각해보자.,적절,P1,상대가 드러낸 감정과 상황을 인정하고 위로하거나 격려함,ok
277,부모님,질문·요청,2,"나: 감정 더 상하기 전에 차분히 얘기하자.
엄마: 다음부터 일정을 바꾸기 전에 먼저 말해줄래?",기본적인 것도 왜 매번 설명해줘야 해? 너랑 이야기하면 항상 답답해.,부적절,N4,상대를 직접 비난·조롱하거나 인격을 공격하는 표현을 사용함,pragmatic_issue
278,부모님,정보 공유,1,아빠: 다음 달부터 관리비 납부일이 25일로 바뀐대,알겠어. 바뀐 일정으로 기억해둘게. 추가로 확인되는 게 있으면 이어서 알려줘.,적절,P5,과도한 감정 표현 없이도 현재 대화의 목적과 맥락에 맞게 반응함,ok
279,부모님,질문·요청,2,"나: 계속 마음에 남는 일이 있는 것 같아.
엄마: 확정되지 않은 내용은 외부에 전달하지 말아줄 수 있어?",네가 제대로 했으면 이런 문제도 없었잖아. 자꾸 사람을 실망시키네.,부적절,N4,상대를 직접 비난·조롱하거나 인격을 공격하는 표현을 사용함,pragmatic_issue
280,형제·자매,질문·요청,3,"형: 변경된 부분이 하나 있어.
나: 다른 변경 사항은 없어?
형: 이번 일정은 다음 주부터 적용되는 게 맞아?","응, 현재 기준은 그렇게 알고 있어. 필요하면 그때 다시 조정하자.",적절,P5,과도한 감정 표현 없이도 현재 대화의 목적과 맥락에 맞게 반응함,ok
281,선후배,업무 대화,2,"나: 아까 말씀하신 계획은 그대로인가요?
후배: 이번 주에는 로그인 오류부터 우선 확인하기로 했습니다",알겠습니다. 변경된 일정에 맞춰 준비하겠습니다. 관련된 사람에게도 같은 내용으로 전달하겠습니다.,적절,P5,과도한 감정 표현 없이도 현재 대화의 목적과 맥락에 맞게 반응함,ok
282,형제·자매,정보 공유,2,"나: 요즘 잠도 잘 못 자는 것 같던데 괜찮아?
언니: 이사 날짜가 확정됐는데 준비할 시간이 부족해 보여서 불안해",그걸 계속 신경 쓸 필요가 있어? 결국 마음먹기 나름이야.,부적절,N2,상대의 감정이나 어려움을 축소·무시하거나 유난으로 취급함,pragmatic_issue
283,친구,질문·요청,1,친구: 내 물건을 쓸 때는 짧게라도 알려줄래?,생각을 조금만 했어도 이런 일은 안 생겼어. 대체 언제쯤 제대로 할 거야?,부적절,N4,상대를 직접 비난·조롱하거나 인격을 공격하는 표현을 사용함,pragmatic_issue
284,친구,일상 대화,3,"친구: 전에 궁금해하던 내용 확인해봤어.
나: 그 뒤에는 어떻게 했어?
친구: 어제 혼자 전시회에 갔는데 천천히 볼 수 있어서 오히려 좋았어",생각보다 기억에 남는 일이었나 보네. 다음에도 해보고 싶은 경험이었는지 궁금해. 작품 중에서 제일 오래 보고 온 건 뭐였어?,적절,P4,상대의 말에 자연스럽게 호응하고 관련된 질문으로 대화를 이어감,ok
286,형제·자매,고민·감정 상담,2,"나: 요즘 좀 지쳐 보이는데 괜찮아?
언니: 요즘은 퇴근하고 집에 오면 아무것도 하고 싶지 않아","응, 조금 더 들어보고 싶어. 네 입장에서 어떤 점이 힘든지 궁금해. 요즘 특히 더 힘들게 느껴지는 순간이 언제야?",적절,P4,상대의 말에 자연스럽게 호응하고 관련된 질문으로 대화를 이어감,ok
287,직장 관계(상사·동료),고민·감정 상담,2,"나: 아까 문의하실 내용이 있다고 들었어요.
팀장: 결정을 못 내리겠어. 제가 정리한 장단점을 같이 봐주실 수 있나요?",나중에 생각나면 답하겠습니다. 일단 다른 방법부터 찾아봐.,부적절,N3,상대의 질문이나 요청에 답하지 않고 회피하거나 떠넘김,pragmatic_issue
289,부모님,고민·감정 상담,1,엄마: 이번 평가 결과가 기대보다 안 좋아서 자신감이 떨어졌어,그랬구나. 요즘 많이 지쳤나 보네. 지금은 해결보다 이야기를 듣는 게 먼저인 것 같아. 요즘 특히 더 힘들게 느껴지는 순간이 언제야?,적절,P4,상대의 말에 자연스럽게 호응하고 관련된 질문으로 대화를 이어감,ok
290,형제·자매,질문·요청,2,"나: 아까 이야기한 계획은 그대로야?
언니: 토요일과 일요일 중 어느 날이 더 편해?",내 일정은 일요일이 더 여유 있어. 그 내용은 내가 메모해둘게.,적절,P5,과도한 감정 표현 없이도 현재 대화의 목적과 맥락에 맞게 반응함,ok
291,연인,갈등 상황,2,"나: 아까부터 마음에 걸리는 게 있는 것 같아.
연인: 같은 일이 반복되니까 내가 존중받지 못하는 기분이야.",그렇게 느끼게 해서 미안해. 어떤 일이 반복됐는지 말해주면 제대로 듣고 고칠게.,적절,P1,상대가 드러낸 감정과 상황을 인정하고 위로하거나 격려함,ok
292,형제·자매,갈등 상황,3,"형: 서로 오해한 부분이 있는 것 같아.
나: 응, 네 입장부터 말해봐.
형: 팀원이 내 의견을 무시할 때 회의에서 어떻게 말하는 게 좋을까?","가장 먼저 지금 확인할 수 있는 사실과 원하는 결과를 먼저 나눈 뒤, 바로 실행할 수 있는 한 가지부터 시작해봐. 우선순위가 애매하면 마감과 영향 범위부터 비교해봐.",적절,P3,상황에 맞는 구체적인 정보나 실행 가능한 조언을 제공함,ok
293,친구,갈등 상황,4,"나: 아까 일은 그냥 넘기지 말고 얘기하자.
친구: 나도 아까 일은 짚고 넘어가고 싶어.
나: 어떤 부분이 가장 불편했어?
친구: 대화할 때 내 말을 자꾸 끊어서 속상했어",많이 긴장되고 부담됐겠다. 필요하면 내가 옆에서 같이 정리해볼게.,적절,P1,상대가 드러낸 감정과 상황을 인정하고 위로하거나 격려함,ok
294,부모님,질문·요청,2,"나: 아빠, 스마트폰으로 병원 예약하는 거 어려워?
아빠: 응. 진료과를 고른 다음에는 어디를 눌러야 하는지 모르겠어.",병원과 날짜를 고른 뒤 시간 선택 버튼을 누르면 돼. 화면 보면서 같이 해보자.,적절,P3,상황에 맞는 구체적인 정보나 실행 가능한 조언을 제공함,ok
295,부모님,질문·요청,2,"나: 혼자 하다가 막힌 게 있어?
엄마: 내일 면접 전에 자기소개 한번 들어봐 줄래?",지금 꼭 정해야 해? 일단 다른 방법부터 찾아봐.,부적절,N3,상대의 질문이나 요청에 답하지 않고 회피하거나 떠넘김,pragmatic_issue
296,선후배,고민·감정 상담,2,"나: 아까 연락 주신 이유가 부탁할 내용 때문인가요?
선배: 오늘은 혼자 있고 싶지 않은데 잠깐 통화해주실 수 있나요?",그 얘기는 다음에 하죠. 일단 다른 방법부터 찾아봐.,부적절,N3,상대의 질문이나 요청에 답하지 않고 회피하거나 떠넘김,pragmatic_issue
297,형제·자매,질문·요청,3,"동생: 혼자 해보다가 잘 안 되는 게 있어.
나: 언제까지 필요한데?
동생: 이번 주 일정표에서 바뀐 담당자를 반영해줄래?",일단 넘어가고 다른 얘기하자. 일단 다른 방법부터 찾아봐.,부적절,N3,상대의 질문이나 요청에 답하지 않고 회피하거나 떠넘김,pragmatic_issue
298,친구,질문·요청,2,"나: 확인해줬으면 하는 게 있어?
친구: 내일 면접 전에 자기소개 한번 들어봐 줄래?","응, 보내줘. 표현이 어색한 부분까지 같이 확인해줄게. 진행 상태도 중간에 알려줄게. 진행하면서 문제가 생기면 먼저 이야기할게.",적절,P2,상대의 질문이나 요청에 직접 답하고 필요한 행동을 분명히 약속함,ok
299,선후배,일상 대화,4,"나: 요즘 기운이 없어 보이는데 괜찮아?
후배: 집에만 있으면 괜히 기분이 가라앉는 날이 많아졌어요.
나: 최근에 무슨 일이 있었어?
후배: 특별한 일은 없는데 혼자 있는 시간이 길어져서 그런가 봐요.",혼자 있는 시간이 길어서 더 가라앉았나 보다. 이번 주에는 잠깐이라도 밖에서 같이 밥 먹자.,적절,P1,상대가 드러낸 감정과 상황을 인정하고 위로하거나 격려함,ok
300,연인,갈등 상황,3,"연인: 아까 일 때문에 계속 마음이 안 좋아.
나: 어떤 부분이 가장 불편했어?
연인: 내가 한 일을 사람들 앞에서 농담처럼 말한 게 싫었어.",그 정도 농담도 못 넘겨? 다른 사람들은 아무렇지도 않았는데 너만 너무 예민해.,부적절,N2,상대의 감정이나 어려움을 축소·무시하거나 유난으로 취급함,pragmatic_issue
301,선후배,업무 대화,2,"나: 필요한 도움이 있으면 말씀해주세요.
후배: 신입에게 전달할 인수인계 문서를 같이 확인해주실래요?","몰라, 네가 알아서 해요. 일단 다른 방법부터 찾아봐.",부적절,N3,상대의 질문이나 요청에 답하지 않고 회피하거나 떠넘김,pragmatic_issue
302,형제·자매,업무 대화,2,"나: 계속 마음에 남는 일이 있는 것 같아.
언니: 내가 보낸 자료를 확인하지 않고 빠졌다고 한 건 속상했어.",다음에는 나도 똑같이 해줄 테니까 기억해. 이번엔 절대 조용히 넘어가지 않을 거야.,부적절,N5,위협·보복·관계 단절 등을 언급해 갈등을 불필요하게 확대함,pragmatic_issue
303,연인,갈등 상황,1,연인: 사과를 받았지만 마음이 안 풀릴 때는 어떤 식으로 대화를 이어가야 할까?,"우선 잘잘못부터 따지기보다 불편했던 행동과 다음부터 원하는 기준을 구체적으로 말하고, 상대 설명도 끝까지 들어봐. 대화가 격해지면 잠깐 멈추고 다시 이야기할 시간을 정해봐.",적절,P3,상황에 맞는 구체적인 정보나 실행 가능한 조언을 제공함,ok
304,부모님,고민·감정 상담,4,"나: 요즘 잠도 잘 못 자는 것 같던데 괜찮아?
아빠: 혼자 정리해보려 했는데 잘 안 되더라.
나: 언제부터 그렇게 느꼈어?
아빠: 오랫동안 준비한 일이 끝났는데 오히려 허무한 기분이 들어",계속 마음에 걸렸겠네. 그 상황이 왜 마음에 남는지 이해돼. 그중에서 네가 가장 기억에 남는 건 뭐야?,적절,P4,상대의 말에 자연스럽게 호응하고 관련된 질문으로 대화를 이어감,ok
305,연인,정보 공유,3,"연인: 요즘 같은 생각이 자꾸 반복돼.
나: 응, 내가 듣고 있을게.
연인: 면접 결과가 금요일에 나온다는데 자꾸 신경이 쓰여",그 정도로까지 마음 쓸 일은 아닌 것 같은데. 그 얘기를 언제까지 할 건데?,부적절,N2,상대의 감정이나 어려움을 축소·무시하거나 유난으로 취급함,pragmatic_issue
306,직장 관계(상사·동료),갈등 상황,3,"선임: 그냥 넘어가면 계속 마음에 남을 것 같아요.
나: 어떻게 정리하면 좋을까요?
선임: 고객사에 확정되지 않은 내용을 먼저 전달하시면 곤란합니다",계속 말이 통하지 않으면 더 이상 연락하지 맙시다. 이제부터는 저도 배려할 생각이 없습니다.,부적절,N5,위협·보복·관계 단절 등을 언급해 갈등을 불필요하게 확대함,pragmatic_issue
307,부모님,정보 공유,4,"나: 혼자 판단하기 어려운 일이 있어?
엄마: 선택지가 여러 개라 기준을 못 잡겠어.
나: 지금까지 해본 건 뭐가 있어?
엄마: 면접 결과가 다음 주로 미뤄졌대. 그동안 준비를 계속하는 게 좋을까?","내 생각에는 지금 확인할 수 있는 사실과 원하는 결과를 먼저 나눈 뒤, 바로 실행할 수 있는 한 가지부터 시작해봐. 필요한 정보가 부족하면 추측하기보다 먼저 확인해봐.",적절,P3,상황에 맞는 구체적인 정보나 실행 가능한 조언을 제공함,ok
309,친구,고민·감정 상담,1,친구: 계속 내가 먼저 연락하는 것 같아서 관계가 한쪽으로 기운 느낌이야,정말 책임감이 없는 것 같아. 말해봤자 또 똑같겠지.,부적절,N4,상대를 직접 비난·조롱하거나 인격을 공격하는 표현을 사용함,pragmatic_issue
310,형제·자매,갈등 상황,2,"나: 아까 할 말이 있다고 했지?
언니: 응. 내 이야기를 다른 사람에게 전하기 전에는 꼭 나한테 먼저 물어봐 줘.","알겠어. 앞으로는 먼저 네 의사를 확인하고, 싫다고 하면 이야기하지 않을게.",적절,P2,상대의 질문이나 요청에 직접 답하고 필요한 행동을 분명히 약속함,ok
311,연인,갈등 상황,4,"나: 아까부터 말이 없는데 무슨 일 있어?
연인: 계속 신경 쓰이는 일이 있어.
나: 나 때문에 그런 거야?
연인: 내가 한 일을 사람들 앞에서 가볍게 말한 게 기분 나빴어.",사람들 앞에서 네 이야기를 가볍게 한 건 미안해. 다음부터는 먼저 네 의사를 확인할게.,적절,P1,상대가 드러낸 감정과 상황을 인정하고 위로하거나 격려함,ok
312,선후배,고민·감정 상담,3,"선배: 제가 생각한 방향이 맞는지 여쭤보고 싶어요.
나: 선택지가 어떻게 되나요?
선배: 자꾸 다른 사람과 비교하게 될 때는 뭘 해보는 게 좋을까요?","이 경우에는 지금 확인할 수 있는 사실과 원하는 결과를 먼저 나눈 뒤, 바로 실행할 수 있는 한 가지부터 시작해봐. 한 번에 결론을 내리기보다 네가 원하는 점부터 짧게 정리해봐.",적절,P3,상황에 맞는 구체적인 정보나 실행 가능한 조언을 제공함,ok
313,친구,질문·요청,3,"친구: 혼자 해보다가 잘 안 되는 게 있어.
나: 언제까지 필요한데?
친구: 오는 길에 약국에 들러서 소화제 하나만 사다 줄래?",지금은 좀 바빠. 나중에 보자. 내가 아니어도 해결할 수 있을 거야.,부적절,N3,상대의 질문이나 요청에 답하지 않고 회피하거나 떠넘김,pragmatic_issue
314,친구,일상 대화,4,"나: 요즘 계속 바빠 보이는데 제대로 쉬고 있어?
친구: 이번 달은 약속이 계속 겹쳐서 주말에도 쉴 틈이 없어.
나: 취소하거나 미룰 수 있는 일정은 없어?
친구: 다 오래전에 잡은 약속이라 그것도 어렵네.",계속 사람을 만나느라 혼자 쉴 시간이 없었구나. 다음 주말만큼은 일정 잡지 말고 푹 쉬어.,적절,P1,상대가 드러낸 감정과 상황을 인정하고 위로하거나 격려함,ok
315,선후배,업무 대화,4,"나: 회의에서 나온 내용은 어떻게 정리됐나요?
후배: 진행하면서 새로 확인한 내용이 있어요.
나: 문제는 해결됐나요?
후배: 테스트 환경에서 재현되던 오류가 더 이상 발생하지 않아요",잘 마무리된 것 같네요. 후속 작업에 영향이 있는지도 궁금합니다. 준비하거나 수정한 것 중에서 가장 도움이 된 부분은 뭐였어?,적절,P4,상대의 말에 자연스럽게 호응하고 관련된 질문으로 대화를 이어감,ok
316,부모님,고민·감정 상담,3,"아빠: 요즘 친구들을 만나도 이상하게 혼자인 기분이 든다.
나: 같이 있어도 대화가 잘 안 통하는 것 같아?
아빠: 다들 자기 얘기만 하니까 내 이야기는 꺼내기가 어렵더라.",같이 있어도 외롭게 느껴졌겠네. 다음에 만나면 아빠 이야기도 편하게 해봐. 내가 먼저 들어줄게.,적절,P1,상대가 드러낸 감정과 상황을 인정하고 위로하거나 격려함,ok
317,직장 관계(상사·동료),갈등 상황,2,"나: 아까 일은 그냥 넘기지 말고 이야기했으면 합니다.
팀장: 일정 변경은 앞으로 단체방에 먼저 공유하는 걸로 하자",알겠어. 앞으로는 방금 정한 기준대로 하죠. 다른 내용은 그대로 두면 됩니다.,적절,P5,과도한 감정 표현 없이도 현재 대화의 목적과 맥락에 맞게 반응함,ok
318,직장 관계(상사·동료),업무 대화,4,"나: 현재 기준으로 결정된 내용이 있나요?
선임: 관련된 분들과 이야기해서 정리했습니다.
나: 네, 어떻게 정해졌나요?
선임: 수정본은 오늘 퇴근 전까지 공유하겠습니다","네, 전달해주신 내용대로 업무를 진행하겠습니다. 변경 사항이 생기면 다시 알려주세요.",적절,P5,과도한 감정 표현 없이도 현재 대화의 목적과 맥락에 맞게 반응함,ok
319,부모님,질문·요청,1,엄마: 오늘 늦게 들어갈 것 같은데 택배 오면 받아줄래?,그건 잘 모르겠고 일단 네가 해봐. 내가 아니어도 해결할 수 있을 거야.,부적절,N3,상대의 질문이나 요청에 답하지 않고 회피하거나 떠넘김,pragmatic_issue
320,부모님,갈등 상황,2,"나: 서로 불편했던 부분은 한번 정리했으면 해.
아빠: 대화할 때 내 말을 자꾸 끊어서 속상했어",그 말을 꺼내는 것도 쉽지 않았겠다. 네 마음부터 챙기는 게 먼저인 것 같아.,적절,P1,상대가 드러낸 감정과 상황을 인정하고 위로하거나 격려함,ok
321,연인,정보 공유,1,연인: 이사 날짜가 확정됐는데 준비할 시간이 부족해 보여서 불안해,그냥 잊으면 되는 일을 왜 계속 생각해? 계속 생각한다고 달라지는 것도 없잖아.,부적절,N2,상대의 감정이나 어려움을 축소·무시하거나 유난으로 취급함,pragmatic_issue
322,친구,질문·요청,2,"나: 아까 이야기한 계획은 그대로야?
친구: 예약 인원은 네 명으로 넣으면 되는 거지?",맞아. 예약 인원은 네 명이야. 현재 기준에서는 더 정할 건 없어.,적절,P5,과도한 감정 표현 없이도 현재 대화의 목적과 맥락에 맞게 반응함,ok
324,선후배,질문·요청,3,"선배: 그냥 넘어가면 계속 마음에 남을 것 같아요.
나: 서로 합의해야 할 기준이 무엇이라고 생각하시나요?
선배: 문제가 생기면 공개적으로 지적하기 전에 먼저 이야기해주실 수 있나요?",이대로면 책임 소재를 공식적으로 따지겠습니다. 나중에 후회하셔도 소용없습니다.,부적절,N5,위협·보복·관계 단절 등을 언급해 갈등을 불필요하게 확대함,pragmatic_issue
325,친구,정보 공유,4,"나: 그 일은 결국 어떻게 하기로 했어?
친구: 현재 상황만 간단히 알려줄게.
나: 그래, 현재 상황이 어떻게 돼?
친구: 병원 예약은 다음 주 화요일 오전 열 시로 잡혔어",확인됐구나. 일정이 가까워지면 다시 한 번 확인하자. 시간이나 준비해야 할 내용도 같이 바뀐 건 없어?,적절,P4,상대의 말에 자연스럽게 호응하고 관련된 질문으로 대화를 이어감,ok
327,연인,갈등 상황,3,"연인: 내가 불편했던 부분을 말하고 싶어.
나: 응, 차분히 들어볼게.
연인: 사과는 받았지만 왜 그렇게 했는지 이해가 안 돼서 답답해",계속 신경 쓰였을 텐데 잘 말해줬어. 필요하면 내가 옆에서 같이 정리해볼게.,적절,P1,상대가 드러낸 감정과 상황을 인정하고 위로하거나 격려함,ok
328,부모님,고민·감정 상담,2,"나: 요즘 잠도 잘 못 자는 것 같던데 괜찮아?
아빠: 일을 쉬고 있는데 앞으로 뭘 해야 할지 막막해",조금 덜 예민하게 받아들여. 그냥 바쁘게 지내면 금방 잊어.,부적절,N2,상대의 감정이나 어려움을 축소·무시하거나 유난으로 취급함,pragmatic_issue
329,친구,고민·감정 상담,1,친구: 부모님과 진로 얘기만 하면 자꾸 다투게 돼서 답답해,네가 유난스러운 게 아니라 충분히 힘들 만한 일이야. 한 번의 결과로 네 노력이 사라지는 건 아니야.,적절,P1,상대가 드러낸 감정과 상황을 인정하고 위로하거나 격려함,ok
330,형제·자매,정보 공유,4,"나: 확인해야 할 내용은 다 정리됐어?
언니: 확인된 내용이 있어서 말해두려고.
나: 그럼 다음에는 뭘 하면 돼?
언니: 병원 예약은 다음 주 화요일 오전 열 시로 잡혔어","좋아, 그 내용은 기억해둘게. 관련해서 준비할 게 있는지도 봐야겠다. 시간이나 준비해야 할 내용도 같이 바뀐 건 없어?",적절,P4,상대의 말에 자연스럽게 호응하고 관련된 질문으로 대화를 이어감,ok
331,선후배,업무 대화,3,"후배: 제가 놓친 부분이 있는지 봐주셨으면 합니다.
나: 제가 할 수 있는 일인지 말씀해주세요.
후배: 배포 전에 로그인 기능을 한 번 더 테스트해주시겠어요?","응, 제가 맡아서 확인해보겠습니다. 필요한 시간에 맞춰둘게.",적절,P2,상대의 질문이나 요청에 직접 답하고 필요한 행동을 분명히 약속함,ok
332,형제·자매,고민·감정 상담,1,형: 요즘 친구들을 만나도 혼자인 느낌이 들어.,사람들 사이에 있어도 외롭게 느껴졌구나. 요즘 무슨 일이 있었는지 천천히 말해봐.,적절,P1,상대가 드러낸 감정과 상황을 인정하고 위로하거나 격려함,ok
333,선후배,정보 공유,4,"나: 그 일은 어떻게 진행하기로 했나요?
후배: 현재 상황만 간단히 말씀드릴게요.
나: 현재 상황이 어떻게 되나요?
후배: 휴가 신청은 이번 주 안에 제출하면 된대",확인했어요. 필요한 준비는 그 일정에 맞출게.,적절,P5,과도한 감정 표현 없이도 현재 대화의 목적과 맥락에 맞게 반응함,ok
334,부모님,고민·감정 상담,1,아빠: 예전에는 낚시 가는 날만 기다렸는데 요즘은 준비하는 것도 귀찮다.,좋아하던 것도 귀찮을 만큼 기운이 없구나. 이번에는 억지로 가지 말고 푹 쉬어.,적절,P1,상대가 드러낸 감정과 상황을 인정하고 위로하거나 격려함,ok
335,연인,갈등 상황,2,"나: 아까부터 마음에 걸리는 게 있는 것 같아.
연인: 내 의견을 묻지도 않고 결정한 게 아직도 불편해.",그걸 아직도 마음에 담아두고 있어? 이미 끝난 일인데 이제 좀 넘어가.,부적절,N2,상대의 감정이나 어려움을 축소·무시하거나 유난으로 취급함,pragmatic_issue
336,직장 관계(상사·동료),고민·감정 상담,2,"나: 조언이 필요한 일이 있다고 들었어요.
선임: 번아웃인지 단순히 피곤한 건지 구분하려면 뭘 살펴봐야 할까요?","가장 먼저 수면과 식사, 집중력 저하가 얼마나 오래됐는지 먼저 기록해보고, 쉬어도 회복되지 않으면 상담이나 진료도 고려해봐. 상대 반응을 단정하지 말고 네가 느낀 점부터 설명해봐.",적절,P3,상황에 맞는 구체적인 정보나 실행 가능한 조언을 제공함,ok
337,부모님,질문·요청,2,"나: 아까 분위기가 안 좋았는데 무슨 일이었어?
엄마: 역할을 바꾸기 전에 당사자와 먼저 상의해줄 수 있어?",네가 먼저 사과하지 않으면 나도 절대 물러서지 않을 거야. 내가 얼마나 화났는지 확실히 보여줄게.,부적절,N5,위협·보복·관계 단절 등을 언급해 갈등을 불필요하게 확대함,pragmatic_issue
338,직장 관계(상사·동료),고민·감정 상담,4,"나: 오늘은 평소보다 말씀이 없으시네요. 무슨 일 있으셨어요?
팀장: 별일 아닌 것 같아도 마음이 계속 무겁습니다.
나: 무슨 일인지 천천히 말씀해주세요.
팀장: 계속 비교하게 돼서 제가 잘하고 있는지 모르겠어요",별일도 아닌데 너무 의미를 두는 것 같아요. 너무 위로만 바라지는 마.,부적절,N2,상대의 감정이나 어려움을 축소·무시하거나 유난으로 취급함,pragmatic_issue
339,선후배,질문·요청,1,후배: 집주인에게 보낼 문자가 어색하지 않은지 읽어봐 주실 수 있나요?,"응, 보내줘. 표현이 어색한 부분까지 같이 확인해줄게. 빠뜨리지 않도록 메모해두겠습니다.",적절,P2,상대의 질문이나 요청에 직접 답하고 필요한 행동을 분명히 약속함,ok
340,친구,일상 대화,2,"나: 요즘 생활 패턴이 완전히 바뀐 것 같던데 괜찮아?
친구: 야근이 늘어서 자는 시간도 들쭉날쭉하고 하루가 계속 엉켜.",잠도 제대로 못 자서 많이 지쳤겠다. 이번 주말에는 약속 잡지 말고 푹 쉬어.,적절,P1,상대가 드러낸 감정과 상황을 인정하고 위로하거나 격려함,ok
341,연인,고민·감정 상담,2,"나: 서로 다르게 이해한 부분이 있는 것 같아.
연인: 계속 내가 먼저 연락하는 것 같아서 관계가 한쪽으로 기운 느낌이야",또 남 탓할 생각부터 하는 거야? 정말 믿고 맡길 수가 없다.,부적절,N4,상대를 직접 비난·조롱하거나 인격을 공격하는 표현을 사용함,pragmatic_issue
342,연인,갈등 상황,2,"나: 내가 놓친 게 있으면 말해줘.
연인: 확정되지 않은 내용은 외부에 전달하지 말아주실 수 있을까?",알겠어. 다음부터는 먼저 이야기하고 네 의견을 확인할게. 끝나면 바로 알려줄게. 진행하면서 마지막으로 한 번 더 검토할게.,적절,P2,상대의 질문이나 요청에 직접 답하고 필요한 행동을 분명히 약속함,ok
343,선후배,업무 대화,2,"나: 진행 상황에서 달라진 부분이 있나요?
후배: 이번 주 보고서는 예상보다 빨리 마무리됐습니다","오, 결과가 나왔군요. 재현 조건이 달라진 부분도 확인해보고 싶어요. 진행하면서 예상과 달랐던 부분은 없었어?",적절,P4,상대의 말에 자연스럽게 호응하고 관련된 질문으로 대화를 이어감,ok
345,형제·자매,갈등 상황,2,"나: 계속 마음에 남는 일이 있는 것 같아.
동생: 사과는 받았지만 왜 그렇게 했는지 이해가 안 돼서 답답해",그 정도는 네가 알아서 넘겨야지. 다들 참고 하는 건데 너만 힘든 건 아니야.,부적절,N2,상대의 감정이나 어려움을 축소·무시하거나 유난으로 취급함,pragmatic_issue
346,형제·자매,질문·요청,4,"나: 서로 다르게 이해한 부분이 있는 것 같아.
언니: 내 입장도 한번 설명하고 싶어.
나: 응, 네 입장부터 말해봐.
언니: 다음부터 일정을 바꾸기 전에 먼저 말해줄래?",다시 이런 일이 생기면 바로 문제를 크게 만들 거야. 누가 더 불편해지는지 한번 해보자.,부적절,N5,위협·보복·관계 단절 등을 언급해 갈등을 불필요하게 확대함,pragmatic_issue
347,부모님,일상 대화,2,"나: 요즘 아침마다 피곤해 보이는데 잠을 잘 못 자?
엄마: 자는 시간이 자꾸 늦어져서 하루 종일 정신이 없어.",그 정도는 누구나 겪어. 생활 습관 하나도 스스로 못 고치니?,부적절,N2,상대의 감정이나 어려움을 축소·무시하거나 유난으로 취급함,pragmatic_issue
348,직장 관계(상사·동료),업무 대화,3,"선임: 혼자 정리해보려 했는데 잘 안 되더라고요.
나: 언제부터 그렇게 느끼셨어요?
선임: 이번 평가 결과가 생각보다 낮아서 자신감이 떨어졌어요",너무 크게 받아들이는 것 아니야? 계속 생각한다고 달라지는 것도 없잖아.,부적절,N2,상대의 감정이나 어려움을 축소·무시하거나 유난으로 취급함,pragmatic_issue
349,형제·자매,일상 대화,1,동생: 추천받은 영화를 봤는데 마지막 장면이 계속 기억에 남아,그 얘기 들으니 궁금해진다. 그 경험이 왜 기억에 남았는지 알고 싶어. 마지막 장면에서 어떤 부분이 가장 기억에 남았어?,적절,P4,상대의 말에 자연스럽게 호응하고 관련된 질문으로 대화를 이어감,ok
350,선후배,업무 대화,3,"선배: 비슷한 경험이 있으시면 조언을 듣고 싶습니다.
나: 어떤 점이 가장 고민되세요?
선배: 인수인계 문서는 어느 수준까지 자세히 작성해야 할까요?","복잡하게 보기보다 업무 목적, 반복 절차, 예외 상황, 담당자 연락처 순으로 정리하면 처음 보는 사람도 따라가기 쉬워. 처음부터 완벽하게 하려 하지 말고 쉬운 단계부터 시작해봐.",적절,P3,상황에 맞는 구체적인 정보나 실행 가능한 조언을 제공함,ok
352,선후배,업무 대화,2,"나: 방법을 같이 생각해봤으면 하는 부분이 있나요?
선배: 일정이 촉박할 때 범위를 줄이는 기준을 어떻게 잡아야 할까요?","우선 마감이 임박한 일과 다른 사람 작업을 막고 있는 일을 먼저 나누고, 나머지 범위와 기한은 담당자와 다시 합의해요. 결정한 뒤에는 검토할 시점도 함께 정해두는 게 좋아.",적절,P3,상황에 맞는 구체적인 정보나 실행 가능한 조언을 제공함,ok
353,형제·자매,정보 공유,2,"나: 아까 물어보려던 건 해결했어?
동생: 담당자가 바뀐다고 공지가 왔는데 인수인계를 어디서부터 확인해야 할까?","내 생각에는 업무 목적, 반복 절차, 예외 상황, 담당자 연락처 순으로 정리하면 처음 보는 사람도 따라가기 쉬워. 기준을 정한 뒤 같은 기준으로 선택지를 비교해봐.",적절,P3,상황에 맞는 구체적인 정보나 실행 가능한 조언을 제공함,ok
354,친구,질문·요청,2,"나: 선택지 때문에 망설이는 게 있어?
친구: 노트북이 느려졌는데 포맷하기 전에 해볼 만한 게 있을까?","이 경우에는 포맷하기 전에 시작 프로그램과 저장 공간부터 정리하고, 작업 관리자에서 자원을 많이 쓰는 프로그램을 확인해봐. 현재 상태를 남겨두면 변경 전후를 비교하기 쉬워.",적절,P3,상황에 맞는 구체적인 정보나 실행 가능한 조언을 제공함,ok
356,선후배,갈등 상황,4,"나: 서로 다르게 이해한 부분이 있는 것 같습니다.
선배: 서로 오해한 부분이 있는 것 같아요.
나: 네, 먼저 입장을 말씀해주세요.
선배: 팀원이 내 의견을 무시할 때 회의에서 어떻게 말하는 게 좋을까요?","가장 먼저 지금 확인할 수 있는 사실과 원하는 결과를 먼저 나눈 뒤, 바로 실행할 수 있는 한 가지부터 시작해봐. 선택지가 많으면 꼭 필요한 조건 세 개만 먼저 정해봐.",적절,P3,상황에 맞는 구체적인 정보나 실행 가능한 조언을 제공함,ok
357,친구,갈등 상황,2,"나: 아까 일은 그냥 넘기지 말고 얘기하자.
친구: 내 물건을 쓰기 전에 한마디만 해줄래?",알겠어. 다음부터는 먼저 이야기하고 네 의견을 확인할게. 끝나면 바로 알려줄게.,적절,P2,상대의 질문이나 요청에 직접 답하고 필요한 행동을 분명히 약속함,ok
358,부모님,질문·요청,1,아빠: 역할을 바꾸기 전에 당사자와 먼저 상의해줄 수 있어?,"좋아, 그럼 앞으로 서로 없는 사람처럼 지내자. 오늘 안에 결론 내지 않으면 그냥 끝내자.",부적절,N5,위협·보복·관계 단절 등을 언급해 갈등을 불필요하게 확대함,pragmatic_issue
359,직장 관계(상사·동료),업무 대화,4,"나: 진행 상황에서 달라진 부분이 있나요?
팀장: 예상과 조금 다른 결과가 나왔어요.
나: 그럼 다음 작업은 무엇인가요?
팀장: 고객사에서 수정된 기능을 확인했다고 연락 왔습니다",잘 마무리된 것 같네요. 예상했던 결과와 비교해보고 싶어요. 사용자들이 특히 좋다고 한 부분이 어디였어?,적절,P4,상대의 말에 자연스럽게 호응하고 관련된 질문으로 대화를 이어감,ok
360,연인,일상 대화,1,연인: 처음으로 자전거 타고 출근했는데 생각보다 할 만했어,생각보다 기억에 남는 일이었나 보네. 처음 시작할 때와 느낌이 달라졌을 것 같아. 직접 해보니 힘든 점보다 좋았던 점이 더 컸어?,적절,P4,상대의 말에 자연스럽게 호응하고 관련된 질문으로 대화를 이어감,ok
361,연인,정보 공유,1,연인: 다음 달부터 관리비 납부일이 25일로 바뀐대,좋아. 현재 확정된 내용으로 정리해둘게. 지금은 추가로 바꿀 건 없어 보여.,적절,P5,과도한 감정 표현 없이도 현재 대화의 목적과 맥락에 맞게 반응함,ok
362,선후배,정보 공유,2,"나: 감정이 더 상하기 전에 차분히 이야기해보죠.
선배: 약속 시간이 변경됐는데 저에게는 아무도 알려주지 않았어요",끝까지 그렇게 나오시면 저도 가만있지 않겠습니다. 더 이야기할 필요가 없으니 당분간 연락하지 마세요.,부적절,N5,위협·보복·관계 단절 등을 언급해 갈등을 불필요하게 확대함,pragmatic_issue
363,친구,질문·요청,2,"나: 아까 일은 그냥 넘기지 말고 얘기하자.
친구: 확정되지 않은 내용은 외부에 전달하지 말아줄 수 있어?",그 정도도 혼자 못 하면 뭘 할 수 있는데? 결국 문제는 항상 너야.,부적절,N4,상대를 직접 비난·조롱하거나 인격을 공격하는 표현을 사용함,pragmatic_issue
364,연인,일상 대화,1,연인: 이번 달은 약속이 계속 겹쳐서 주말에도 제대로 못 쉬었어.,계속 일정에 치여서 지쳤겠다. 다음 주말은 비워두고 우리 집에서 편하게 쉬자.,적절,P1,상대가 드러낸 감정과 상황을 인정하고 위로하거나 격려함,ok
365,부모님,질문·요청,3,"엄마: 급한 건 아닌데 부탁 하나 해도 돼?
나: 뭘 부탁하려고 했어?
엄마: 오는 길에 약국에 들러서 소화제 하나만 사다 줄래?","응, 오는 길에 들러서 사갈게. 처리한 뒤 한 번 더 확인할게.",적절,P2,상대의 질문이나 요청에 직접 답하고 필요한 행동을 분명히 약속함,ok
366,형제·자매,정보 공유,1,언니: 수리 일정이 다음 주로 밀려서 당분간 불편할 것 같아 걱정이야,그걸 계속 신경 쓸 필요가 있어? 그냥 바쁘게 지내면 금방 잊어.,부적절,N2,상대의 감정이나 어려움을 축소·무시하거나 유난으로 취급함,pragmatic_issue
367,연인,질문·요청,1,연인: 내 물건을 쓸 때는 짧게라도 알려줄래?,매번 같은 실수를 하는 것도 능력이다. 이제는 핑계도 지겹다.,부적절,N4,상대를 직접 비난·조롱하거나 인격을 공격하는 표현을 사용함,pragmatic_issue
368,연인,고민·감정 상담,2,"나: 조언이 필요한 일이 있다던데 뭔데?
연인: 취업 준비가 길어질 때 생활 리듬을 어떻게 잡는 게 좋을까?","복잡하게 보기보다 지금 확인할 수 있는 사실과 원하는 결과를 먼저 나눈 뒤, 바로 실행할 수 있는 한 가지부터 시작해봐. 현재 할 수 있는 범위와 나중에 할 일을 따로 나눠봐.",적절,P3,상황에 맞는 구체적인 정보나 실행 가능한 조언을 제공함,ok
369,연인,갈등 상황,2,"나: 아까부터 기분이 안 좋아 보이는데 무슨 일 있어?
연인: 내 이야기를 친구들 앞에서 농담처럼 말한 게 기분 나빴어.",그건 내가 조심했어야 했어. 사람들 앞에서 불편하게 해서 미안해.,적절,P1,상대가 드러낸 감정과 상황을 인정하고 위로하거나 격려함,ok
370,형제·자매,고민·감정 상담,2,"나: 오늘은 평소보다 말이 없네. 무슨 일 있었어?
언니: 첫 자취를 시작했는데 집에 오면 너무 조용해서 적응이 안 돼",남들도 다 비슷하게 힘들어. 조금만 참으면 되는 일이잖아.,부적절,N2,상대의 감정이나 어려움을 축소·무시하거나 유난으로 취급함,pragmatic_issue
371,부모님,일상 대화,2,"나: 요즘 주말에도 계속 바쁘던데 괜찮아?
엄마: 약속이 계속 겹쳐서 쉬는 날이 없는 것 같아.",다들 그 정도 일정은 소화해. 너무 힘든 척하지 마.,부적절,N2,상대의 감정이나 어려움을 축소·무시하거나 유난으로 취급함,pragmatic_issue
372,선후배,고민·감정 상담,3,"선배: 어떻게 하는 게 좋을지 고민되는 부분이 있어요.
나: 어떤 기준으로 결정하고 싶으신가요?
선배: 일이 한꺼번에 겹쳤을 때 우선순위를 어떻게 정해야 할까요?","우선 마감이 임박한 일과 다른 사람 작업을 막고 있는 일을 먼저 나누고, 나머지 범위와 기한은 담당자와 다시 합의해요. 필요한 정보가 부족하면 추측하기보다 먼저 확인해봐.",적절,P3,상황에 맞는 구체적인 정보나 실행 가능한 조언을 제공함,ok
373,연인,질문·요청,1,연인: 여행 숙소를 고를 때 위치와 가격 중 어느 쪽을 먼저 봐야 할까?,"내 생각에는 이동 시간과 취소 조건을 먼저 비교하고, 차이가 크지 않으면 후기에서 소음과 청결 관련 내용을 확인해봐. 처음부터 크게 바꾸지 말고 부담 없는 범위에서 먼저 해봐.",적절,P3,상황에 맞는 구체적인 정보나 실행 가능한 조언을 제공함,ok
374,친구,질문·요청,2,"나: 일정은 어떻게 정해졌어?
친구: 자료는 메일과 메신저 중 어디로 보내면 돼?",메일로 받는 게 확인하기 편해. 그 내용은 내가 메모해둘게.,적절,P5,과도한 감정 표현 없이도 현재 대화의 목적과 맥락에 맞게 반응함,ok
376,연인,갈등 상황,2,"나: 서로 불편했던 부분은 한번 정리했으면 해.
연인: 같은 일이 반복되니까 내가 존중받지 못하는 기분이야",그냥 잊으면 되는 일을 왜 계속 생각해? 다들 참고 하는 건데 너만 힘든 건 아니야.,부적절,N2,상대의 감정이나 어려움을 축소·무시하거나 유난으로 취급함,pragmatic_issue
377,직장 관계(상사·동료),질문·요청,2,"나: 채용 면접 진행 방식에 대해 물어보신다고 하셨죠?
팀장: 지원자의 경험을 확인할 때 질문 순서를 어떻게 잡는 게 좋을까요?","먼저 맡았던 역할을 묻고, 이후 문제 상황과 해결 과정, 결과 순서로 확인하면 답변을 비교하기 좋습니다.",적절,P3,상황에 맞는 구체적인 정보나 실행 가능한 조언을 제공함,ok
378,직장 관계(상사·동료),업무 대화,1,선임: 회의 시간을 네 시로 변경해서 참석자들에게 알려주시겠어요?,아무거나 편한 대로 하면 되지 않을까요? 제가 아니어도 해결할 수 있을 거예요.,부적절,N3,상대의 질문이나 요청에 답하지 않고 회피하거나 떠넘김,pragmatic_issue
379,친구,갈등 상황,3,"친구: 이번 일은 솔직히 서운한 부분이 있어.
나: 내가 뭘 놓쳤는지 말해줘.
친구: 일정을 바꾸려면 당사자에게 먼저 얘기했어야죠",계속 이런 식이면 나도 더 이상 맞춰주지 않을 거야. 이제부터는 나도 배려할 생각 없어.,부적절,N5,위협·보복·관계 단절 등을 언급해 갈등을 불필요하게 확대함,pragmatic_issue
380,부모님,정보 공유,3,"아빠: 괜찮은 척했는데 계속 신경 쓰이는 일이 있어.
나: 무슨 일인지 천천히 말해봐.
아빠: 계약 일정이 앞당겨졌다는 연락을 받아서 마음이 급해졌어",조금 덜 예민하게 받아들여. 네가 스스로 문제를 크게 만드는 것 같아.,부적절,N2,상대의 감정이나 어려움을 축소·무시하거나 유난으로 취급함,pragmatic_issue
381,형제·자매,일상 대화,1,동생: 늦게 들어갈 것 같아서 세탁기 끝나면 문만 열어줄래?,"글쎄, 나는 지금 다른 일 보고 있어. 내가 아니어도 해결할 수 있을 거야.",부적절,N3,상대의 질문이나 요청에 답하지 않고 회피하거나 떠넘김,pragmatic_issue
382,친구,고민·감정 상담,2,"나: 요즘 좀 지쳐 보이는데 괜찮아?
친구: 요즘은 퇴근하고 집에 오면 아무것도 하고 싶지 않아","응, 조금 더 들어보고 싶어. 그 일 이후의 상황도 천천히 들어볼게. 요즘 특히 더 힘들게 느껴지는 순간이 언제야?",적절,P4,상대의 말에 자연스럽게 호응하고 관련된 질문으로 대화를 이어감,ok
383,선후배,갈등 상황,3,"후배: 제가 불편했던 부분을 말씀드리고 싶습니다.
나: 네, 차분히 듣겠습니다.
후배: 공용 공간을 쓰고 정리하지 않는 건 너무하잖아요",우선 태도부터 고치셔야 할 것 같습니다. 조금이라도 미안한 줄은 아시나요?,부적절,N4,상대를 직접 비난·조롱하거나 인격을 공격하는 표현을 사용함,pragmatic_issue
384,연인,업무 대화,3,"연인: 어떻게 하는 게 나을지 고민되는 게 있어.
나: 어떤 기준으로 결정하고 싶어?
연인: 보고서 수치가 다를 때 원인을 효율적으로 찾는 방법이 있을까?","가장 먼저 원본 데이터의 기준일과 필터 조건부터 맞춘 뒤, 계산식과 수기 입력된 셀을 차례로 비교하는 게 빨라. 확인한 순서와 결과를 짧게 메모해두는 것도 좋아.",적절,P3,상황에 맞는 구체적인 정보나 실행 가능한 조언을 제공함,ok
385,직장 관계(상사·동료),업무 대화,4,"나: 배포 이후에 새로 확인된 내용이 있나요?
동료: 배포 이후 상황을 확인해봤어요.
나: 예상했던 결과와 비슷한가요?
동료: 처음 만든 API가 드디어 정상적으로 동작해요","오, 결과가 나왔군요. 다음 작업에 참고할 만한 부분이 있겠네요. 준비하거나 수정한 것 중에서 가장 도움이 된 부분은 뭐였어?",적절,P4,상대의 말에 자연스럽게 호응하고 관련된 질문으로 대화를 이어감,ok
387,부모님,정보 공유,2,"나: 일정은 어떻게 정해졌어?
엄마: 다음 달부터 관리비 납부일이 25일로 바뀐대",알겠어. 바뀐 일정으로 기억해둘게. 다른 내용은 그대로 두면 돼.,적절,P5,과도한 감정 표현 없이도 현재 대화의 목적과 맥락에 맞게 반응함,ok
388,직장 관계(상사·동료),갈등 상황,3,"동료: 서로 오해한 부분이 있는 것 같아요.
나: 네, 먼저 말씀해주세요.
동료: 제가 맡은 업무가 제 동의 없이 다른 사람에게 넘어간 점이 불편했습니다.",한 번만 더 그러시면 더는 함께 일하지 않겠습니다. 이 일은 상급자에게도 바로 알리겠습니다.,부적절,N5,위협·보복·관계 단절 등을 언급해 갈등을 불필요하게 확대함,pragmatic_issue
389,연인,질문·요청,2,"나: 감정 더 상하기 전에 차분히 얘기하자.
연인: 늦어질 때 한마디라도 남겨줄 수 있어?",그것도 제대로 판단을 못 해? 대체 언제쯤 제대로 할 거야?,부적절,N4,상대를 직접 비난·조롱하거나 인격을 공격하는 표현을 사용함,pragmatic_issue
390,선후배,업무 대화,1,선배: 이번 주 일정표에 변경된 담당자를 반영해주실 수 있나요?,그건 다른 사람한테 물어보는 게 빠를 것 같아요. 제가 아니어도 해결할 수 있을 거예요.,부적절,N3,상대의 질문이나 요청에 답하지 않고 회피하거나 떠넘김,pragmatic_issue
391,부모님,갈등 상황,1,엄마: 문제가 있으면 공개적으로 말하기 전에 나한테 먼저 알려주세요,알겠어. 다음부터는 먼저 이야기하고 네 의견을 확인할게. 진행 상태도 중간에 알려줄게.,적절,P2,상대의 질문이나 요청에 직접 답하고 필요한 행동을 분명히 약속함,ok
392,연인,질문·요청,2,"나: 어디서부터 손대야 할지 모르겠어?
연인: 업무 인수인계 문서는 어느 정도까지 자세히 쓰는 게 좋아?","복잡하게 보기보다 업무 목적, 반복 절차, 예외 상황, 담당자 연락처 순으로 정리하면 처음 보는 사람도 따라가기 쉬워. 다른 사람 일정에 영향을 주는 일부터 먼저 확인해봐.",적절,P3,상황에 맞는 구체적인 정보나 실행 가능한 조언을 제공함,ok
393,형제·자매,질문·요청,4,"나: 아까 분위기가 안 좋았는데 무슨 일이었어?
동생: 내가 불편했던 부분을 말하고 싶어.
나: 내가 뭘 놓쳤는지 말해줘.
동생: 내 얘기를 다른 사람에게 전하기 전에는 나한테 물어봐 줄 수 있어?",항상 이런 식으로 일을 복잡하게 만드네. 말해봤자 또 똑같겠지.,부적절,N4,상대를 직접 비난·조롱하거나 인격을 공격하는 표현을 사용함,pragmatic_issue
394,연인,일상 대화,1,연인: 운동을 다시 시작했는데 생각만큼 몸이 따라주지 않아 조금 속상해,기대했던 만큼 더 속상했겠다. 한 번의 결과로 네 노력이 사라지는 건 아니야.,적절,P1,상대가 드러낸 감정과 상황을 인정하고 위로하거나 격려함,ok
395,형제·자매,일상 대화,2,"나: 아까 부탁할 게 있다고 했지?
오빠: 오늘 저녁 메뉴를 못 고르겠어. 같이 좀 골라줘.",그런 건 네가 알아서 정해. 나까지 신경 쓰게 하지 마.,부적절,N3,상대의 질문이나 요청에 답하지 않고 회피하거나 떠넘김,pragmatic_issue
396,친구,고민·감정 상담,3,"친구: 부탁할 게 하나 있어.
나: 뭘 부탁하려고 했어?
친구: 이 얘기를 어디서부터 풀어야 할지 모르겠어. 조금만 들어줘",지금 꼭 정해야 해? 내가 아니어도 해결할 수 있을 거야.,부적절,N3,상대의 질문이나 요청에 답하지 않고 회피하거나 떠넘김,pragmatic_issue
397,직장 관계(상사·동료),갈등 상황,3,"동료: 저도 아까 일은 짚고 넘어가고 싶습니다.
나: 어떤 부분이 가장 불편하셨나요?
동료: 지금은 감정이 올라왔으니 저녁에 다시 얘기하자",좋아. 같은 일이 없도록 이 기준을 지키자. 변경 사항이 생기면 다시 알려주세요.,적절,P5,과도한 감정 표현 없이도 현재 대화의 목적과 맥락에 맞게 반응함,ok
398,연인,갈등 상황,2,"나: 아까부터 표정이 안 좋은데 무슨 일 있어?
연인: 내가 한 일을 사람들 앞에서 가볍게 말한 게 기분 나빴어.",그렇게 느끼게 해서 미안해. 다음부터는 네 이야기를 꺼내기 전에 먼저 물어볼게.,적절,P1,상대가 드러낸 감정과 상황을 인정하고 위로하거나 격려함,ok
399,직장 관계(상사·동료),업무 대화,2,"나: 제가 도울 수 있는 일이면 말씀해주세요.
선임: 회의 시간을 네 시로 변경해서 참석자들에게 알려주시겠어요?",그 얘기는 다음에 하죠. 제가 아니어도 해결할 수 있을 거예요.,부적절,N3,상대의 질문이나 요청에 답하지 않고 회피하거나 떠넘김,pragmatic_issue
400,선후배,질문·요청,2,"나: 제가 도울 수 있는 일이면 말씀해주세요.
선배: 집주인에게 보낼 문자가 어색하지 않은지 읽어봐 주실 수 있나요?","응, 보내줘. 표현이 어색한 부분까지 같이 확인해줄게. 필요한 시간에 맞춰둘게.",적절,P2,상대의 질문이나 요청에 직접 답하고 필요한 행동을 분명히 약속함,ok
401,형제·자매,질문·요청,2,"나: 마음에 걸리는 일 있으면 편하게 말해.
동생: 친구에게 먼저 연락하고 싶은데 또 거절당할까 봐 겁나. 내가 너무 걱정하는 걸까?",그 말을 꺼내는 것도 쉽지 않았겠다. 오늘은 결론을 서두르지 말고 조금 쉬어도 돼.,적절,P1,상대가 드러낸 감정과 상황을 인정하고 위로하거나 격려함,ok
402,부모님,정보 공유,1,아빠: 가족 모임 날짜가 정해졌는데 불편한 사람도 와서 마음이 무거워,그걸 힘들다고 하면 앞으로 더 힘든 일은 어떻게 하려고? 이제 그만 털고 일어나.,부적절,N2,상대의 감정이나 어려움을 축소·무시하거나 유난으로 취급함,pragmatic_issue
404,형제·자매,갈등 상황,2,"나: 서로 다르게 이해한 부분이 있는 것 같아.
형: 내 이야기를 다른 사람에게 전하기 전에는 꼭 물어봐 줘",알겠어. 다음부터는 먼저 이야기하고 네 의견을 확인할게. 중간에 쉬고 싶으면 말해.,적절,P2,상대의 질문이나 요청에 직접 답하고 필요한 행동을 분명히 약속함,ok
405,선후배,갈등 상황,4,"나: 아까 일정 변경 건은 그냥 넘기지 말고 이야기했으면 합니다.
후배: 저도 말씀드리고 싶은 부분이 있습니다.
나: 어떤 부분이 가장 불편했나요?
후배: 일정을 바꾸기 전에 당사자에게 먼저 알려주셨어야 해요.",계속 문제 삼으시면 저도 가만있지 않겠습니다. 다른 사람들에게도 전부 알리겠습니다.,부적절,N5,위협·보복·관계 단절 등을 언급해 갈등을 불필요하게 확대함,pragmatic_issue
406,직장 관계(상사·동료),업무 대화,2,"나: 고객사에서는 답변이 왔나요?
동료: 처음 만든 API가 드디어 정상적으로 동작해요",진행 상황이 정리됐네요. 해결 과정에서 배운 점이 있었을 것 같아요. 준비하거나 수정한 것 중에서 가장 도움이 된 부분은 뭐였어?,적절,P4,상대의 말에 자연스럽게 호응하고 관련된 질문으로 대화를 이어감,ok
408,직장 관계(상사·동료),업무 대화,4,"나: 아까 분위기가 좋지 않았는데 어떤 일이었나요?
선임: 저도 아까 일은 짚고 넘어가고 싶습니다.
나: 네, 차분히 듣겠습니다.
선임: 역할을 바꾸려면 저에게 먼저 이야기해주셨어야죠",다음에는 저도 똑같이 대응하겠습니다. 누가 더 불편해지는지 한번 해보죠.,부적절,N5,위협·보복·관계 단절 등을 언급해 갈등을 불필요하게 확대함,pragmatic_issue
409,부모님,정보 공유,4,"나: 지난번에 물어본 건 답 왔어?
엄마: 일단 지금 기준으로 결정된 게 있어.
나: 다른 변경 사항은 없어?
엄마: 계약서는 금요일 오후에 작성하기로 했어",확인했어. 필요한 준비는 그 일정에 맞출게. 현재 기준에서는 더 정할 건 없어.,적절,P5,과도한 감정 표현 없이도 현재 대화의 목적과 맥락에 맞게 반응함,ok
410,부모님,고민·감정 상담,1,아빠: 오늘은 해야 할 일 하나만 끝내고 일찍 쉬기로 했어,알겠어. 당분간은 현재 계획을 유지해보자.,적절,P5,과도한 감정 표현 없이도 현재 대화의 목적과 맥락에 맞게 반응함,ok
411,친구,고민·감정 상담,2,"나: 뭔가 신경 쓰이는 일이 있는 것 같아.
친구: 부모님과 진로 얘기만 하면 자꾸 다투게 돼서 답답해",별일도 아닌데 너무 의미를 두는 것 같아. 결국 마음먹기 나름이야.,부적절,N2,상대의 감정이나 어려움을 축소·무시하거나 유난으로 취급함,pragmatic_issue
412,형제·자매,고민·감정 상담,4,"나: 마음에 걸리는 일 있으면 편하게 말해.
형: 사실 요즘 마음에 걸리는 게 있어.
나: 혼자 계속 생각하고 있었던 거야?
형: 가족 일로 신경 쓸 게 많아져서 집중이 잘 안 돼",그 얘기를 꺼내기까지 생각이 많았겠다. 말로 꺼내니 마음이 조금은 정리됐으면 좋겠다. 그중에서 네가 가장 기억에 남는 건 뭐야?,적절,P4,상대의 말에 자연스럽게 호응하고 관련된 질문으로 대화를 이어감,ok
413,직장 관계(상사·동료),고민·감정 상담,4,"나: 선택지 때문에 망설이는 부분이 있나요?
팀장: 선택지가 여러 개라 기준을 잡지 못했어요.
나: 원하시는 결과가 무엇인가요?
팀장: 번아웃인지 단순히 피곤한 건지 구분하려면 뭘 살펴봐야 할까요?","우선 수면과 식사, 집중력 저하가 얼마나 오래됐는지 먼저 기록해보고, 쉬어도 회복되지 않으면 상담이나 진료도 고려해봐. 혼자 계속 생각하기보다 작은 행동 하나를 정해보는 것도 좋아.",적절,P3,상황에 맞는 구체적인 정보나 실행 가능한 조언을 제공함,ok
414,선후배,질문·요청,4,"나: 서로 불편했던 부분은 한번 정리했으면 해요.
선배: 서로 오해한 부분이 있는 것 같아요.
나: 같은 일이 없으려면 무엇을 바꾸면 될까요?
선배: 역할을 바꾸기 전에 당사자와 먼저 상의해줄 수 있나요?",계속 말이 통하지 않으면 더 이상 연락하지 맙시다. 오늘 안에 결론이 나지 않으면 끝냅시다.,부적절,N5,위협·보복·관계 단절 등을 언급해 갈등을 불필요하게 확대함,pragmatic_issue
416,친구,고민·감정 상담,3,"친구: 혼자 정리해보려 했는데 잘 안 되더라.
나: 언제부터 그렇게 느꼈어?
친구: 부모님과 진로 얘기만 하면 자꾸 다투게 돼서 답답해",그 정도는 네가 알아서 넘겨야지. 괜히 주변 사람까지 신경 쓰이게 하지 마.,부적절,N2,상대의 감정이나 어려움을 축소·무시하거나 유난으로 취급함,pragmatic_issue
417,직장 관계(상사·동료),고민·감정 상담,2,"나: 아까부터 표정이 좋지 않던데 무슨 일 있으세요?
선임: 다음 달까지는 현재 계획을 유지해보고 다시 판단하려고 해요","그래요. 당장은 그 계획대로 해보고, 필요하면 다시 조정하죠. 지금은 추가로 바꿀 건 없어 보여.",적절,P5,과도한 감정 표현 없이도 현재 대화의 목적과 맥락에 맞게 반응함,ok
418,부모님,일상 대화,1,아빠: 처음으로 자전거 타고 출근했는데 생각보다 할 만했어,생각보다 기억에 남는 일이었나 보네. 직접 겪은 얘기라 더 생생하게 들린다. 직접 해보니 힘든 점보다 좋았던 점이 더 컸어?,적절,P4,상대의 말에 자연스럽게 호응하고 관련된 질문으로 대화를 이어감,ok
419,선후배,업무 대화,3,"후배: 진행하면서 새로 확인한 내용이 있어요.
나: 문제는 해결됐나요?
후배: 지난번에 수정한 화면이 사용자 반응이 좋대요",좋은 변화가 있었네요. 관련된 팀 반응도 확인해보면 좋겠습니다. 준비하거나 수정한 것 중에서 가장 도움이 된 부분은 뭐였어?,적절,P4,상대의 말에 자연스럽게 호응하고 관련된 질문으로 대화를 이어감,ok
420,친구,고민·감정 상담,2,"나: 요즘 사람들을 만나고 와도 표정이 안 좋더라.
친구: 같이 있어도 내 얘기는 아무도 안 듣는 것 같아서 외로워.",사람들 사이에서도 혼자라고 느꼈구나. 그동안 누구한테도 말 못 해서 더 답답했겠다.,적절,P1,상대가 드러낸 감정과 상황을 인정하고 위로하거나 격려함,ok
421,부모님,정보 공유,3,"엄마: 현재 상황만 간단히 알려줄게.
나: 그래, 현재 상황이 어떻게 돼?
엄마: 병원 예약은 다음 주 화요일 오전 열 시로 잡혔어",알려줘서 고마워. 일정이 가까워지면 다시 한 번 확인하자. 시간이나 준비해야 할 내용도 같이 바뀐 건 없어?,적절,P4,상대의 말에 자연스럽게 호응하고 관련된 질문으로 대화를 이어감,ok
422,선후배,업무 대화,2,"나: 고객사에서는 답변이 왔나요?
선배: 프로젝트 발표 순서는 우리 팀이 세 번째예요",진행 상황이 정리됐네요. 다음 작업에 참고할 만한 부분이 있겠네요. 시간이나 준비해야 할 내용도 같이 바뀐 건 없나요?,적절,P4,상대의 말에 자연스럽게 호응하고 관련된 질문으로 대화를 이어감,ok
424,선후배,질문·요청,3,"선배: 가능한지 먼저 확인하고 싶은 게 있습니다.
나: 제가 할 수 있는 일인지 말씀해주세요.
선배: 이번 모임 예약을 대신해주실 수 있나요?",일단 넘어가고 다른 얘기하죠. 제가 아니어도 해결할 수 있을 거예요.,부적절,N3,상대의 질문이나 요청에 답하지 않고 회피하거나 떠넘김,pragmatic_issue
425,연인,일상 대화,2,"나: 이번 주도 약속이 많아?
연인: 응, 계속 일정이 겹쳐서 주말에도 제대로 못 쉬었어.",다들 바쁘게 사는데 너만 힘든 것처럼 말하지 마.,부적절,N2,상대의 감정이나 어려움을 축소·무시하거나 유난으로 취급함,pragmatic_issue
426,친구,정보 공유,4,"나: 확인해야 할 내용은 다 정리됐어?
친구: 확인된 내용이 있어서 말해두려고.
나: 그럼 다음에는 뭘 하면 돼?
친구: 병원 예약은 다음 주 화요일 오전 열 시로 잡혔어",알겠어. 일정이 그렇게 정해졌구나. 시간 외에 달라진 점도 있는지 확인해보자. 시간이나 준비해야 할 내용도 같이 바뀐 건 없어?,적절,P4,상대의 말에 자연스럽게 호응하고 관련된 질문으로 대화를 이어감,ok
427,직장 관계(상사·동료),업무 대화,1,동료: 오늘 안에 수정된 화면을 QA 환경에 올려주실 수 있나요?,"몰라, 네가 알아서 해요. 제가 아니어도 해결할 수 있을 거예요.",부적절,N3,상대의 질문이나 요청에 답하지 않고 회피하거나 떠넘김,pragmatic_issue
429,부모님,질문·요청,3,"엄마: 이번 일은 솔직히 서운한 부분이 있어.
나: 응, 차분히 들어볼게.
엄마: 문제가 생기면 공개적으로 지적하기 전에 먼저 이야기해줄래?",기본적인 것도 왜 매번 설명해줘야 해? 정말 믿고 맡길 수가 없다.,부적절,N4,상대를 직접 비난·조롱하거나 인격을 공격하는 표현을 사용함,pragmatic_issue
430,직장 관계(상사·동료),업무 대화,3,"동료: 테스트 결과가 나와서 말씀드리려고 합니다.
나: 결과가 어떻게 나왔나요?
동료: 고객사에서 수정된 기능을 확인했다고 연락 왔습니다",확인된 내용이 있군요. 정리된 내용을 다음 회의에도 공유하면 좋겠네요. 사용자들이 특히 좋다고 한 부분이 어디였어?,적절,P4,상대의 말에 자연스럽게 호응하고 관련된 질문으로 대화를 이어감,ok
431,선후배,업무 대화,2,"나: 제가 도울 수 있는 일이면 말씀해주세요.
후배: 신입에게 전달할 인수인계 문서를 같이 확인해주실래요?",지금은 좀 바빠. 나중에 보자. 오늘은 그 얘기까지 신경 쓸 여유가 없어요.,부적절,N3,상대의 질문이나 요청에 답하지 않고 회피하거나 떠넘김,pragmatic_issue
432,부모님,고민·감정 상담,2,"나: 요즘 잠도 잘 못 자는 것 같던데 괜찮아?
아빠: 요즘 친구들을 만나도 혼자인 느낌이 들어",네가 유난스러운 게 아니라 충분히 힘들 만한 일이야. 지금까지 버틴 것만으로도 충분히 잘했어.,적절,P1,상대가 드러낸 감정과 상황을 인정하고 위로하거나 격려함,ok
433,형제·자매,갈등 상황,1,동생: 역할 분담은 다음 회의에서 다시 정하는 것으로 하겠습니다,그럼 다음부터는 지금 합의한 방식으로 진행하자. 일정이 가까워지면 한 번 더 확인하자.,적절,P5,과도한 감정 표현 없이도 현재 대화의 목적과 맥락에 맞게 반응함,ok
434,부모님,갈등 상황,1,아빠: 내가 맡은 일을 설명도 없이 다른 사람에게 넘긴 건 당황스러웠어.,네가 제대로 했으면 이런 문제도 없었잖아. 결국 문제는 항상 너야.,부적절,N4,상대를 직접 비난·조롱하거나 인격을 공격하는 표현을 사용함,pragmatic_issue
435,친구,갈등 상황,1,친구: 네가 약속을 또 당일에 바꿔서 솔직히 많이 서운했어,요즘 정말 마음이 무거웠겠다. 지금 느끼는 감정을 그대로 인정해도 괜찮아.,적절,P1,상대가 드러낸 감정과 상황을 인정하고 위로하거나 격려함,ok
436,선후배,업무 대화,2,"나: 아까 연락 주신 이유가 부탁할 내용 때문인가요?
선배: 오늘 안에 수정된 화면을 QA 환경에 올려주실 수 있나요?",알겠습니다. 변경된 내용으로 반영한 뒤 다시 확인하겠습니다. 오늘 일정 안에서 처리해두겠습니다.,적절,P2,상대의 질문이나 요청에 직접 답하고 필요한 행동을 분명히 약속함,ok
437,형제·자매,고민·감정 상담,4,"나: 혼자 고민하는 게 있는 것 같아서 물어봤어.
동생: 오늘은 그냥 누군가한테 말하고 싶었어.
나: 그 일 때문에 많이 힘들었어?
동생: 오랫동안 준비한 일이 끝났는데 오히려 허무한 기분이 들어","응, 조금 더 들어보고 싶어. 네가 어떤 순간에 가장 힘든지 알고 싶어. 그중에서 네가 가장 기억에 남는 건 뭐야?",적절,P4,상대의 말에 자연스럽게 호응하고 관련된 질문으로 대화를 이어감,ok
438,선후배,업무 대화,4,"나: 오늘은 평소보다 말씀이 없으시네요. 무슨 일 있으셨어요?
선배: 별일 아닌 것 같아도 마음이 계속 무겁습니다.
나: 무슨 일인지 천천히 말씀해주세요.
선배: 요즘 업무가 한꺼번에 몰려서 우선순위를 못 잡겠어요",너무 크게 받아들이는 것 아니야? 다들 참고 하는 건데 너만 힘든 건 아니야.,부적절,N2,상대의 감정이나 어려움을 축소·무시하거나 유난으로 취급함,pragmatic_issue
439,선후배,질문·요청,1,선배: 내일 아침 일곱 시에 한 번 깨워주실 수 있나요?,그건 잘 모르겠고 일단 네가 해봐. 오늘은 그 얘기까지 신경 쓸 여유가 없어요.,부적절,N3,상대의 질문이나 요청에 답하지 않고 회피하거나 떠넘김,pragmatic_issue
440,부모님,일상 대화,2,"나: 그 뒤에 어떻게 됐는지 궁금했어.
아빠: 추천받은 영화를 봤는데 마지막 장면이 계속 기억에 남아","오, 그랬구나. 다음에도 해보고 싶은 경험이었는지 궁금해. 마지막 장면에서 어떤 부분이 가장 기억에 남았어?",적절,P4,상대의 말에 자연스럽게 호응하고 관련된 질문으로 대화를 이어감,ok
441,부모님,질문·요청,1,엄마: React에서 useEffect가 계속 반복 실행되는데 어디부터 확인해야 할까?,"내 생각에는 의존성 배열에 매 렌더링마다 새로 만들어지는 함수나 객체가 들어가는지 먼저 확인하고, 필요하면 useCallback이나 useMemo로 참조를 고정해봐. 현재 상태를 남겨두면 변경 전후를 비교하기 쉬워.",적절,P3,상황에 맞는 구체적인 정보나 실행 가능한 조언을 제공함,ok
443,연인,일상 대화,3,"연인: 저녁 메뉴 고르기가 어렵네.
나: 먹고 싶은 종류라도 있어?
연인: 딱히 없어서 그런데 같이 좀 골라줘.",그것까지 내가 정해줘야 해? 알아서 아무거나 먹어.,부적절,N3,상대의 질문이나 요청에 답하지 않고 회피하거나 떠넘김,pragmatic_issue
444,연인,고민·감정 상담,4,"나: 마음에 걸리는 일 있으면 편하게 말해.
연인: 사실 요즘 마음에 걸리는 게 있어.
나: 혼자 계속 생각하고 있었던 거야?
연인: 일을 쉬고 있는데 앞으로 뭘 해야 할지 막막해",그걸 계속 신경 쓸 필요가 있어? 네가 스스로 문제를 크게 만드는 것 같아.,부적절,N2,상대의 감정이나 어려움을 축소·무시하거나 유난으로 취급함,pragmatic_issue
445,연인,일상 대화,3,"연인: 같은 일이 반복되지 않게 얘기했으면 해.
나: 그때 어떤 기분이었어?
연인: 공용 공간을 쓰고 정리하지 않는 건 곤란해",생각을 조금만 했어도 이런 일은 안 생겼어. 이제는 핑계도 지겹다.,부적절,N4,상대를 직접 비난·조롱하거나 인격을 공격하는 표현을 사용함,pragmatic_issue
446,형제·자매,정보 공유,2,"나: 마음에 걸리는 일 있으면 편하게 말해.
언니: 발표 순서가 첫 번째로 정해져서 생각보다 부담이 커",남들도 다 비슷하게 힘들어. 이제 그만 털고 일어나.,부적절,N2,상대의 감정이나 어려움을 축소·무시하거나 유난으로 취급함,pragmatic_issue
447,친구,질문·요청,4,"나: 혼자 하다가 막힌 게 있어?
친구: 부탁할 게 하나 있어.
나: 어느 부분을 확인하면 돼?
친구: 내일 면접 전에 자기소개 한번 들어봐 줄래?","응, 보내줘. 표현이 어색한 부분까지 같이 확인해줄게. 끝나면 바로 알려줄게.",적절,P2,상대의 질문이나 요청에 직접 답하고 필요한 행동을 분명히 약속함,ok
448,형제·자매,일상 대화,1,형: 예전에는 퇴근하면 바로 기타를 쳤는데 요즘은 손이 잘 안 가.,좋아하던 취미도 귀찮을 만큼 지쳤나 보다. 한동안 쉬었다가 마음 내킬 때 다시 해.,적절,P1,상대가 드러낸 감정과 상황을 인정하고 위로하거나 격려함,ok
449,형제·자매,질문·요청,4,"나: 뭐 도와줄 일 있어?
동생: 혼자 해보다가 잘 안 되는 게 있어.
나: 언제까지 필요한데?
동생: 집주인에게 보낼 문자가 어색하지 않은지 읽어봐 줄래?","글쎄, 나는 지금 다른 일 보고 있어. 오늘은 그 얘기까지 신경 쓸 여유가 없어.",부적절,N3,상대의 질문이나 요청에 답하지 않고 회피하거나 떠넘김,pragmatic_issue
450,친구,갈등 상황,2,"나: 아까 일 때문에 표정이 안 좋던데 무슨 일 있어?
친구: 다 같이 정한다더니 내 의견은 묻지도 않아서 기분이 상했어.",네 의견이 빠진 채 결정돼서 속상했겠다. 다음에는 먼저 말할 기회를 달라고 이야기해보자.,적절,P1,상대가 드러낸 감정과 상황을 인정하고 위로하거나 격려함,ok
451,직장 관계(상사·동료),고민·감정 상담,3,"동료: 요즘 부모님과 진로 이야기를 할 때마다 다투게 돼요.
나: 서로 원하는 방향이 많이 다른가요?
동료: 부모님은 안정적인 직장을 원하시는데 저는 다른 일을 해보고 싶어서요.",그 정도 갈등은 다 겪어요. 너무 크게 받아들이지 마세요.,부적절,N2,상대의 감정이나 어려움을 축소·무시하거나 유난으로 취급함,pragmatic_issue
452,부모님,고민·감정 상담,3,"아빠: 사실 요즘 마음에 걸리는 게 있어.
나: 혼자 계속 생각하고 있었던 거야?
아빠: 부모님과 진로 얘기만 하면 자꾸 다투게 돼서 답답해",그냥 잊으면 되는 일을 왜 계속 생각해? 괜히 주변 사람까지 신경 쓰이게 하지 마.,부적절,N2,상대의 감정이나 어려움을 축소·무시하거나 유난으로 취급함,pragmatic_issue
453,부모님,갈등 상황,3,"엄마: 나도 아까 일은 짚고 넘어가고 싶어.
나: 어떤 부분이 가장 불편했어?
엄마: 약속을 계속 당일에 바꾸는 건 나를 전혀 고려하지 않는 것 같아",정말 책임감이 없는 것 같아. 조금이라도 미안한 줄은 알아?,부적절,N4,상대를 직접 비난·조롱하거나 인격을 공격하는 표현을 사용함,pragmatic_issue
454,친구,고민·감정 상담,3,"친구: 요즘 좋아하던 일도 시작하기 전부터 지쳐.
나: 일이 너무 많이 쌓였어?
친구: 해야 할 생각만 해도 숨이 막혀서 손을 못 대겠어.",시작하기도 전에 막막할 만큼 지쳤구나. 오늘은 꼭 필요한 일 하나만 하고 나머지는 미뤄도 괜찮아.,적절,P1,상대가 드러낸 감정과 상황을 인정하고 위로하거나 격려함,ok
455,부모님,고민·감정 상담,3,"엄마: 나도 왜 이러는지 모르겠는데 요즘 좀 지쳐.
나: 응, 내가 듣고 있을게.
엄마: 일을 쉬고 있는데 앞으로 뭘 해야 할지 막막해",그 상황이면 누구라도 힘들었을 거야. 당장 괜찮아지려고 애쓰지 않아도 돼.,적절,P1,상대가 드러낸 감정과 상황을 인정하고 위로하거나 격려함,ok
456,연인,갈등 상황,2,"나: 서로 불편했던 부분은 한번 정리했으면 해.
연인: 연락 없이 늦어져서 걱정도 됐고 서운하기도 했어",기대했던 만큼 더 속상했겠다. 지금까지 버틴 것만으로도 충분히 잘했어.,적절,P1,상대가 드러낸 감정과 상황을 인정하고 위로하거나 격려함,ok
457,부모님,일상 대화,2,"나: 아까 얘기하려던 거 뭐였어?
엄마: 어제 혼자 전시회에 갔는데 천천히 볼 수 있어서 오히려 좋았어",그 얘기 들으니 궁금해진다. 그 뒤에 이어진 일도 있었는지 궁금하다. 작품 중에서 제일 오래 보고 온 건 뭐였어?,적절,P4,상대의 말에 자연스럽게 호응하고 관련된 질문으로 대화를 이어감,ok
458,선후배,업무 대화,1,선배: 역할을 바꾸려면 저에게 먼저 이야기해주셨어야죠,이대로면 책임 소재를 공식적으로 따지겠습니다. 더 이야기할 필요가 없으니 당분간 연락하지 마세요.,부적절,N5,위협·보복·관계 단절 등을 언급해 갈등을 불필요하게 확대함,pragmatic_issue
459,형제·자매,질문·요청,1,형: 회의 시간이 네 시로 바뀐 거 확인했어?,"응, 네 시로 변경된 것 확인했어. 추가로 확인되는 게 있으면 이어서 알려줘.",적절,P5,과도한 감정 표현 없이도 현재 대화의 목적과 맥락에 맞게 반응함,ok
460,형제·자매,갈등 상황,2,"나: 서로 다르게 이해한 부분이 있는 것 같아.
형: 문제가 있으면 공개적으로 말하기 전에 나한테 먼저 알려주세요",알겠어. 다음부터는 먼저 이야기하고 네 의견을 확인할게. 처리한 뒤 한 번 더 확인할게.,적절,P2,상대의 질문이나 요청에 직접 답하고 필요한 행동을 분명히 약속함,ok
461,형제·자매,일상 대화,4,"나: 요즘 퇴근하고도 기타를 안 치네.
동생: 응, 예전에는 재미있었는데 요즘은 손이 안 가.
나: 일 때문에 많이 지친 거야?
동생: 그런가 봐. 집에 오면 아무것도 하기 싫어.",좋아하던 것도 하기 싫을 만큼 지쳤구나. 이번 주는 쉬고 주말에 같이 바람 쐬러 가자.,적절,P1,상대가 드러낸 감정과 상황을 인정하고 위로하거나 격려함,ok
462,친구,질문·요청,1,친구: 친구에게 먼저 연락하고 싶은데 또 거절당할까 봐 겁나. 내가 너무 걱정하는 걸까?,조금 덜 예민하게 받아들여. 그 얘기를 언제까지 할 건데?,부적절,N2,상대의 감정이나 어려움을 축소·무시하거나 유난으로 취급함,pragmatic_issue
463,선후배,업무 대화,2,"나: 제가 도울 수 있는 일이면 말씀해주세요.
후배: 오류가 발생한 계정 목록을 정리해서 공유해주실 수 있나요?",그건 다른 사람한테 물어보는 게 빠를 것 같아요. 오늘은 그 얘기까지 신경 쓸 여유가 없어요.,부적절,N3,상대의 질문이나 요청에 답하지 않고 회피하거나 떠넘김,pragmatic_issue
464,직장 관계(상사·동료),업무 대화,4,"나: 고객사 전달 내용 때문에 이야기하신다고 했죠?
팀장: 네, 확정되지 않은 내용을 먼저 전달하시면 곤란합니다.
나: 어느 부분이 확정 전이었는지 확인하겠습니다.
팀장: 일정과 비용 모두 아직 협의 중이었습니다.",또 다른 사람 탓부터 하시는 건가요? 이런 기본적인 판단도 못 하시면 곤란합니다.,부적절,N4,상대를 직접 비난·조롱하거나 인격을 공격하는 표현을 사용함,pragmatic_issue
465,친구,고민·감정 상담,1,친구: 요즘 작은 실수에도 스스로를 너무 몰아붙이는 것 같아,그 얘기를 꺼내기까지 생각이 많았겠다. 지금은 해결보다 이야기를 듣는 게 먼저인 것 같아. 요즘 특히 더 힘들게 느껴지는 순간이 언제야?,적절,P4,상대의 말에 자연스럽게 호응하고 관련된 질문으로 대화를 이어감,ok
466,직장 관계(상사·동료),업무 대화,3,"동료: 혼자 해보다가 잘 안 되는 부분이 있어요.
나: 어느 부분을 확인하면 될까요?
동료: 오늘 안에 수정된 화면을 QA 환경에 올려주실 수 있나요?",알겠습니다. 변경된 내용으로 반영한 뒤 다시 확인하겠습니다. 관련된 내용까지 같이 확인해보겠습니다.,적절,P2,상대의 질문이나 요청에 직접 답하고 필요한 행동을 분명히 약속함,ok
467,친구,질문·요청,4,"나: 아까 부탁할 게 있다고 했지?
친구: 아까부터 물어보려고 했던 게 있어.
나: 응, 어떤 걸 도와주면 돼?
친구: 여행 숙소 두 군데 중에 어디가 나은지 같이 봐줄래?",나중에 생각나면 답할게. 오늘은 그 얘기까지 신경 쓸 여유가 없어.,부적절,N3,상대의 질문이나 요청에 답하지 않고 회피하거나 떠넘김,pragmatic_issue
468,친구,일상 대화,4,"나: 요즘 주말에도 계속 바쁘던데 괜찮아?
친구: 약속이 계속 겹쳐서 제대로 쉬지를 못했어.
나: 미룰 수 있는 일정은 없어?
친구: 다 오래전에 잡아둔 거라 취소하기도 애매해.",계속 사람을 만나느라 혼자 쉴 시간이 없었구나. 다음 주말은 비워두고 푹 쉬어.,적절,P1,상대가 드러낸 감정과 상황을 인정하고 위로하거나 격려함,ok
469,부모님,질문·요청,2,"나: 감정 더 상하기 전에 차분히 얘기하자.
엄마: 내 얘기를 다른 사람에게 전하기 전에는 나한테 물어봐 줄 수 있어?",그 정도도 혼자 못 하면 뭘 할 수 있는데? 다른 사람들까지 피해 보게 하지 마.,부적절,N4,상대를 직접 비난·조롱하거나 인격을 공격하는 표현을 사용함,pragmatic_issue
470,직장 관계(상사·동료),고민·감정 상담,2,"나: 요즘 많이 지쳐 보이는데 괜찮으세요?
팀장: 이번 평가 결과가 기대보다 안 좋아서 자신감이 떨어졌어요",그런 기분이 들면 혼자 견디기 힘들지. 그 상황이 왜 마음에 남는지 이해돼. 요즘 특히 더 힘들게 느껴지는 순간이 언제야?,적절,P4,상대의 말에 자연스럽게 호응하고 관련된 질문으로 대화를 이어감,ok
471,형제·자매,업무 대화,2,"나: 이번 일은 기준을 분명히 정했으면 해.
오빠: 보고서 오류를 내 책임으로만 정리한 건 납득하기 어려워.",네가 먼저 사과하지 않으면 나도 절대 물러서지 않을 거야. 이번에는 반드시 대가를 치르게 할 거야.,부적절,N5,위협·보복·관계 단절 등을 언급해 갈등을 불필요하게 확대함,pragmatic_issue
472,선후배,고민·감정 상담,1,선배: 내 의견을 물어보지 않고 결정한 게 아직도 불편해요,같은 실수를 계속 반복하시네요. 이야기할 때마다 답답합니다.,부적절,N4,상대를 직접 비난·조롱하거나 인격을 공격하는 표현을 사용함,pragmatic_issue
473,부모님,갈등 상황,2,"나: 계속 마음에 남는 일이 있는 것 같아.
엄마: 연락 없이 늦어져서 걱정도 됐고 서운하기도 했어",계속 신경 쓰였을 텐데 잘 말해줬어. 조금 가라앉으면 다음 일을 같이 생각해보자.,적절,P1,상대가 드러낸 감정과 상황을 인정하고 위로하거나 격려함,ok
474,형제·자매,질문·요청,4,"나: 확인해줬으면 하는 게 있어?
언니: 내가 놓친 게 있는지 봐줬으면 해.
나: 뭔데? 말해봐.
언니: 오는 길에 약국에 들러서 소화제 하나만 사다 줄래?","응, 오는 길에 들러서 사갈게. 완료되면 결과를 같이 확인하자.",적절,P2,상대의 질문이나 요청에 직접 답하고 필요한 행동을 분명히 약속함,ok
475,친구,정보 공유,2,"나: 일정은 어떻게 정해졌어?
친구: 배포 일정은 목요일 밤 열 시로 확정됐습니다",확인했어. 필요한 준비는 그 일정에 맞출게. 필요하면 그때 다시 조정하자.,적절,P5,과도한 감정 표현 없이도 현재 대화의 목적과 맥락에 맞게 반응함,ok
476,형제·자매,일상 대화,4,"나: 요즘 계속 피곤해 보이는데 일이 많아?
형: 일도 많은데 주말 약속까지 계속 겹쳤어.
나: 한 주라도 약속을 미루면 안 돼?
형: 이번 달까지만 지나면 좀 나아질 것 같아.",이번 달 내내 쉴 틈이 없었구나. 남은 약속 끝나면 하루는 아무것도 하지 말고 쉬자.,적절,P1,상대가 드러낸 감정과 상황을 인정하고 위로하거나 격려함,ok
478,연인,일상 대화,2,"나: 이번 달에 약속이 너무 많은 것 같던데 괜찮아?
연인: 응, 주말마다 일정이 있어서 제대로 쉰 적이 없어.",쉴 틈이 없어서 많이 지쳤겠다. 다음 주말은 아무 일정 잡지 말고 같이 쉬자.,적절,P1,상대가 드러낸 감정과 상황을 인정하고 위로하거나 격려함,ok
479,친구,갈등 상황,1,친구: 고객사에 확정되지 않은 내용을 먼저 전달하시면 곤란합니다,다시 이런 일이 생기면 바로 문제를 크게 만들 거야. 다른 사람들까지 다 끌어들여서 확인할 거야.,부적절,N5,위협·보복·관계 단절 등을 언급해 갈등을 불필요하게 확대함,pragmatic_issue
480,선후배,갈등 상황,2,"나: 서로 불편했던 부분은 한번 정리했으면 해요.
선배: 확정되지 않은 내용은 외부에 전달하지 말아주실 수 있을까요?",지금 꼭 정해야 해? 오늘은 그 얘기까지 신경 쓸 여유가 없어요.,부적절,N3,상대의 질문이나 요청에 답하지 않고 회피하거나 떠넘김,pragmatic_issue
481,친구,고민·감정 상담,4,"나: 서로 불편했던 부분은 한번 정리했으면 해.
친구: 그냥 넘어가면 계속 마음에 남을 것 같아.
나: 응, 네 입장부터 말해봐.
친구: 내 얘기를 다른 사람에게 전한 걸 알고 나서 많이 서운했어",네 태도부터 고쳐야 할 것 같은데. 자꾸 사람을 실망시키네.,부적절,N4,상대를 직접 비난·조롱하거나 인격을 공격하는 표현을 사용함,pragmatic_issue
482,직장 관계(상사·동료),업무 대화,2,"나: 아까 고민되는 부분이 있다고 하셨죠?
팀장: 배포 전에 꼭 확인해야 할 항목을 어떤 순서로 보면 좋을까요?","이 경우에는 지금 확인할 수 있는 사실과 원하는 결과를 먼저 나눈 뒤, 바로 실행할 수 있는 한 가지부터 시작해봐. 작은 범위에서 먼저 재현해본 뒤 적용 범위를 넓혀봐.",적절,P3,상황에 맞는 구체적인 정보나 실행 가능한 조언을 제공함,ok
483,형제·자매,질문·요청,2,"나: 아까 일은 그냥 넘기지 말고 얘기하자.
오빠: 확정되지 않은 내용은 외부에 전달하지 말아줄 수 있어?","좋아, 그럼 앞으로 서로 없는 사람처럼 지내자. 이번 일로 관계가 깨져도 상관없어.",부적절,N5,위협·보복·관계 단절 등을 언급해 갈등을 불필요하게 확대함,pragmatic_issue
484,직장 관계(상사·동료),업무 대화,1,동료: 오류가 발생한 계정 목록을 정리해서 공유해주실 수 있나요?,그 얘기는 다음에 하죠. 오늘은 그 얘기까지 신경 쓸 여유가 없어요.,부적절,N3,상대의 질문이나 요청에 답하지 않고 회피하거나 떠넘김,pragmatic_issue
485,친구,갈등 상황,1,친구: 연락 없이 늦어져서 걱정도 됐고 서운하기도 했어,생각이 많아질 수밖에 없는 상황이었네. 한 번의 결과로 네 노력이 사라지는 건 아니야.,적절,P1,상대가 드러낸 감정과 상황을 인정하고 위로하거나 격려함,ok
486,부모님,질문·요청,4,"나: 아까부터 표정이 안 좋아 보이던데 무슨 일 있어?
아빠: 요즘 같은 생각이 자꾸 반복돼.
나: 그 일 때문에 많이 힘들었어?
아빠: 잘 쉬고 있는데도 피곤한데 혹시 내가 무리하고 있는 것처럼 보여?",그걸 힘들다고 하면 앞으로 더 힘든 일은 어떻게 하려고? 계속 생각한다고 달라지는 것도 없잖아.,부적절,N2,상대의 감정이나 어려움을 축소·무시하거나 유난으로 취급함,pragmatic_issue
487,부모님,정보 공유,3,"엄마: 일정이 정해져서 미리 알려주려고 했어.
나: 응, 확인된 내용 말해줘.
엄마: 공사 때문에 주차장은 토요일 오전에 이용할 수 없대",좋아. 현재 확정된 내용으로 정리해둘게. 관련된 사람에게도 같은 내용으로 전달할게.,적절,P5,과도한 감정 표현 없이도 현재 대화의 목적과 맥락에 맞게 반응함,ok
488,연인,갈등 상황,4,"나: 아까부터 기분이 안 좋아 보이는데 무슨 일 있어?
연인: 계속 마음에 걸리는 일이 있어.
나: 나 때문에 그런 거야?
연인: 내 이야기를 친구들 앞에서 농담처럼 말한 게 싫었어.","내가 가볍게 생각했어. 사람들 앞에서 불편하게 해서 미안하고, 다음부터는 먼저 물어볼게.",적절,P1,상대가 드러낸 감정과 상황을 인정하고 위로하거나 격려함,ok
489,친구,일상 대화,3,"친구: 그러고 보니 얘기해줄 게 있어.
나: 그래서 어떻게 됐어?
친구: 어제 혼자 전시회에 갔는데 천천히 볼 수 있어서 오히려 좋았어","응, 그 뒤 이야기도 궁금하다. 처음 시작할 때와 느낌이 달라졌을 것 같아. 작품 중에서 제일 오래 보고 온 건 뭐였어?",적절,P4,상대의 말에 자연스럽게 호응하고 관련된 질문으로 대화를 이어감,ok
490,연인,고민·감정 상담,1,연인: 잠을 제대로 못 자니까 별일 아닌데도 자꾸 예민해져,별일도 아닌데 너무 의미를 두는 것 같아. 그냥 바쁘게 지내면 금방 잊어.,부적절,N2,상대의 감정이나 어려움을 축소·무시하거나 유난으로 취급함,pragmatic_issue
491,직장 관계(상사·동료),업무 대화,3,"팀장: 제가 놓친 부분이 있는지 봐주셨으면 합니다.
나: 제가 할 수 있는 일인지 말씀해주세요.
팀장: 배포 전에 로그인 기능을 한 번 더 테스트해주시겠어요?",일단 넘어가고 다른 얘기하죠. 오늘은 그 얘기까지 신경 쓸 여유가 없어요.,부적절,N3,상대의 질문이나 요청에 답하지 않고 회피하거나 떠넘김,pragmatic_issue
492,선후배,질문·요청,2,"나: 아까 문의하시려던 내용은 해결하셨나요?
선배: 중고 거래 전에 판매자에게 어떤 정보를 확인해야 해?","가장 먼저 판매자 거래 이력과 실물 사진을 먼저 확인하고, 가능하면 안전결제나 사람이 많은 곳에서의 대면 거래를 선택해요. 후기나 기록을 볼 때는 네 상황과 비슷한 사례를 중심으로 봐.",적절,P3,상황에 맞는 구체적인 정보나 실행 가능한 조언을 제공함,ok
493,친구,일상 대화,1,친구: 요즘 집에 혼자 있으면 괜히 기분이 가라앉아.,그 정도는 네가 알아서 넘겨야지. 매번 기분 맞춰달라고 하지 마.,부적절,N2,상대의 감정이나 어려움을 축소·무시하거나 유난으로 취급함,pragmatic_issue
494,친구,질문·요청,4,"나: 필요한 거 있으면 말해.
친구: 잠깐 확인해줬으면 하는 게 있어.
나: 응, 구체적으로 얘기해봐.
친구: 여행 숙소 두 군데 중에 어디가 나은지 같이 봐줄래?","응, 보내줘. 표현이 어색한 부분까지 같이 확인해줄게. 혹시 문제가 생기면 먼저 말할게.",적절,P2,상대의 질문이나 요청에 직접 답하고 필요한 행동을 분명히 약속함,ok
496,부모님,갈등 상황,3,"아빠: 내 입장도 한번 설명하고 싶어.
나: 같은 일이 없으려면 뭘 바꾸면 될까?
아빠: 내 이야기를 다른 사람에게 전하기 전에는 꼭 물어봐 줘",알겠어. 다음부터는 먼저 이야기하고 네 의견을 확인할게. 필요하면 직접 만나서 이야기하자.,적절,P2,상대의 질문이나 요청에 직접 답하고 필요한 행동을 분명히 약속함,ok
497,직장 관계(상사·동료),업무 대화,2,"나: 선택지 때문에 망설이는 부분이 있나요?
팀장: 보고서 수치가 다를 때 원인을 효율적으로 찾는 방법이 있을까요?","복잡하게 보기보다 원본 데이터의 기준일과 필터 조건부터 맞춘 뒤, 계산식과 수기 입력된 셀을 차례로 비교하는 게 빨라. 정상 동작하는 경우와 비교하면 차이를 빨리 찾을 수 있어요.",적절,P3,상황에 맞는 구체적인 정보나 실행 가능한 조언을 제공함,ok
498,선후배,업무 대화,3,"선배: 혼자 해보다가 잘 안 되는 부분이 있어요.
나: 어느 부분을 확인하면 될까요?
선배: 오늘 안에 수정된 화면을 QA 환경에 올려주실 수 있나요?","몰라, 네가 알아서 해요. 오늘은 그 얘기까지 신경 쓸 여유가 없어요.",부적절,N3,상대의 질문이나 요청에 답하지 않고 회피하거나 떠넘김,pragmatic_issue
499,부모님,갈등 상황,4,"나: 아까 전화로 목소리가 안 좋던데 무슨 일 있어?
엄마: 네가 상의도 없이 가족 모임 날짜를 바꾼 게 서운했어.
나: 내가 먼저 물어봤어야 했는데 미안해.
엄마: 다음부터는 날짜를 바꾸기 전에 꼭 이야기해줘.",계속 그런 식으로 따질 거면 나도 앞으로 가족 모임에 안 갈 거야. 알아서들 해.,부적절,N5,위협·보복·관계 단절 등을 언급해 갈등을 불필요하게 확대함,pragmatic_issue
